player_id,bet_frequency,stake_variance,chasing_ratio,session_duration_avg,loss_streak_response,deposit_frequency,time_of_day_skew,withdrawal_ratio,self_excl_attempts,total_bet_amd,total_deposit,total_withdrawal,risk_level,risk_label
P00001,0.506,325.2,1.125,15.654,1.0,0.167,0.0,0.0,0,7900,6000,0.0,recreational,0
P00002,3.85,874.9,1.346,16.666,1.644,0.167,0.0,0.0,0,143400,6000,0.0,recreational,0
P00003,0.35,1040.6,3.111,13.683,1.0,0.167,0.0,0.0,0,16600,25000,0.0,recreational,0
P00004,0.894,781.4,1.291,44.269,1.0,0.333,0.435,0.955,0,31800,22000,21000.0,regular,0
P00005,7.078,995.9,1.501,15.16,1.821,1.167,0.049,0.85,0,324225,147000,125000.0,recreational,0
P00006,39.822,2245.8,1.745,36.16,1.452,2.5,0.126,1.495,0,2732704,374000,559000.0,regular,0
P00007,0.778,1798.7,1.256,14.485,1.0,0.167,0.0,1.882,0,56900,17000,32000.0,recreational,0
P00008,1.322,1341.2,1.181,14.812,1.0,0.333,0.118,0.615,0,103200,109000,67000.0,recreational,0
P00009,7.194,198.5,1.454,15.71,0.889,0.667,0.022,0.762,0,67122,21000,16000.0,recreational,0
P00010,51.489,2765.4,1.548,35.075,1.249,2.5,0.127,2.072,0,4501266,360000,746000.0,regular,0
P00011,174.261,6714.1,2.122,68.664,1.772,1.333,0.247,0.0,0,20082518,161000,0.0,at_risk,1
P00012,4.628,830.6,1.203,15.297,1.0,0.667,0.059,1.06,0,201400,67000,71000.0,recreational,0
P00013,345.839,15084.4,2.346,126.003,2.005,5.333,0.415,0.0,2,45770353,500000,0.0,problem,1
P00014,3.072,844.6,1.325,14.52,1.304,0.333,0.025,0.75,0,139200,28000,21000.0,recreational,0
P00015,3.617,182.3,1.338,18.0,1.5,0.333,0.108,2.0,0,29000,5000,10000.0,recreational,0
P00016,19.911,3330.0,1.51,33.707,1.524,0.5,0.062,3.708,0,2066998,72000,267000.0,regular,0
P00017,0.389,164.7,1.108,18.868,1.0,0.167,0.2,0.0,0,3600,3000,0.0,recreational,0
P00018,54.6,832.0,1.764,66.759,1.793,1.167,0.266,0.0,0,818605,25000,0.0,at_risk,1
P00019,4.394,142.2,1.234,16.07,1.0,0.833,0.0,0.462,0,27454,13000,6000.0,recreational,0
P00020,35.972,1602.5,1.466,33.948,1.3,2.333,0.075,1.281,0,1877403,221000,283000.0,regular,0
P00021,0.894,745.1,1.566,14.275,1.0,0.167,0.0,0.0,0,40500,7000,0.0,recreational,0
P00022,5.406,140.9,1.445,14.7,1.938,0.667,0.122,0.4,0,34210,15000,6000.0,recreational,0
P00023,2.489,1653.7,1.055,13.495,0.562,0.167,0.031,1.12,0,222200,25000,28000.0,recreational,0
P00024,89.794,7318.6,1.984,70.309,1.9,1.167,0.26,0.0,0,10466585,170000,0.0,at_risk,1
P00025,3.889,951.9,1.37,16.121,1.0,0.167,0.08,4.0,0,171500,9000,36000.0,recreational,0
P00026,4.356,113.3,1.237,12.893,1.0,0.167,0.107,1.0,0,24400,9000,9000.0,recreational,0
P00027,3.228,1481.4,1.253,15.633,1.0,0.5,0.036,0.639,0,245400,108000,69000.0,recreational,0
P00028,0.117,115.5,1.0,7.616,1.0,0.167,0.0,0.0,0,800,3000,0.0,recreational,0
P00029,0.506,975.1,0.915,18.046,1.0,0.167,0.0,0.0,0,23900,10000,0.0,recreational,0
P00030,32.783,334.8,1.634,38.494,1.599,2.0,0.185,0.764,0,343272,55000,42000.0,regular,0
P00031,6.028,340.0,1.79,14.869,2.5,0.167,0.006,1.0,0,88300,4000,4000.0,recreational,0
P00032,4.239,279.4,1.385,15.546,1.0,0.5,0.101,0.444,0,59662,18000,8000.0,recreational,0
P00033,5.094,276.9,1.448,16.211,1.691,0.5,0.183,1.0,0,47947,12000,12000.0,recreational,0
P00034,5.561,219.2,1.334,15.177,0.4,0.167,0.035,0.75,0,48676,4000,3000.0,recreational,0
P00035,1.361,1649.5,1.405,13.924,1.0,0.167,0.2,2.0,0,98600,20000,40000.0,recreational,0
P00036,2.683,200.4,1.276,16.475,1.0,0.333,0.116,0.727,0,24600,11000,8000.0,recreational,0
P00037,4.122,933.4,1.411,15.961,1.0,0.167,0.075,0.442,0,174400,43000,19000.0,recreational,0
P00038,32.044,1779.4,1.607,34.585,1.792,2.333,0.146,1.574,0,1654846,244000,384000.0,regular,0
P00039,3.228,839.0,1.255,14.441,0.429,0.167,0.06,0.0,0,132200,11000,0.0,recreational,0
P00040,23.761,3227.8,1.603,33.495,1.477,1.0,0.088,1.645,0,2048467,155000,255000.0,regular,0
P00041,2.489,928.5,0.92,15.397,2.0,0.333,0.016,0.638,0,112400,47000,30000.0,recreational,0
P00042,112.078,3407.2,1.975,66.897,1.83,0.333,0.307,0.0,0,7983735,39000,0.0,at_risk,1
P00043,437.461,31059.6,2.242,127.988,1.941,2.0,0.396,0.0,0,121527648,409000,0.0,problem,1
P00044,2.333,1834.1,1.546,15.076,1.0,0.333,0.083,0.0,0,196200,42000,0.0,recreational,0
P00045,5.717,807.0,1.146,14.118,0.8,0.5,0.088,0.816,0,235194,49000,40000.0,recreational,0
P00046,1.633,1156.1,1.354,14.797,1.0,0.333,0.0,0.0,0,71800,32000,0.0,recreational,0
P00047,35.583,2600.2,1.531,35.425,1.53,1.5,0.126,1.885,0,2937533,262000,494000.0,regular,0
P00048,2.683,882.1,1.444,13.64,1.0,0.333,0.058,0.0,0,115725,10000,0.0,recreational,0
P00049,4.9,716.2,1.219,14.573,0.323,0.833,0.032,0.418,0,161511,91000,38000.0,recreational,0
P00050,0.622,1075.6,1.368,17.239,1.0,0.167,0.0,0.0,0,26700,9000,0.0,recreational,0
P00051,0.272,632.1,0.733,12.822,1.0,0.167,0.0,0.0,0,12900,12000,0.0,recreational,0
P00052,21.817,2557.1,1.551,40.201,1.332,1.5,0.096,0.781,0,1813639,320000,250000.0,regular,0
P00053,0.467,942.4,1.097,12.833,1.0,0.167,0.0,0.0,0,18100,23000,0.0,recreational,0
P00054,23.644,329.7,1.628,35.459,1.526,2.0,0.16,0.93,0,232734,43000,40000.0,regular,0
P00055,26.561,1780.6,1.617,33.542,1.409,2.0,0.184,1.077,0,1401737,195000,210000.0,regular,0
P00056,1.4,909.6,1.212,14.304,1.176,0.5,0.167,0.0,0,64011,26000,0.0,recreational,0
P00057,3.772,832.6,1.335,14.046,1.704,0.667,0.041,0.536,0,164141,69000,37000.0,recreational,0
P00058,97.844,1212.6,1.979,67.474,1.785,0.167,0.247,0.0,0,2390100,6000,0.0,at_risk,1
P00059,37.139,1616.3,1.623,34.619,1.451,2.167,0.17,1.383,0,1892933,300000,415000.0,regular,0
P00060,21.194,1605.1,1.634,34.943,1.777,0.833,0.169,1.196,0,1041116,102000,122000.0,regular,0
P00061,648.122,22026.4,2.273,126.203,2.055,0.333,0.415,0.0,0,95813017,45000,0.0,problem,1
P00062,3.033,1620.6,1.263,13.473,1.0,0.167,0.026,0.0,0,229600,15000,0.0,recreational,0
P00063,25.706,1216.9,1.531,35.113,1.201,0.833,0.16,1.87,0,1043790,100000,187000.0,regular,0
P00064,22.906,200.8,1.493,32.566,1.581,1.833,0.146,0.5,0,162748,36000,18000.0,regular,0
P00065,4.55,242.1,1.233,15.329,1.05,0.167,0.043,0.667,0,42300,6000,4000.0,recreational,0
P00066,4.239,179.3,1.093,16.559,0.6,0.333,0.101,0.4,0,35200,10000,4000.0,recreational,0
P00067,4.744,172.9,1.168,17.519,1.0,1.0,0.041,0.292,0,40874,24000,7000.0,recreational,0
P00068,1.4,712.3,1.039,17.829,0.909,0.167,0.0,0.0,0,60100,12000,0.0,recreational,0
P00069,4.083,119.1,1.409,17.183,2.0,0.667,0.124,0.0,0,22900,11000,0.0,recreational,0
P00070,24.267,201.1,1.44,36.354,1.3,3.333,0.163,0.233,0,171765,60000,14000.0,regular,0
P00071,57.322,1649.3,1.632,35.658,1.868,2.833,0.092,1.492,0,2899599,333000,497000.0,regular,0
P00072,1.361,160.5,1.549,19.919,1.0,0.167,0.086,0.0,0,11600,3000,0.0,recreational,0
P00073,0.933,2342.2,1.164,18.22,1.0,0.333,0.0,0.0,0,54295,30000,0.0,recreational,0
P00074,1.789,187.4,1.139,13.062,1.333,0.167,0.109,0.0,0,15167,2000,0.0,recreational,0
P00075,3.228,309.6,1.275,15.514,2.0,0.333,0.012,0.737,0,49600,19000,14000.0,recreational,0
P00076,0.428,211.9,1.85,16.311,0.75,0.333,0.0,0.429,0,3400,7000,3000.0,recreational,0
P00077,3.889,864.3,1.342,12.842,1.0,0.5,0.07,0.0,0,160500,41000,0.0,recreational,0
P00078,20.378,2813.9,1.594,39.308,1.366,1.167,0.126,1.949,0,1732030,137000,267000.0,regular,0
P00079,3.422,1496.0,1.378,17.101,1.0,0.333,0.057,1.361,0,249300,72000,98000.0,recreational,0
P00080,0.856,620.8,1.378,14.947,1.0,0.167,0.136,0.0,0,36400,16000,0.0,recreational,0
P00081,165.939,808.3,1.792,69.848,1.726,0.667,0.331,0.0,0,2406430,17000,0.0,at_risk,1
P00082,3.111,180.5,1.353,12.624,1.125,0.167,0.05,0.0,0,27300,6000,0.0,recreational,0
P00083,21.972,2719.1,1.687,36.467,0.877,2.333,0.108,0.911,0,1835420,370000,337000.0,regular,0
P00084,2.761,1233.4,1.312,16.341,0.188,0.5,0.042,1.153,0,148043,118000,136000.0,recreational,0
P00085,2.956,1346.0,1.681,14.67,1.0,0.167,0.039,0.56,0,146308,50000,28000.0,recreational,0
P00086,2.683,826.3,0.985,13.216,0.478,0.333,0.0,0.944,0,110700,54000,51000.0,recreational,0
P00087,2.061,871.9,1.631,15.408,1.0,0.167,0.0,0.592,0,94500,49000,29000.0,recreational,0
P00088,94.733,3888.0,1.961,66.813,1.629,0.167,0.252,0.0,0,6476618,5000,0.0,at_risk,1
P00089,31.072,1165.2,1.589,35.623,1.873,1.167,0.135,1.915,0,1249520,129000,247000.0,regular,0
P00090,3.383,1786.7,0.973,12.825,1.0,0.167,0.126,0.0,0,312500,21000,0.0,recreational,0
P00091,4.472,701.0,1.42,12.235,1.0,0.5,0.061,1.381,0,152800,63000,87000.0,recreational,0
P00092,120.944,928.0,1.826,69.629,1.67,0.333,0.262,0.0,0,1805498,11000,0.0,at_risk,1
P00093,3.15,812.8,1.52,13.143,1.694,0.333,0.062,1.0,0,131200,27000,27000.0,recreational,0
P00094,0.311,1116.0,1.661,11.57,1.0,0.167,0.0,0.0,0,14100,16000,0.0,recreational,0
P00095,88.472,3143.9,1.963,124.604,1.588,2.167,0.408,0.0,0,3372946,88000,0.0,problem,1
P00096,4.278,189.5,1.31,17.15,1.161,0.667,0.109,0.0,0,37527,11000,0.0,recreational,0
P00097,2.956,788.1,1.186,12.133,2.0,0.167,0.0,0.0,0,124100,17000,0.0,recreational,0
P00098,2.489,127.9,1.525,13.054,1.333,0.5,0.125,0.444,0,15756,9000,4000.0,recreational,0
P00099,2.178,884.5,1.137,16.73,0.934,0.5,0.107,0.747,0,79165,75000,56000.0,recreational,0
P00100,26.6,1626.2,1.65,32.532,1.143,2.667,0.205,0.893,0,1358053,224000,200000.0,regular,0
P00101,3.461,904.4,1.427,12.162,1.106,0.5,0.056,0.359,0,130436,64000,23000.0,recreational,0
P00102,143.383,702.6,1.797,71.607,1.682,0.833,0.25,0.0,0,2039374,14000,0.0,at_risk,1
P00103,3.967,1198.3,1.349,14.549,1.013,0.667,0.078,0.629,0,187400,62000,39000.0,recreational,0
P00104,4.239,280.0,1.317,15.146,1.0,0.167,0.009,0.0,0,60600,3000,0.0,recreational,0
P00105,4.783,222.5,1.367,15.57,1.975,0.333,0.0,1.111,0,42819,9000,10000.0,recreational,0
P00106,4.861,624.0,1.307,15.006,1.024,0.5,0.088,0.806,0,170500,67000,54000.0,recreational,0
P00107,0.894,199.6,1.341,11.2,1.0,0.333,0.0,0.0,0,12800,7000,0.0,recreational,0
P00108,4.161,751.5,1.535,14.171,1.0,0.167,0.0,1.133,0,160300,15000,17000.0,recreational,0
P00109,3.694,893.1,1.294,16.35,1.455,0.5,0.042,0.556,0,169000,81000,45000.0,recreational,0
P00110,82.911,4097.0,1.969,68.339,2.224,0.333,0.261,0.0,1,6279489,60000,0.0,at_risk,1
P00111,5.094,1002.1,1.071,15.138,1.032,0.667,0.046,0.636,0,235477,55000,35000.0,recreational,0
P00112,6.222,876.3,1.034,16.235,1.0,0.667,0.088,0.692,0,280623,39000,27000.0,recreational,0
P00113,4.511,887.9,1.208,14.283,0.792,0.167,0.017,0.0,0,212500,26000,0.0,recreational,0
P00114,4.239,261.2,1.388,14.744,1.0,0.5,0.055,0.75,0,39800,20000,15000.0,recreational,0
P00115,5.561,953.2,1.21,15.699,0.412,0.5,0.056,0.264,0,252700,53000,14000.0,recreational,0
P00116,113.944,3550.9,2.008,69.933,1.935,0.333,0.265,0.0,0,8145170,45000,0.0,at_risk,1
P00117,4.122,189.0,1.249,14.661,2.25,0.333,0.094,0.444,0,39000,9000,4000.0,recreational,0
P00118,2.256,634.1,1.015,16.761,1.084,0.167,0.086,0.0,0,94400,18000,0.0,recreational,0
P00119,3.111,207.4,1.404,14.548,1.167,0.167,0.038,0.4,0,27700,5000,2000.0,recreational,0
P00120,2.139,1911.8,1.101,17.368,0.667,0.167,0.0,0.752,0,172200,125000,94000.0,recreational,0
P00121,4.083,876.3,1.256,15.062,1.0,0.5,0.01,1.093,0,175189,75000,82000.0,recreational,0
P00122,1.867,978.7,1.193,14.966,1.0,0.167,0.0,3.0,0,91000,13000,39000.0,recreational,0
P00123,5.794,826.0,1.366,13.893,1.0,0.5,0.101,2.29,0,222100,31000,71000.0,recreational,0
P00124,3.617,933.7,1.116,17.022,1.308,0.333,0.0,0.0,0,161656,17000,0.0,recreational,0
P00125,22.361,320.5,1.562,33.786,1.336,1.0,0.096,2.364,0,226135,22000,52000.0,regular,0
P00126,1.633,1219.2,1.402,17.894,1.0,0.167,0.0,0.792,0,106900,77000,61000.0,recreational,0
P00127,3.811,182.4,1.228,16.9,1.0,0.333,0.041,0.0,0,33000,4000,0.0,recreational,0
P00128,1.167,592.7,1.641,17.13,1.0,0.167,0.067,0.688,0,41400,16000,11000.0,recreational,0
P00129,4.278,135.3,1.144,13.508,1.25,0.333,0.064,0.25,0,26362,8000,2000.0,recreational,0
P00130,0.856,718.0,1.099,14.0,1.0,0.167,0.136,0.818,0,32700,22000,18000.0,recreational,0
P00131,0.972,1641.3,1.201,18.358,1.0,0.167,0.0,1.293,0,94900,82000,106000.0,recreational,0
P00132,0.661,207.6,1.383,13.458,1.0,0.167,0.0,0.0,0,8400,3000,0.0,recreational,0
P00133,6.533,825.4,1.224,14.499,0.74,0.667,0.018,1.02,0,295900,101000,103000.0,recreational,0
P00134,2.722,1125.8,1.468,16.39,1.0,0.167,0.029,0.0,0,121300,27000,0.0,recreational,0
P00135,22.206,1699.2,1.519,35.323,1.253,1.5,0.135,0.743,0,1125789,144000,107000.0,regular,0
P00136,234.928,668.3,1.743,127.253,1.497,43.333,0.443,0.0,0,3074298,731000,0.0,problem,1
P00137,174.767,3572.4,1.903,70.615,1.867,0.833,0.206,0.0,0,12349455,127000,0.0,at_risk,1
P00138,4.978,1935.5,1.243,15.759,1.0,0.333,0.102,1.333,0,451090,66000,88000.0,recreational,0
P00139,16.839,290.5,1.617,34.703,1.627,0.833,0.104,1.842,0,170825,19000,35000.0,regular,0
P00140,4.044,610.1,1.443,14.112,1.0,0.333,0.106,1.05,0,132100,20000,21000.0,recreational,0
P00141,1.75,210.4,1.581,16.521,1.0,0.167,0.0,0.0,0,15300,3000,0.0,recreational,0
P00142,174.611,6853.0,1.846,68.42,1.645,1.333,0.236,0.0,0,12929165,148000,0.0,at_risk,1
P00143,25.472,1314.6,1.67,34.804,1.749,2.333,0.166,1.084,0,1015466,190000,206000.0,regular,0
P00144,1.672,219.5,1.424,15.756,1.75,0.667,0.186,0.364,0,10300,11000,4000.0,recreational,0
P00145,101.422,3843.0,2.109,64.865,1.773,0.167,0.326,0.0,0,7480932,16000,0.0,at_risk,1
P00146,4.861,114.4,1.348,14.644,3.0,0.5,0.008,0.0,0,27895,8000,0.0,recreational,0
P00147,3.033,1492.2,1.697,13.104,1.0,0.167,0.026,3.429,0,186400,14000,48000.0,recreational,0
P00148,1.206,949.7,1.784,15.324,1.0,0.167,0.129,0.0,0,60500,12000,0.0,recreational,0
P00149,0.233,303.3,1.0,12.904,1.0,0.167,0.0,0.0,0,2400,4000,0.0,recreational,0
P00150,567.894,16453.2,2.381,129.481,1.977,0.667,0.447,0.0,0,77761033,79000,0.0,problem,1
P00151,0.428,197.3,3.167,13.884,1.0,0.167,0.091,0.0,0,3400,2000,0.0,recreational,0
P00152,4.783,1321.6,1.227,14.705,0.667,0.167,0.033,1.143,0,275800,28000,32000.0,recreational,0
P00153,24.617,3465.1,1.59,35.855,1.694,1.167,0.098,1.074,0,2606943,188000,202000.0,regular,0
P00154,70.622,361.8,1.609,75.533,1.613,6.333,0.282,0.0,0,626544,116000,0.0,at_risk,1
P00155,105.894,3147.1,1.941,67.424,1.646,1.667,0.22,0.0,0,7244216,129000,0.0,at_risk,1
P00156,157.85,738.4,1.852,72.271,1.543,0.333,0.254,0.0,0,2273900,12000,0.0,at_risk,1
P00157,114.8,4464.8,2.024,68.285,1.927,0.167,0.296,0.0,0,8381980,45000,0.0,at_risk,1
P00158,3.15,1913.1,1.477,13.429,1.0,0.167,0.0,1.337,0,271300,92000,123000.0,recreational,0
P00159,5.678,921.9,1.503,15.964,1.0,0.667,0.034,1.418,0,259400,67000,95000.0,recreational,0
P00160,158.55,3636.6,2.032,73.651,1.871,2.167,0.267,0.0,0,11223678,309000,0.0,at_risk,1
P00161,1.4,852.3,1.165,14.723,0.619,0.667,0.0,0.408,0,68700,71000,29000.0,recreational,0
P00162,0.389,598.2,1.143,16.41,1.385,0.167,0.0,0.0,0,15300,13000,0.0,recreational,0
P00163,3.5,1151.7,1.298,19.316,0.8,0.167,0.0,0.5,0,164100,28000,14000.0,recreational,0
P00164,2.372,953.3,1.314,18.285,1.0,0.167,0.082,0.0,0,107500,15000,0.0,recreational,0
P00165,1.517,316.5,1.611,17.552,0.667,0.5,0.0,0.417,0,20800,24000,10000.0,recreational,0
P00166,119.544,1694.9,1.944,69.125,1.784,0.333,0.256,0.0,0,2917088,5000,0.0,at_risk,1
P00167,4.394,1049.0,1.347,14.692,1.002,0.833,0.0,0.89,0,214403,100000,89000.0,recreational,0
P00168,1.556,210.2,1.426,12.694,1.0,0.167,0.1,0.0,0,19500,4000,0.0,recreational,0
P00169,2.489,637.2,1.483,15.025,1.0,0.5,0.109,0.886,0,81600,44000,39000.0,recreational,0
P00170,13.728,500.9,1.84,37.366,1.813,0.5,0.113,1.714,0,233800,21000,36000.0,regular,0
P00171,2.722,990.8,1.347,19.008,1.0,0.333,0.1,0.667,0,128300,24000,16000.0,recreational,0
P00172,1.944,141.2,1.23,14.871,0.542,0.333,0.14,0.0,0,15400,4000,0.0,recreational,0
P00173,4.55,989.0,1.356,13.833,0.95,0.5,0.06,0.792,0,192900,77000,61000.0,recreational,0
P00174,5.25,1307.1,1.339,14.78,1.0,0.5,0.044,1.189,0,251800,53000,63000.0,recreational,0
P00175,3.772,181.6,1.24,14.689,0.203,0.5,0.0,0.0,0,34183,9000,0.0,recreational,0
P00176,6.183,1307.5,1.416,14.254,1.601,0.333,0.0,0.723,0,431300,112000,81000.0,recreational,0
P00177,0.467,794.4,1.04,11.541,1.0,0.167,0.0,0.0,0,27900,35000,0.0,recreational,0
P00178,31.772,1628.2,1.495,37.102,1.299,1.667,0.146,1.706,0,1657951,197000,336000.0,regular,0
P00179,3.306,211.0,1.638,15.689,0.333,0.167,0.071,3.5,0,31400,2000,7000.0,recreational,0
P00180,2.956,1478.5,1.234,16.823,1.0,0.333,0.132,1.659,0,210100,44000,73000.0,recreational,0
P00181,26.911,1592.1,1.59,33.915,1.555,1.833,0.152,1.572,0,1386406,215000,338000.0,regular,0
P00182,12.678,1988.7,1.611,36.03,1.499,0.833,0.067,1.52,0,697335,98000,149000.0,regular,0
P00183,4.083,1089.3,1.156,15.01,0.777,0.333,0.048,0.769,0,192600,52000,40000.0,recreational,0
P00184,34.767,1722.0,1.541,35.243,1.206,2.0,0.209,1.325,0,1836959,240000,318000.0,regular,0
P00185,1.244,1106.9,1.595,16.918,1.0,0.167,0.188,2.111,0,62600,9000,19000.0,recreational,0
P00186,2.994,829.2,1.106,18.821,1.0,0.167,0.0,0.0,0,124900,10000,0.0,recreational,0
P00187,7.156,182.3,1.228,15.007,1.0,0.5,0.005,1.0,0,63072,16000,16000.0,recreational,0
P00188,3.694,181.1,1.351,14.542,1.153,0.5,0.011,0.5,0,33742,14000,7000.0,recreational,0
P00189,0.233,147.2,1.0,18.066,1.0,0.167,0.0,0.0,0,2300,7000,0.0,recreational,0
P00190,20.067,346.8,1.733,34.263,1.562,1.667,0.099,0.865,0,208585,37000,32000.0,regular,0
P00191,4.511,1039.6,1.354,18.013,0.778,0.333,0.06,0.0,0,203300,34000,0.0,recreational,0
P00192,44.256,245.1,1.479,35.512,1.41,6.333,0.116,0.162,0,320836,111000,18000.0,regular,0
P00193,35.194,2795.9,1.487,33.436,1.589,2.167,0.099,1.221,0,3087380,587000,717000.0,regular,0
P00194,4.083,179.5,1.198,15.748,0.222,0.5,0.038,0.0,0,34400,9000,0.0,recreational,0
P00195,0.7,806.5,1.389,12.319,1.0,0.167,0.0,0.0,0,30400,19000,0.0,recreational,0
P00196,0.817,305.9,0.94,16.922,1.0,0.167,0.19,0.0,0,7500,3000,0.0,recreational,0
P00197,0.544,164.6,1.429,10.962,1.0,0.167,0.0,0.0,0,5100,2000,0.0,recreational,0
P00198,0.428,1301.0,1.992,12.126,1.0,0.167,0.0,0.0,0,25700,28000,0.0,recreational,0
P00199,5.367,263.5,1.389,18.109,0.633,0.5,0.029,0.692,0,74700,13000,9000.0,recreational,0
P00200,5.483,125.4,1.474,15.946,2.0,0.833,0.05,0.0,0,33200,12000,0.0,recreational,0
P00201,15.439,223.3,1.567,37.401,1.861,1.833,0.108,0.32,0,112498,25000,8000.0,regular,0
P00202,2.878,184.9,1.563,14.137,0.214,0.333,0.054,0.444,0,24000,9000,4000.0,recreational,0
P00203,2.139,120.6,1.512,17.035,2.0,0.167,0.0,0.0,0,11500,2000,0.0,recreational,0
P00204,28.972,208.5,1.456,36.469,1.333,4.5,0.149,0.075,0,201781,67000,5000.0,regular,0
P00205,1.906,711.5,1.093,17.448,1.0,0.5,0.0,0.909,0,85800,55000,50000.0,recreational,0
P00206,2.644,180.8,1.192,12.527,0.5,0.167,0.029,1.125,0,23600,8000,9000.0,recreational,0
P00207,5.794,889.7,1.463,13.928,1.482,0.333,0.101,0.796,0,247200,49000,39000.0,recreational,0
P00208,164.306,3508.1,2.101,70.47,1.884,0.5,0.236,0.0,0,11491711,64000,0.0,at_risk,1
P00209,5.056,871.6,1.548,13.524,1.0,0.333,0.023,2.077,0,212400,26000,54000.0,recreational,0
P00210,5.289,1193.0,1.307,14.254,5.0,0.667,0.162,1.095,0,195928,74000,81000.0,recreational,0
P00211,90.533,3823.9,2.074,71.127,1.808,1.167,0.26,0.0,0,6550194,94000,0.0,at_risk,1
P00212,2.256,1212.7,1.262,12.615,1.933,0.167,0.086,1.1,0,106200,20000,22000.0,recreational,0
P00213,7.544,1013.7,1.289,15.92,1.0,1.167,0.015,0.565,0,343800,92000,52000.0,recreational,0
P00214,3.539,171.4,1.421,15.883,0.4,0.333,0.022,0.0,0,28800,4000,0.0,recreational,0
P00215,0.583,3228.1,0.955,13.658,1.0,0.167,0.0,0.0,0,69500,31000,0.0,recreational,0
P00216,1.517,1750.1,0.886,15.168,1.0,0.167,0.0,2.538,0,94600,13000,33000.0,recreational,0
P00217,2.839,972.0,1.304,14.885,2.067,0.167,0.082,0.0,0,109000,10000,0.0,recreational,0
P00218,3.733,818.7,1.458,16.441,1.0,0.333,0.167,1.5,0,169700,34000,51000.0,recreational,0
P00219,3.033,213.5,1.242,15.643,1.0,0.333,0.026,1.25,0,39300,8000,10000.0,recreational,0
P00220,25.122,1551.9,1.66,34.177,1.47,2.167,0.132,0.76,0,1280053,225000,171000.0,regular,0
P00221,27.028,2224.7,1.747,34.804,1.594,1.5,0.173,1.507,0,1830094,211000,318000.0,regular,0
P00222,2.217,1828.3,1.27,16.126,0.8,0.167,0.0,0.0,0,185600,50000,0.0,recreational,0
P00223,17.85,317.1,1.56,34.981,1.336,1.167,0.131,1.158,0,189808,19000,22000.0,regular,0
P00224,4.083,787.9,1.318,14.676,1.0,0.167,0.038,0.818,0,159100,44000,36000.0,recreational,0
P00225,2.372,870.9,1.683,13.757,1.0,0.167,0.033,0.0,0,112600,9000,0.0,recreational,0
P00226,3.733,221.6,1.482,16.302,1.4,0.167,0.073,0.75,0,36300,4000,3000.0,recreational,0
P00227,24.189,1574.1,1.59,35.016,1.518,1.667,0.183,1.243,0,1208456,189000,235000.0,regular,0
P00228,1.244,324.5,1.502,13.731,1.0,0.167,0.125,0.0,0,20100,6000,0.0,recreational,0
P00229,1.983,218.3,1.095,14.729,1.0,0.167,0.059,0.0,0,17221,3000,0.0,recreational,0
P00230,0.544,675.0,1.206,11.26,1.0,0.167,0.0,0.0,0,16500,7000,0.0,recreational,0
P00231,1.05,576.4,1.427,14.424,1.0,0.167,0.185,0.0,0,40700,22000,0.0,recreational,0
P00232,5.6,950.5,1.477,16.044,1.121,0.5,0.035,0.464,0,200500,28000,13000.0,recreational,0
P00233,2.994,1086.0,1.329,14.01,2.929,0.167,0.039,0.0,0,134900,17000,0.0,recreational,0
P00234,29.089,312.0,1.533,37.191,1.485,1.0,0.114,1.8,0,289509,20000,36000.0,regular,0
P00235,18.511,335.5,1.734,34.788,1.552,1.5,0.103,1.2,0,188482,30000,36000.0,regular,0
P00236,2.956,253.0,1.147,12.817,1.0,0.167,0.026,0.0,0,42700,3000,0.0,recreational,0
P00237,0.117,173.2,1.0,8.722,1.0,0.167,0.0,0.0,0,2700,12000,0.0,recreational,0
P00238,22.283,1455.0,1.484,34.035,1.453,1.0,0.075,2.213,0,1132473,94000,208000.0,regular,0
P00239,154.544,1571.4,2.006,67.762,1.897,0.667,0.321,0.0,0,3733364,20000,0.0,at_risk,1
P00240,1.283,1210.6,1.024,14.445,1.0,0.167,0.121,0.388,0,92400,98000,38000.0,recreational,0
P00241,2.372,1923.3,1.186,17.461,1.0,0.333,0.049,1.8,0,185905,30000,54000.0,recreational,0
P00242,12.094,423.1,1.366,36.425,1.312,0.833,0.042,1.0,0,133548,24000,24000.0,regular,0
P00243,3.189,2223.9,1.314,14.811,0.962,0.333,0.073,0.0,0,304400,100000,0.0,recreational,0
P00244,0.972,820.2,1.519,17.07,0.871,0.167,0.0,0.0,0,39700,14000,0.0,recreational,0
P00245,3.306,939.7,1.129,16.112,1.0,0.333,0.024,2.593,0,138402,27000,70000.0,recreational,0
P00246,1.439,281.1,1.122,19.845,1.0,0.167,0.243,0.545,0,20900,11000,6000.0,recreational,0
P00247,6.261,808.6,1.163,16.505,1.307,0.333,0.068,1.571,0,268700,28000,44000.0,recreational,0
P00248,0.661,298.0,1.55,17.417,1.0,0.167,0.176,0.0,0,9500,3000,0.0,recreational,0
P00249,5.833,1023.4,1.323,14.279,1.0,0.833,0.027,1.084,0,260045,95000,103000.0,recreational,0
P00250,24.656,1708.5,1.677,32.909,1.437,1.667,0.197,0.803,0,1294418,132000,106000.0,regular,0
P00251,0.817,875.3,1.29,4.881,1.259,0.167,0.0,0.0,0,37200,44000,0.0,recreational,0
P00252,32.744,451.4,1.563,36.739,1.582,1.667,0.103,1.823,0,524050,62000,113000.0,regular,0
P00253,35.389,515.2,1.503,36.944,1.553,2.167,0.107,1.538,0,614350,93000,143000.0,regular,0
P00254,1.478,950.3,1.744,17.357,1.0,0.167,0.0,0.0,0,65300,25000,0.0,recreational,0
P00255,0.972,687.5,1.261,11.67,1.0,0.5,0.0,0.0,0,46254,37000,0.0,recreational,0
P00256,2.139,931.9,1.397,12.29,1.071,0.167,0.036,0.0,0,97300,8000,0.0,recreational,0
P00257,101.5,3722.7,2.025,69.363,1.882,1.0,0.211,0.0,0,7145455,77000,0.0,at_risk,1
P00258,2.917,1400.9,1.434,13.498,1.0,0.167,0.053,0.0,0,226500,25000,0.0,recreational,0
P00259,0.389,1589.5,1.271,16.452,1.0,0.167,0.0,0.0,0,17000,11000,0.0,recreational,0
P00260,4.744,1058.5,1.316,15.924,1.595,0.5,0.033,1.053,0,225200,38000,40000.0,recreational,0
P00261,5.483,924.4,1.507,15.307,0.244,0.5,0.092,1.18,0,245712,50000,59000.0,recreational,0
P00262,2.256,225.5,1.296,15.993,1.0,0.333,0.069,0.0,0,22800,7000,0.0,recreational,0
P00263,32.744,2581.7,1.571,33.681,1.373,2.167,0.12,1.377,0,2769650,324000,446000.0,regular,0
P00264,3.578,199.9,1.233,17.114,1.0,0.5,0.065,1.0,0,33245,6000,6000.0,recreational,0
P00265,26.794,278.2,1.56,35.835,1.706,1.667,0.183,0.725,0,259041,40000,29000.0,regular,0
P00266,2.45,156.2,1.856,16.915,1.0,0.333,0.063,0.714,0,17000,7000,5000.0,recreational,0
P00267,3.072,657.1,1.065,16.162,1.083,0.333,0.051,0.333,0,114500,33000,11000.0,recreational,0
P00268,29.517,503.0,1.581,36.483,1.594,1.333,0.136,1.643,0,500461,70000,115000.0,regular,0
P00269,2.217,180.3,1.312,15.052,1.0,0.167,0.053,1.2,0,19700,5000,6000.0,recreational,0
P00270,9.489,1922.3,1.474,34.554,1.43,0.833,0.123,0.844,0,502190,173000,146000.0,regular,0
P00271,2.1,378.5,1.414,15.578,1.0,0.333,0.0,0.0,0,36543,5000,0.0,recreational,0
P00272,3.072,178.4,1.512,17.314,1.0,0.167,0.114,1.25,0,24900,8000,10000.0,recreational,0
P00273,1.556,280.1,1.375,12.228,1.0,0.167,0.0,0.667,0,14051,6000,4000.0,recreational,0
P00274,3.461,1201.2,1.57,14.514,1.0,0.5,0.034,1.023,0,170900,44000,45000.0,recreational,0
P00275,37.994,1437.3,1.735,34.574,1.949,3.333,0.133,0.965,0,1631052,287000,277000.0,regular,0
P00276,3.033,1955.0,1.425,15.212,1.0,0.167,0.038,0.674,0,267500,43000,29000.0,recreational,0
P00277,6.261,861.3,1.324,12.93,1.182,0.167,0.037,7.5,0,286800,4000,30000.0,recreational,0
P00278,11.706,1436.4,1.671,33.745,1.496,0.833,0.076,1.691,0,583282,68000,115000.0,regular,0
P00279,27.728,1688.5,1.516,36.077,1.392,1.333,0.187,1.637,0,1446995,124000,203000.0,regular,0
P00280,18.9,1191.6,1.545,39.693,1.298,1.167,0.146,0.935,0,755089,138000,129000.0,regular,0
P00281,20.572,532.7,1.623,34.514,1.672,0.833,0.238,1.827,0,368091,52000,95000.0,regular,0
P00282,2.683,203.4,1.185,17.733,1.0,0.167,0.13,2.0,0,24200,2000,4000.0,recreational,0
P00283,2.022,129.4,1.759,16.167,1.0,0.167,0.058,0.0,0,11300,2000,0.0,recreational,0
P00284,324.567,10903.0,2.146,135.287,1.791,7.5,0.401,0.0,3,35919797,613000,0.0,problem,1
P00285,1.633,935.8,0.932,18.878,1.0,0.333,0.0,1.514,0,77930,35000,53000.0,recreational,0
P00286,0.7,694.5,1.417,17.197,1.0,0.167,0.0,0.0,0,32400,12000,0.0,recreational,0
P00287,158.628,3750.5,2.02,66.834,1.857,1.333,0.311,0.0,0,11453268,130000,0.0,at_risk,1
P00288,4.006,1883.9,1.374,16.006,0.417,0.5,0.019,0.736,0,292000,148000,109000.0,recreational,0
P00289,70.506,3563.7,1.92,70.179,1.88,0.333,0.287,0.0,0,5133039,61000,0.0,at_risk,1
P00290,3.306,1079.9,1.14,17.484,1.0,0.167,0.0,0.864,0,154200,22000,19000.0,recreational,0
P00291,117.289,7686.4,1.887,65.655,1.903,0.333,0.266,0.0,0,16841393,38000,0.0,at_risk,1
P00292,2.839,214.7,0.975,14.995,1.0,0.5,0.068,1.0,0,25100,19000,19000.0,recreational,0
P00293,42.933,1617.8,1.455,36.062,1.493,3.0,0.175,0.741,0,2192445,332000,246000.0,regular,0
P00294,19.406,3087.3,1.789,35.334,2.486,1.0,0.086,0.922,0,1705456,204000,188000.0,regular,0
P00295,5.483,213.3,1.458,16.832,0.944,0.333,0.028,0.0,0,50000,9000,0.0,recreational,0
P00296,5.678,312.1,1.183,15.387,1.0,0.5,0.089,1.7,0,85500,10000,17000.0,recreational,0
P00297,15.983,2859.1,1.695,36.373,1.188,0.833,0.054,0.718,0,1445239,213000,153000.0,regular,0
P00298,112.583,4459.9,2.081,68.479,1.77,0.167,0.233,0.0,0,8469175,17000,0.0,at_risk,1
P00299,119.156,4495.5,2.087,67.724,2.125,2.333,0.329,0.0,0,8929517,196000,0.0,at_risk,1
P00300,2.839,1251.8,1.654,16.624,2.131,0.667,0.0,0.0,0,135482,62000,0.0,recreational,0
P00301,4.006,1743.4,1.662,15.028,1.049,0.333,0.078,0.805,0,303100,77000,62000.0,recreational,0
P00302,1.594,195.1,1.361,16.946,0.25,0.167,0.0,0.8,0,14300,5000,4000.0,recreational,0
P00303,4.744,1507.0,1.605,15.342,2.524,0.333,0.074,1.195,0,344200,123000,147000.0,recreational,0
P00304,1.128,232.9,1.268,17.855,1.0,0.333,0.0,0.0,0,11400,7000,0.0,recreational,0
P00305,4.161,914.7,1.369,17.028,1.0,0.333,0.0,1.203,0,173813,64000,77000.0,recreational,0
P00306,4.2,1172.4,1.284,14.357,0.1,0.5,0.037,0.0,0,194838,47000,0.0,recreational,0
P00307,2.683,913.7,1.42,14.698,1.0,0.333,0.0,0.0,0,116500,26000,0.0,recreational,0
P00308,0.389,677.9,0.973,16.271,1.0,0.167,0.0,0.0,0,17200,12000,0.0,recreational,0
P00309,3.85,167.2,1.313,17.398,1.5,0.5,0.0,0.235,0,33000,17000,4000.0,recreational,0
P00310,1.517,136.2,1.101,14.275,1.0,0.333,0.026,0.0,0,9336,6000,0.0,recreational,0
P00311,27.883,1573.1,1.44,37.106,1.302,1.667,0.127,1.214,0,1399616,201000,244000.0,regular,0
P00312,88.2,936.0,1.937,69.281,1.625,1.5,0.31,0.0,0,1296112,37000,0.0,at_risk,1
P00313,5.211,1257.9,1.59,17.879,0.496,0.333,0.007,1.906,0,243600,32000,61000.0,recreational,0
P00314,73.811,7493.3,2.024,71.148,1.662,0.333,0.302,0.0,0,9238652,92000,0.0,at_risk,1
P00315,36.167,1502.1,1.61,34.07,1.535,1.833,0.18,1.406,0,1782519,261000,367000.0,regular,0
P00316,3.928,192.3,1.216,16.111,0.45,0.667,0.069,0.0,0,35508,8000,0.0,recreational,0
P00317,3.85,942.2,1.231,13.769,1.927,0.5,0.091,0.227,0,159600,66000,15000.0,recreational,0
P00318,1.206,695.9,0.933,14.086,1.0,0.167,0.129,0.895,0,52400,57000,51000.0,recreational,0
P00319,0.544,173.7,1.294,11.389,1.0,0.167,0.0,0.0,0,6500,3000,0.0,recreational,0
P00320,1.789,649.6,1.069,15.192,1.0,0.167,0.217,0.0,0,76400,19000,0.0,recreational,0
P00321,3.306,725.1,1.465,16.304,1.0,0.5,0.047,0.811,0,112551,53000,43000.0,recreational,0
P00322,111.844,3162.0,2.029,70.408,1.628,2.0,0.266,0.0,2,7742694,215000,0.0,at_risk,1
P00323,1.75,113.6,1.218,14.76,1.0,0.333,0.067,0.0,0,10800,5000,0.0,recreational,0
P00324,2.644,930.5,1.616,13.378,1.0,0.167,0.029,2.111,0,121600,9000,19000.0,recreational,0
P00325,111.067,707.8,1.853,70.938,1.663,0.667,0.289,0.0,0,1595327,17000,0.0,at_risk,1
P00326,185.85,1432.7,1.947,69.423,1.824,1.833,0.243,0.0,0,4410136,70000,0.0,at_risk,1
P00327,13.65,366.4,1.662,33.877,1.236,1.5,0.16,0.613,0,152636,31000,19000.0,regular,0
P00328,26.483,1890.8,1.623,37.039,1.453,1.167,0.151,1.534,0,1405290,191000,293000.0,regular,0
P00329,483.856,4695.0,2.017,127.77,1.769,0.667,0.466,0.0,0,15080371,14000,0.0,problem,1
P00330,1.633,805.2,1.729,12.87,2.012,0.167,0.095,0.0,0,75400,10000,0.0,recreational,0
P00331,26.833,340.7,1.606,34.927,1.344,2.333,0.142,1.02,0,284804,49000,50000.0,regular,0
P00332,3.5,863.3,1.308,14.233,1.0,0.333,0.044,0.0,0,142900,27000,0.0,recreational,0
P00333,2.8,1672.9,1.236,13.1,1.843,0.5,0.111,0.511,0,195941,88000,45000.0,recreational,0
P00334,2.917,276.6,1.195,18.059,1.0,0.167,0.0,3.4,0,40500,5000,17000.0,recreational,0
P00335,3.578,800.1,1.48,13.218,1.077,0.5,0.109,1.354,0,153600,65000,88000.0,recreational,0
P00336,2.022,1128.8,1.173,15.329,1.0,0.333,0.019,0.0,0,96700,22000,0.0,recreational,0
P00337,1.361,727.9,1.214,13.287,1.0,0.167,0.114,0.0,0,58800,19000,0.0,recreational,0
P00338,4.783,200.3,1.406,16.538,1.0,0.333,0.033,1.0,0,41700,5000,5000.0,recreational,0
P00339,2.761,1293.0,1.548,13.479,1.0,0.333,0.085,0.0,0,144500,37000,0.0,recreational,0
P00340,3.383,245.5,1.166,14.611,1.0,0.5,0.126,0.0,0,32107,7000,0.0,recreational,0
P00341,34.183,335.4,1.542,37.509,1.495,2.333,0.146,0.977,0,363992,44000,43000.0,regular,0
P00342,3.539,113.1,1.25,13.864,1.046,0.5,0.0,0.222,0,21082,9000,2000.0,recreational,0
P00343,0.389,1070.6,1.654,15.23,1.0,0.167,0.1,0.0,0,20200,27000,0.0,recreational,0
P00344,4.978,991.4,1.282,15.744,1.286,0.167,0.156,2.56,0,233006,25000,64000.0,recreational,0
P00345,21.117,1858.7,1.792,34.578,1.43,1.333,0.053,1.613,0,1147820,150000,242000.0,regular,0
P00346,3.033,189.8,1.49,16.025,1.0,0.167,0.051,0.6,0,26900,5000,3000.0,recreational,0
P00347,8.478,1057.7,1.456,15.809,1.182,0.333,0.069,2.264,0,383000,53000,120000.0,recreational,0
P00348,4.978,952.4,1.249,14.433,0.556,0.333,0.086,1.0,0,222800,36000,36000.0,recreational,0
P00349,164.694,3766.7,1.912,69.02,1.78,0.5,0.243,0.0,0,12055139,45000,0.0,at_risk,1
P00350,292.833,19484.4,2.162,128.338,1.881,1.833,0.361,0.0,0,62540712,304000,0.0,problem,1
P00351,34.339,213.5,1.583,35.652,1.555,3.167,0.099,0.436,0,242799,55000,24000.0,regular,0
P00352,11.006,1387.6,1.531,35.742,1.553,0.833,0.106,1.03,0,550908,101000,104000.0,regular,0
P00353,0.389,1277.2,1.931,20.669,1.0,0.333,0.3,0.0,0,21700,27000,0.0,recreational,0
P00354,2.139,833.3,1.44,15.358,1.0,0.167,0.0,1.167,0,78700,18000,21000.0,recreational,0
P00355,6.961,833.3,1.39,15.317,0.688,0.5,0.061,1.061,0,295915,49000,52000.0,recreational,0
P00356,2.761,1124.6,0.981,14.468,1.0,0.5,0.0,0.702,0,150500,47000,33000.0,recreational,0
P00357,116.356,2779.9,2.031,74.132,1.826,1.0,0.283,0.0,0,6472956,99000,0.0,at_risk,1
P00358,530.056,2741.7,2.073,131.301,1.804,1.167,0.397,0.0,3,14931806,25000,0.0,problem,1
P00359,6.65,125.1,1.278,14.97,1.0,0.5,0.07,0.375,0,38900,8000,3000.0,recreational,0
P00360,1.75,214.7,1.087,14.907,1.0,0.167,0.111,0.0,0,15300,2000,0.0,recreational,0
P00361,3.306,880.0,1.128,12.212,0.76,0.167,0.0,0.87,0,143400,23000,20000.0,recreational,0
P00362,3.111,198.6,1.125,14.737,1.0,0.5,0.025,0.708,0,27500,24000,17000.0,recreational,0
P00363,1.556,888.4,1.268,15.242,0.241,0.333,0.0,0.0,0,65376,28000,0.0,recreational,0
P00364,1.4,617.2,1.336,10.553,1.0,0.167,0.222,1.0,0,45800,25000,25000.0,recreational,0
P00365,3.772,1510.4,1.477,15.109,1.0,0.333,0.0,1.667,0,234716,30000,50000.0,recreational,0
P00366,5.172,753.5,1.251,15.246,1.206,0.333,0.075,0.405,0,201400,42000,17000.0,recreational,0
P00367,4.783,698.4,1.652,15.15,1.0,0.167,0.057,4.0,0,164600,9000,36000.0,recreational,0
P00368,24.306,1563.3,1.562,36.645,1.605,1.0,0.099,1.513,0,1227825,156000,236000.0,regular,0
P00369,4.044,1046.5,1.48,15.663,2.111,0.167,0.0,0.0,0,172300,14000,0.0,recreational,0
P00370,4.2,231.7,1.398,12.981,1.0,0.333,0.0,1.375,0,36900,8000,11000.0,recreational,0
P00371,3.772,1761.2,1.264,14.521,1.051,0.167,0.031,0.0,0,295300,18000,0.0,recreational,0
P00372,27.494,296.1,1.448,34.377,1.43,2.667,0.102,0.889,0,277569,54000,48000.0,regular,0
P00373,4.161,1018.5,1.543,14.016,1.618,0.333,0.009,2.824,0,192100,17000,48000.0,recreational,0
P00374,35.622,1624.7,1.724,33.512,1.826,1.833,0.162,1.301,0,1763253,229000,298000.0,regular,0
P00375,4.044,698.2,1.199,14.64,0.606,0.833,0.038,0.536,0,135099,56000,30000.0,recreational,0
P00376,2.761,240.1,1.538,17.265,1.0,0.5,0.0,0.643,0,25200,14000,9000.0,recreational,0
P00377,0.311,118.8,1.111,20.538,1.0,0.167,0.0,0.0,0,3500,2000,0.0,recreational,0
P00378,159.483,716.4,1.863,70.81,1.762,0.667,0.221,0.0,0,2203478,19000,0.0,at_risk,1
P00379,430.383,25258.3,2.285,132.265,1.851,8.5,0.401,0.0,0,111371518,1805000,0.0,problem,1
P00380,29.828,564.0,1.635,36.744,1.629,0.5,0.098,4.19,0,520059,21000,88000.0,regular,0
P00381,147.894,3498.5,1.775,69.656,1.743,0.333,0.212,0.0,0,10515475,23000,0.0,at_risk,1
P00382,4.356,152.4,1.22,15.448,1.167,0.167,0.098,0.0,0,35800,3000,0.0,recreational,0
P00383,39.317,2738.0,1.675,34.826,1.532,1.667,0.136,1.841,0,3356346,339000,624000.0,regular,0
P00384,2.956,103.2,1.45,12.713,2.0,0.5,0.066,0.0,0,16100,8000,0.0,recreational,0
P00385,6.611,672.1,1.336,15.958,0.9,0.5,0.112,0.821,0,227100,39000,32000.0,recreational,0
P00386,0.894,207.8,1.257,10.661,0.411,0.167,0.304,0.0,0,9100,2000,0.0,recreational,0
P00387,27.3,1817.0,1.641,33.767,1.325,1.833,0.123,1.424,0,1473538,229000,326000.0,regular,0
P00388,24.306,2524.0,1.688,35.901,1.465,1.5,0.125,1.935,0,2039922,276000,534000.0,regular,0
P00389,15.128,243.6,1.577,28.712,1.461,2.167,0.087,0.333,0,108293,33000,11000.0,regular,0
P00390,5.25,120.1,1.324,12.526,2.0,0.667,0.03,0.643,0,31300,14000,9000.0,recreational,0
P00391,33.017,1674.8,1.526,32.623,1.529,2.167,0.194,0.908,0,1706802,239000,217000.0,regular,0
P00392,147.817,4117.5,1.887,72.099,1.718,0.167,0.311,0.0,0,10722027,27000,0.0,at_risk,1
P00393,18.433,2597.5,1.667,37.426,1.742,1.167,0.108,1.591,0,1562458,225000,358000.0,regular,0
P00394,1.283,136.2,1.315,16.82,1.0,0.167,0.0,0.0,0,8800,4000,0.0,recreational,0
P00395,1.089,1960.6,1.352,15.667,1.0,0.167,0.0,0.0,0,108200,26000,0.0,recreational,0
P00396,18.083,1608.9,1.508,32.156,1.287,1.667,0.14,0.599,0,919213,147000,88000.0,regular,0
P00397,377.922,4695.2,2.103,134.67,1.782,0.333,0.4,0.0,0,17136149,13000,0.0,problem,1
P00398,2.256,1313.6,1.294,15.27,1.0,0.167,0.017,0.739,0,144400,46000,34000.0,recreational,0
P00399,1.944,1102.0,1.205,15.264,1.0,0.333,0.0,0.735,0,102500,49000,36000.0,recreational,0
P00400,6.572,885.7,1.417,14.672,0.833,0.5,0.036,0.595,0,294257,42000,25000.0,recreational,0
P00401,2.022,1615.2,1.437,13.17,1.023,0.333,0.0,2.474,0,146900,19000,47000.0,recreational,0
P00402,32.628,1542.6,1.562,35.489,1.332,2.667,0.122,1.032,0,1709976,250000,258000.0,regular,0
P00403,0.389,200.3,1.333,13.851,1.0,0.167,0.0,0.0,0,4700,4000,0.0,recreational,0
P00404,2.644,223.1,1.595,15.769,4.5,0.167,0.176,1.333,0,24800,3000,4000.0,recreational,0
P00405,17.811,1324.9,1.637,35.803,1.098,1.0,0.127,1.259,0,709912,81000,102000.0,regular,0
P00406,4.978,931.7,1.402,15.205,2.1,1.167,0.047,0.352,0,221384,122000,43000.0,recreational,0
P00407,2.45,1339.3,1.528,16.511,1.0,0.333,0.0,1.235,0,144100,85000,105000.0,recreational,0
P00408,3.617,1754.2,1.557,16.033,0.912,0.333,0.075,1.088,0,278400,57000,62000.0,recreational,0
P00409,2.761,260.2,1.363,13.942,0.4,0.5,0.0,0.412,0,36400,17000,7000.0,recreational,0
P00410,607.833,31733.7,2.409,128.788,2.0,2.333,0.405,0.0,0,137686549,363000,0.0,problem,1
P00411,14.467,298.7,1.574,33.551,1.417,1.0,0.059,1.765,0,146023,17000,30000.0,regular,0
P00412,232.983,721.9,1.707,130.076,1.587,40.333,0.434,0.0,0,3205309,673000,0.0,problem,1
P00413,0.544,224.0,0.864,19.443,1.0,0.167,0.071,0.0,0,5100,4000,0.0,recreational,0
P00414,14.272,293.9,1.405,36.944,1.23,0.833,0.063,0.882,0,149650,17000,15000.0,regular,0
P00415,2.1,990.5,1.11,14.267,1.0,0.333,0.0,0.0,0,93600,19000,0.0,recreational,0
P00416,21.078,1521.0,1.608,36.444,1.296,1.667,0.127,1.131,0,1017619,168000,190000.0,regular,0
P00417,3.267,1295.9,1.075,15.759,1.0,0.5,0.012,1.0,0,232642,88000,88000.0,recreational,0
P00418,2.372,810.5,1.316,12.413,0.75,0.333,0.131,0.0,0,103500,26000,0.0,recreational,0
P00419,1.906,1281.2,1.616,15.907,1.0,0.333,0.0,0.0,0,134200,51000,0.0,recreational,0
P00420,25.783,196.7,1.431,36.118,1.286,3.333,0.17,0.146,0,177922,48000,7000.0,regular,0
P00421,17.5,1283.3,1.498,35.583,1.45,0.833,0.087,1.103,0,708723,78000,86000.0,regular,0
P00422,2.489,876.5,1.176,14.26,1.333,0.167,0.0,0.49,0,111700,51000,25000.0,recreational,0
P00423,3.344,177.7,1.359,15.031,1.0,0.167,0.0,0.5,0,28000,8000,4000.0,recreational,0
P00424,38.656,1539.1,1.538,35.544,2.224,1.333,0.085,2.487,0,1963576,150000,373000.0,regular,0
P00425,3.539,328.6,1.155,12.135,1.0,0.333,0.0,0.636,0,54600,22000,14000.0,recreational,0
P00426,1.828,128.3,1.065,13.854,1.25,0.333,0.0,0.0,0,14114,5000,0.0,recreational,0
P00427,101.267,2849.3,1.975,68.776,1.598,0.5,0.384,0.0,0,5622737,40000,0.0,at_risk,1
P00428,0.506,408.6,1.879,16.787,5.5,0.167,0.0,0.0,0,6200,6000,0.0,recreational,0
P00429,25.394,349.3,1.647,36.388,1.641,1.667,0.127,1.348,0,266322,23000,31000.0,regular,0
P00430,1.75,929.5,1.399,14.482,1.0,0.333,0.022,0.59,0,77400,39000,23000.0,recreational,0
P00431,5.756,1129.9,1.289,32.339,1.665,0.667,0.0,0.0,0,240727,58000,0.0,regular,0
P00432,5.133,871.8,1.283,14.677,3.857,0.5,0.083,0.896,0,219942,67000,60000.0,recreational,0
P00433,43.244,6699.4,1.96,69.032,1.549,0.167,0.317,0.0,0,5939722,32000,0.0,at_risk,1
P00434,4.628,977.3,1.217,14.527,0.44,0.167,0.076,0.0,0,201200,27000,0.0,recreational,0
P00435,31.733,1592.6,1.687,35.22,1.611,1.333,0.113,1.532,0,1603666,205000,314000.0,regular,0
P00436,64.944,3277.9,1.927,71.152,1.642,0.833,0.326,0.0,0,4459363,85000,0.0,at_risk,1
P00437,10.189,1246.3,1.691,38.566,1.602,1.333,0.153,0.831,0,429933,71000,59000.0,regular,0
P00438,4.706,953.4,1.307,14.227,1.438,0.5,0.041,0.675,0,211200,40000,27000.0,recreational,0
P00439,2.567,2352.1,1.283,16.791,1.051,0.333,0.0,0.949,0,216700,59000,56000.0,recreational,0
P00440,4.706,957.6,1.249,15.719,0.691,0.833,0.132,0.0,0,211226,56000,0.0,recreational,0
P00441,2.489,184.3,1.367,14.093,1.0,0.333,0.094,0.0,0,23254,4000,0.0,recreational,0
P00442,0.933,811.2,1.625,20.132,1.0,0.333,0.0,1.275,0,44000,40000,51000.0,recreational,0
P00443,3.694,724.7,1.353,13.907,2.455,0.333,0.074,0.857,0,131757,21000,18000.0,recreational,0
P00444,243.056,13525.6,2.329,136.463,1.762,6.833,0.427,0.0,1,33476709,752000,0.0,problem,1
P00445,0.428,933.6,1.018,12.537,1.0,0.333,0.0,0.608,0,26200,102000,62000.0,recreational,0
P00446,5.328,128.0,1.301,16.012,0.75,0.667,0.044,0.25,0,31552,12000,3000.0,recreational,0
P00447,1.594,955.9,1.294,13.869,1.0,0.167,0.122,0.0,0,78640,13000,0.0,recreational,0
P00448,2.761,134.0,1.235,16.673,0.75,0.333,0.085,0.0,0,17608,8000,0.0,recreational,0
P00449,1.983,840.6,1.527,14.878,1.667,0.5,0.157,0.694,0,90600,72000,50000.0,recreational,0
P00450,43.4,345.9,1.595,36.98,1.278,1.833,0.085,1.905,0,460048,42000,80000.0,regular,0
P00451,4.55,1626.2,1.323,16.165,1.708,0.333,0.077,1.359,0,340200,39000,53000.0,recreational,0
P00452,4.161,889.4,1.132,14.703,1.643,0.5,0.047,0.383,0,175935,47000,18000.0,recreational,0
P00453,1.361,595.2,1.23,17.015,1.0,0.167,0.0,0.0,0,47500,5000,0.0,recreational,0
P00454,5.172,773.7,1.369,14.926,1.115,0.5,0.015,1.794,0,223800,34000,61000.0,recreational,0
P00455,14.622,2738.2,1.516,34.435,1.471,1.0,0.066,1.332,0,1256141,208000,277000.0,regular,0
P00456,4.317,1117.2,1.454,16.032,1.0,0.5,0.045,0.5,0,199800,64000,32000.0,recreational,0
P00457,1.556,1820.3,1.457,15.272,1.9,0.167,0.2,0.0,0,137900,21000,0.0,recreational,0
P00458,0.817,1154.7,0.846,11.983,1.0,0.333,0.0,0.0,0,34721,18000,0.0,recreational,0
P00459,3.811,167.3,1.167,15.135,1.125,0.5,0.071,0.0,0,23500,6000,0.0,recreational,0
P00460,0.35,1219.7,0.551,16.698,1.0,0.167,0.0,0.0,0,22100,25000,0.0,recreational,0
P00461,5.133,167.9,1.219,15.284,2.0,0.5,0.129,0.917,0,43500,12000,11000.0,recreational,0
P00462,483.233,18907.2,2.158,127.528,1.814,4.833,0.425,0.0,0,70554840,603000,0.0,problem,1
P00463,0.35,1539.8,0.769,12.575,1.0,0.333,0.0,0.0,0,20800,25000,0.0,recreational,0
P00464,6.106,970.7,1.016,15.384,0.786,0.5,0.064,0.698,0,275808,53000,37000.0,recreational,0
P00465,27.689,282.2,1.594,34.95,1.443,2.333,0.103,1.222,0,280235,45000,55000.0,regular,0
P00466,3.967,1321.0,1.399,14.038,1.0,0.333,0.098,1.273,0,181779,44000,56000.0,recreational,0
P00467,4.356,175.9,1.211,12.765,1.333,0.333,0.027,0.444,0,38400,9000,4000.0,recreational,0
P00468,26.483,2225.4,1.545,35.408,1.562,2.167,0.217,0.894,0,1853766,312000,279000.0,regular,0
P00469,39.239,1631.4,1.504,32.349,1.43,2.5,0.165,0.909,0,1972208,254000,231000.0,regular,0
P00470,148.828,3278.6,1.96,70.078,1.864,1.667,0.278,0.0,0,10453018,188000,0.0,at_risk,1
P00471,6.456,975.3,1.358,15.096,0.891,0.333,0.03,0.844,0,284167,32000,27000.0,recreational,0
P00472,2.256,729.4,1.328,15.517,1.0,0.333,0.034,0.875,0,89700,32000,28000.0,recreational,0
P00473,71.283,2839.9,1.988,71.623,1.574,0.333,0.305,0.0,0,4089030,40000,0.0,at_risk,1
P00474,5.717,1350.7,1.179,13.505,1.313,0.167,0.068,0.0,0,424100,41000,0.0,recreational,0
P00475,4.044,1104.1,1.179,15.469,1.0,0.167,0.038,0.0,0,186000,19000,0.0,recreational,0
P00476,21.739,1624.0,1.465,33.796,1.415,2.0,0.129,0.76,0,1112035,221000,168000.0,regular,0
P00477,20.922,346.5,1.568,31.326,1.448,1.333,0.091,0.857,0,226163,42000,36000.0,regular,0
P00478,53.044,3820.1,2.096,71.326,1.576,0.667,0.337,0.0,0,3841882,55000,0.0,at_risk,1
P00479,3.5,210.0,1.449,16.318,1.0,0.333,0.111,0.636,0,32278,11000,7000.0,recreational,0
P00480,33.211,213.3,1.452,35.459,1.443,6.167,0.073,0.108,0,231450,83000,9000.0,regular,0
P00481,2.956,851.2,1.421,15.155,0.8,0.167,0.053,0.857,0,135900,63000,54000.0,recreational,0
P00482,24.422,277.0,1.532,35.413,1.27,1.5,0.189,1.308,0,242586,26000,34000.0,regular,0
P00483,34.144,513.0,1.61,35.145,1.515,1.667,0.141,1.173,0,580041,75000,88000.0,regular,0
P00484,2.956,1634.0,1.502,15.951,1.0,0.167,0.066,0.775,0,219400,40000,31000.0,recreational,0
P00485,26.639,2655.3,1.596,38.394,1.77,2.0,0.14,0.969,0,2201324,323000,313000.0,regular,0
P00486,2.567,322.7,1.288,17.031,1.766,0.5,0.091,0.593,0,37759,27000,16000.0,recreational,0
P00487,2.45,171.9,1.384,11.434,1.0,0.333,0.159,0.857,0,21648,7000,6000.0,recreational,0
P00488,466.044,2954.6,1.995,130.699,1.779,2.167,0.447,0.0,0,13093792,57000,0.0,problem,1
P00489,37.606,2782.1,1.612,33.762,1.279,1.833,0.138,2.289,0,3200006,350000,801000.0,regular,0
P00490,3.461,1454.8,1.217,13.401,1.333,0.5,0.0,0.571,0,262900,70000,40000.0,recreational,0
P00491,1.167,206.3,1.638,15.267,1.0,0.333,0.0,0.0,0,11300,6000,0.0,recreational,0
P00492,0.467,852.1,1.497,16.829,1.0,0.167,0.167,0.0,0,19600,15000,0.0,recreational,0
P00493,3.694,287.0,0.951,17.157,1.333,0.333,0.084,0.0,0,55813,8000,0.0,recreational,0
P00494,3.111,1046.9,1.604,17.811,2.053,0.167,0.05,0.0,0,136900,19000,0.0,recreational,0
P00495,0.778,827.6,1.011,18.49,1.0,0.167,0.25,0.0,0,29600,15000,0.0,recreational,0
P00496,2.683,1034.3,1.277,13.695,0.633,0.167,0.087,0.0,0,123900,10000,0.0,recreational,0
P00497,25.083,1876.5,1.533,34.463,1.488,1.167,0.118,1.744,0,1371152,160000,279000.0,regular,0
P00498,2.839,146.0,0.995,15.435,0.875,0.333,0.0,0.0,0,22039,5000,0.0,recreational,0
P00499,6.533,714.5,1.306,12.768,1.0,0.333,0.048,0.81,0,264300,42000,34000.0,recreational,0
P00500,125.106,858.4,1.813,67.25,1.474,2.333,0.236,0.0,0,1879864,42000,0.0,at_risk,1
P00501,3.111,217.1,1.088,15.154,1.0,0.333,0.075,1.143,0,25900,7000,8000.0,recreational,0
P00502,21.194,1377.0,1.649,34.535,1.397,0.833,0.095,2.057,0,1041102,53000,109000.0,regular,0
P00503,5.056,1067.6,1.342,15.452,3.0,0.333,0.031,0.548,0,236086,31000,17000.0,recreational,0
P00504,4.356,193.5,1.14,13.533,0.75,0.5,0.089,0.571,0,37600,7000,4000.0,recreational,0
P00505,29.944,2877.1,1.641,36.964,1.605,1.167,0.092,1.746,0,2598325,244000,426000.0,regular,0
P00506,2.411,767.9,1.353,16.522,0.471,0.333,0.145,0.605,0,96800,43000,26000.0,recreational,0
P00507,3.228,914.4,1.389,16.055,1.0,0.167,0.0,0.0,0,139500,15000,0.0,recreational,0
P00508,10.772,1792.3,1.715,33.453,2.339,0.833,0.148,0.192,0,549584,73000,14000.0,regular,0
P00509,5.094,1132.9,1.443,13.977,0.773,0.333,0.031,0.0,0,236800,35000,0.0,recreational,0
P00510,27.106,1468.2,1.647,36.792,1.383,1.5,0.066,1.417,0,1335447,175000,248000.0,regular,0
P00511,3.267,1169.8,1.326,15.469,1.0,0.333,0.107,0.642,0,190500,67000,43000.0,recreational,0
P00512,3.383,882.6,1.4,14.441,0.516,0.167,0.08,2.111,0,136900,9000,19000.0,recreational,0
P00513,2.839,889.4,1.157,18.593,1.0,0.333,0.041,0.9,0,138500,30000,27000.0,recreational,0
P00514,5.444,1790.3,1.436,15.852,1.0,0.833,0.079,0.656,0,501239,160000,105000.0,recreational,0
P00515,6.767,207.2,1.274,14.659,1.278,0.667,0.069,0.846,0,60508,13000,11000.0,recreational,0
P00516,338.489,15164.3,2.216,132.492,2.0,4.833,0.383,0.0,0,39886701,467000,0.0,problem,1
P00517,0.35,109.3,2.0,14.685,1.0,0.167,0.0,0.75,0,2500,8000,6000.0,recreational,0
P00518,49.039,219.6,1.542,33.377,1.41,4.333,0.104,0.413,0,346624,63000,26000.0,regular,0
P00519,1.711,719.0,1.203,15.198,1.0,0.167,0.0,0.0,0,72300,10000,0.0,recreational,0
P00520,3.344,1356.8,1.439,14.907,0.364,0.5,0.012,0.737,0,165651,76000,56000.0,recreational,0
P00521,35.739,577.2,1.853,35.931,1.871,1.667,0.085,1.143,0,612656,84000,96000.0,regular,0
P00522,30.528,485.7,1.58,36.606,1.459,1.5,0.135,1.74,0,501690,50000,87000.0,regular,0
P00523,1.439,2030.6,1.134,15.131,1.0,0.167,0.0,1.1,0,112400,20000,22000.0,recreational,0
P00524,33.483,1656.0,1.51,33.932,1.612,2.0,0.139,0.695,0,1752017,223000,155000.0,regular,0
P00525,0.233,63.2,1.25,19.757,1.0,0.167,0.0,0.0,0,1200,2000,0.0,recreational,0
P00526,1.75,744.4,1.187,12.689,0.996,0.167,0.133,0.0,0,70500,11000,0.0,recreational,0
P00527,31.15,2667.2,1.524,36.435,1.523,1.333,0.121,2.3,0,2679497,280000,644000.0,regular,0
P00528,3.967,1820.6,1.338,14.495,1.545,0.167,0.127,0.0,0,354900,68000,0.0,recreational,0
P00529,1.906,710.7,1.406,17.184,1.0,0.333,0.082,0.5,0,79900,54000,27000.0,recreational,0
P00530,14.894,1620.8,1.701,37.649,1.541,1.5,0.107,0.892,0,741309,148000,132000.0,regular,0
P00531,3.85,174.4,1.258,16.949,0.75,0.333,0.051,0.0,0,33900,6000,0.0,recreational,0
P00532,116.083,1586.4,1.941,70.242,1.78,0.167,0.25,0.0,0,2945000,4000,0.0,at_risk,1
P00533,14.039,1626.9,1.912,32.561,1.879,0.833,0.213,1.774,0,704431,124000,220000.0,regular,0
P00534,4.2,348.9,1.262,14.957,0.5,0.167,0.037,0.0,0,63900,7000,0.0,recreational,0
P00535,3.422,1050.7,1.281,15.629,1.0,0.333,0.023,0.0,0,156800,30000,0.0,recreational,0
P00536,299.483,14931.2,2.284,131.02,2.032,3.667,0.433,0.0,0,41649444,410000,0.0,problem,1
P00537,23.411,1632.5,1.534,39.003,1.316,1.5,0.136,0.854,0,1210026,158000,135000.0,regular,0
P00538,5.367,124.2,1.203,15.701,1.5,0.667,0.0,0.25,0,32021,12000,3000.0,recreational,0
P00539,4.083,1050.5,1.398,15.571,1.0,0.333,0.086,0.581,0,197700,31000,18000.0,recreational,0
P00540,3.694,157.9,0.967,14.363,1.0,0.167,0.032,2.5,0,31000,2000,5000.0,recreational,0
P00541,38.422,1526.4,1.521,34.983,1.752,2.833,0.089,1.031,0,1949826,294000,303000.0,regular,0
P00542,70.778,354.4,1.589,71.997,1.429,9.667,0.292,0.0,0,627663,170000,0.0,at_risk,1
P00543,21.778,515.1,1.726,31.976,1.585,0.833,0.116,1.35,0,349965,20000,27000.0,regular,0
P00544,4.356,961.8,1.478,13.708,1.081,0.667,0.054,0.625,0,197517,88000,55000.0,recreational,0
P00545,146.689,3541.8,2.101,70.678,1.882,3.833,0.275,0.0,0,10430467,470000,0.0,at_risk,1
P00546,2.1,1041.0,1.096,18.674,1.0,0.333,0.056,0.0,0,99000,21000,0.0,recreational,0
P00547,5.678,904.2,1.229,14.101,1.125,0.333,0.034,1.812,0,257100,32000,58000.0,recreational,0
P00548,1.672,355.0,1.642,15.833,1.0,0.5,0.186,0.0,0,25917,14000,0.0,recreational,0
P00549,2.022,191.3,1.219,12.42,1.0,0.167,0.058,0.0,0,17800,5000,0.0,recreational,0
P00550,4.783,637.3,1.301,16.316,1.0,0.5,0.049,2.056,0,163500,36000,74000.0,recreational,0
P00551,1.167,2362.2,0.83,15.678,1.0,0.5,0.133,0.0,0,81800,47000,0.0,recreational,0
P00552,3.072,732.6,1.139,13.775,0.875,0.333,0.063,0.806,0,110200,31000,25000.0,recreational,0
P00553,11.394,1751.5,1.914,34.686,2.058,0.833,0.102,0.596,0,593813,109000,65000.0,regular,0
P00554,3.733,856.7,1.466,14.863,1.0,0.333,0.083,0.0,0,161700,18000,0.0,recreational,0
P00555,4.161,1136.1,1.043,14.414,0.304,0.5,0.019,0.383,0,181763,47000,18000.0,recreational,0
P00556,3.85,192.0,1.543,16.242,0.762,0.333,0.091,1.125,0,35800,8000,9000.0,recreational,0
P00557,4.239,617.1,1.305,15.324,2.06,0.333,0.101,1.188,0,163400,48000,57000.0,recreational,0
P00558,2.683,197.5,1.238,18.691,1.0,0.167,0.13,0.0,0,24100,2000,0.0,recreational,0
P00559,2.839,904.7,1.614,14.012,1.0,0.333,0.123,1.857,0,117400,14000,26000.0,recreational,0
P00560,5.133,1608.2,1.64,14.906,1.0,0.167,0.038,4.562,0,385300,16000,73000.0,recreational,0
P00561,1.167,813.6,1.24,15.607,1.0,0.167,0.0,0.0,0,52500,9000,0.0,recreational,0
P00562,26.172,1200.4,1.347,34.052,1.436,2.333,0.153,0.58,0,1068762,176000,102000.0,regular,0
P00563,2.994,859.1,1.301,15.733,1.356,0.167,0.0,0.869,0,136600,61000,53000.0,recreational,0
P00564,37.722,1507.3,1.59,34.239,1.179,2.5,0.178,0.989,0,1898633,266000,263000.0,regular,0
P00565,2.45,864.3,1.129,15.911,1.0,0.167,0.079,0.909,0,104200,22000,20000.0,recreational,0
P00566,26.756,1414.2,1.644,33.658,1.033,2.0,0.092,0.915,0,1128419,213000,195000.0,regular,0
P00567,0.428,1018.6,1.275,9.981,1.0,0.167,0.0,0.0,0,26200,38000,0.0,recreational,0
P00568,3.267,790.0,1.522,14.105,1.0,0.167,0.0,1.357,0,141300,14000,19000.0,recreational,0
P00569,5.717,1557.6,1.264,16.263,1.0,0.333,0.0,0.746,0,440333,63000,47000.0,recreational,0
P00570,2.683,170.3,1.222,16.959,1.278,0.5,0.043,0.455,0,21800,11000,5000.0,recreational,0
P00571,36.867,318.5,1.546,34.945,1.406,2.0,0.076,1.793,0,367829,29000,52000.0,regular,0
P00572,5.756,198.4,1.321,14.389,0.833,0.667,0.081,0.235,0,54800,17000,4000.0,recreational,0
P00573,1.283,813.3,1.211,13.8,1.0,0.333,0.212,0.694,0,53690,36000,25000.0,recreational,0
P00574,101.033,6910.6,1.946,70.478,1.811,0.833,0.241,0.0,0,12420890,121000,0.0,at_risk,1
P00575,27.533,457.9,1.59,37.082,1.709,2.333,0.177,1.319,0,444980,69000,91000.0,regular,0
P00576,3.228,342.6,1.339,12.284,1.5,0.167,0.084,5.0,0,53300,2000,10000.0,recreational,0
P00577,4.356,1078.6,1.125,15.198,2.0,0.333,0.089,0.811,0,190422,37000,30000.0,recreational,0
P00578,38.344,373.9,1.642,35.552,1.579,2.167,0.206,2.175,0,420078,57000,124000.0,regular,0
P00579,36.322,1678.7,1.676,35.33,1.423,2.5,0.12,0.929,0,1937114,367000,341000.0,regular,0
P00580,21.856,1217.1,1.79,35.571,1.38,2.0,0.139,1.0,0,872692,127000,127000.0,regular,0
P00581,33.367,1705.7,1.649,33.599,1.366,2.333,0.146,1.42,0,1701981,219000,311000.0,regular,0
P00582,2.917,1019.2,1.745,15.47,1.0,0.333,0.053,0.873,0,134300,63000,55000.0,recreational,0
P00583,3.967,169.4,1.354,15.297,1.085,0.333,0.059,1.125,0,33303,8000,9000.0,recreational,0
P00584,2.528,2871.2,1.316,20.45,1.0,0.333,0.015,0.524,0,267600,105000,55000.0,recreational,0
P00585,4.706,1088.0,1.428,16.293,1.0,0.5,0.066,0.444,0,212980,63000,28000.0,recreational,0
P00586,46.161,340.7,1.528,35.355,1.299,2.333,0.131,1.365,0,491098,52000,71000.0,regular,0
P00587,3.889,174.5,1.336,15.99,1.0,0.167,0.02,1.625,0,31600,8000,13000.0,recreational,0
P00588,6.65,132.0,1.557,15.589,3.0,0.833,0.158,0.579,0,38668,19000,11000.0,recreational,0
P00589,4.239,188.4,1.279,14.71,1.0,0.333,0.0,1.333,0,38000,9000,12000.0,recreational,0
P00590,4.9,936.9,1.33,14.843,0.919,0.667,0.048,0.412,0,229200,34000,14000.0,recreational,0
P00591,3.811,1221.8,1.356,15.1,0.767,0.333,0.133,0.562,0,192517,32000,18000.0,recreational,0
P00592,2.606,134.8,1.263,17.239,1.5,0.5,0.03,0.688,0,21300,16000,11000.0,recreational,0
P00593,16.994,2069.2,1.544,33.033,1.548,1.167,0.059,0.883,0,892027,137000,121000.0,regular,0
P00594,0.428,160.1,1.25,16.506,1.0,0.167,0.0,0.0,0,3500,2000,0.0,recreational,0
P00595,0.661,177.2,1.486,13.989,1.0,0.167,0.235,0.0,0,4300,2000,0.0,recreational,0
P00596,5.056,101.3,1.191,15.707,1.0,0.5,0.092,0.0,0,27400,6000,0.0,recreational,0
P00597,0.778,974.1,1.625,10.789,1.0,0.333,0.0,0.0,0,35909,22000,0.0,recreational,0
P00598,93.178,6785.4,1.993,72.232,1.909,0.333,0.289,0.0,0,11127687,39000,0.0,at_risk,1
P00599,1.244,170.4,1.19,17.84,1.0,0.167,0.031,0.0,0,12000,3000,0.0,recreational,0
P00600,107.683,3060.5,1.961,70.34,1.896,0.5,0.297,0.0,0,7169325,61000,0.0,at_risk,1
P00601,0.933,633.0,1.156,14.044,1.0,0.167,0.167,0.0,0,34500,20000,0.0,recreational,0
P00602,3.656,878.1,1.137,15.2,1.0,0.667,0.064,0.829,0,166069,70000,58000.0,recreational,0
P00603,3.267,660.4,0.909,15.565,1.0,0.167,0.0,2.375,0,136200,16000,38000.0,recreational,0
P00604,13.261,225.0,1.487,35.731,1.594,1.333,0.17,0.0,0,96213,27000,0.0,regular,0
P00605,96.989,1140.5,1.837,72.146,1.833,2.167,0.322,0.0,0,2279239,66000,0.0,at_risk,1
P00606,0.661,785.6,1.503,12.325,1.0,0.167,0.0,0.0,0,28400,11000,0.0,recreational,0
P00607,5.367,197.8,1.597,14.465,1.0,0.5,0.0,0.889,0,50352,9000,8000.0,recreational,0
P00608,1.167,1096.4,1.529,15.706,0.812,0.167,0.167,0.0,0,57800,12000,0.0,recreational,0
P00609,1.283,881.4,1.452,11.671,1.571,0.333,0.0,0.0,0,54300,20000,0.0,recreational,0
P00610,2.567,935.5,1.101,15.209,1.0,0.333,0.03,1.786,0,111937,14000,25000.0,recreational,0
P00611,107.061,675.8,1.744,66.608,1.498,0.667,0.336,0.0,0,1523477,15000,0.0,at_risk,1
P00612,2.722,157.6,1.39,10.999,1.5,0.333,0.014,0.0,0,22800,6000,0.0,recreational,0
P00613,24.072,486.3,1.675,35.5,1.326,0.833,0.105,2.75,0,400563,28000,77000.0,regular,0
P00614,31.656,3360.9,1.539,35.164,1.454,1.167,0.197,1.758,0,3003500,190000,334000.0,regular,0
P00615,4.939,1219.5,1.287,14.246,1.476,0.5,0.047,0.771,0,232600,70000,54000.0,recreational,0
P00616,4.083,1457.1,1.414,13.575,0.774,0.167,0.057,0.0,0,284100,23000,0.0,recreational,0
P00617,10.033,1635.6,1.495,37.032,2.145,1.333,0.043,0.391,0,485121,115000,45000.0,regular,0
P00618,0.544,665.5,2.101,10.341,1.0,0.167,0.0,0.0,0,20800,16000,0.0,recreational,0
P00619,5.561,189.9,1.315,17.87,0.5,0.5,0.091,3.571,0,53405,7000,25000.0,recreational,0
P00620,42.856,1622.6,1.55,36.465,1.609,3.833,0.113,0.939,0,2204520,310000,291000.0,regular,0
P00621,6.144,970.9,1.351,15.418,1.0,0.5,0.07,1.484,0,281812,64000,95000.0,recreational,0
P00622,21.972,1720.8,1.677,33.917,2.383,1.333,0.12,1.02,0,1209981,150000,153000.0,regular,0
P00623,3.811,1527.0,1.134,14.508,0.25,0.667,0.041,0.99,0,186147,98000,97000.0,recreational,0
P00624,1.206,95.7,1.206,14.511,0.667,0.333,0.0,0.375,0,6600,8000,3000.0,recreational,0
P00625,1.05,1012.2,1.762,12.574,1.0,0.167,0.111,0.0,0,45100,17000,0.0,recreational,0
P00626,3.539,166.4,1.446,16.516,1.0,0.333,0.0,0.556,0,28900,9000,5000.0,recreational,0
P00627,3.656,1228.4,1.123,16.665,0.818,0.667,0.0,0.727,0,216480,66000,48000.0,recreational,0
P00628,3.578,248.0,1.438,17.141,1.0,0.167,0.109,2.0,0,33300,3000,6000.0,recreational,0
P00629,3.033,980.5,1.401,14.885,1.0,0.333,0.077,1.483,0,141100,29000,43000.0,recreational,0
P00630,2.956,161.9,1.205,16.017,1.25,0.5,0.013,0.0,0,18905,9000,0.0,recreational,0
P00631,2.139,801.4,1.278,16.299,1.0,0.333,0.055,0.0,0,88700,41000,0.0,recreational,0
P00632,1.944,762.4,1.303,17.662,1.0,0.333,0.02,0.0,0,82600,36000,0.0,recreational,0
P00633,3.967,182.8,1.571,16.139,2.909,0.167,0.078,0.571,0,32013,7000,4000.0,recreational,0
P00634,2.722,761.1,1.039,17.485,1.3,0.167,0.143,0.0,0,101200,7000,0.0,recreational,0
P00635,1.011,291.7,1.097,13.798,0.857,0.167,0.0,0.0,0,15900,8000,0.0,recreational,0
P00636,3.033,1082.7,1.015,13.519,1.562,0.333,0.0,1.0,0,131300,28000,28000.0,recreational,0
P00637,2.994,189.4,1.395,15.9,1.0,0.167,0.0,0.0,0,28400,5000,0.0,recreational,0
P00638,0.583,3228.3,1.39,15.273,1.05,0.167,0.0,0.8,0,51100,40000,32000.0,recreational,0
P00639,25.083,1971.9,1.551,37.095,1.233,1.167,0.116,1.954,0,1680864,130000,254000.0,regular,0
P00640,11.939,1600.8,1.661,34.616,1.662,0.667,0.147,1.191,0,613755,68000,81000.0,regular,0
P00641,3.733,889.3,1.223,14.553,0.638,0.667,0.135,1.0,0,168025,32000,32000.0,recreational,0
P00642,24.539,190.3,1.405,34.572,1.4,3.5,0.163,0.0,0,166029,50000,0.0,regular,0
P00643,3.461,177.8,1.147,15.489,0.911,0.5,0.101,0.333,0,31300,12000,4000.0,recreational,0
P00644,2.061,691.0,1.227,13.211,0.876,0.5,0.019,0.447,0,90900,47000,21000.0,recreational,0
P00645,3.072,1006.6,0.914,14.692,0.63,0.5,0.025,0.857,0,135100,63000,54000.0,recreational,0
P00646,1.906,263.3,0.978,13.291,0.5,0.5,0.082,0.0,0,29100,9000,0.0,recreational,0
P00647,0.428,160.1,0.504,19.58,1.0,0.167,0.0,0.0,0,3500,2000,0.0,recreational,0
P00648,3.656,170.8,1.002,15.946,1.0,0.167,0.053,2.5,0,30100,2000,5000.0,recreational,0
P00649,3.967,1777.6,1.076,15.535,1.0,0.5,0.01,0.549,0,339128,122000,67000.0,recreational,0
P00650,4.472,866.1,1.244,13.978,1.667,0.5,0.043,0.0,0,199200,29000,0.0,recreational,0
P00651,0.506,787.9,1.074,23.291,0.655,0.167,0.0,0.0,0,22200,20000,0.0,recreational,0
P00652,5.094,181.6,1.371,14.509,1.0,0.333,0.0,0.0,0,44200,9000,0.0,recreational,0
P00653,3.578,1578.6,1.374,16.513,3.389,0.167,0.065,1.025,0,322900,40000,41000.0,recreational,0
P00654,4.783,882.9,1.188,14.902,0.429,0.5,0.024,0.0,0,213000,53000,0.0,recreational,0
P00655,4.433,1486.0,1.554,14.758,1.0,0.333,0.114,2.022,0,314000,45000,91000.0,recreational,0
P00656,2.8,990.2,1.363,13.854,1.905,0.333,0.0,0.0,0,134900,37000,0.0,recreational,0
P00657,5.833,889.9,1.1,14.905,1.0,0.5,0.167,1.0,0,247900,43000,43000.0,recreational,0
P00658,3.733,1751.1,1.31,16.019,1.92,0.333,0.031,1.337,0,327200,104000,139000.0,recreational,0
P00659,32.122,1629.0,1.494,35.313,1.695,3.333,0.134,0.793,0,1590644,338000,268000.0,regular,0
P00660,24.656,1569.8,1.658,32.522,1.67,1.333,0.103,1.281,0,1280805,199000,255000.0,regular,0
P00661,1.322,246.6,1.018,13.684,1.0,0.167,0.0,0.0,0,17300,7000,0.0,recreational,0
P00662,1.167,827.0,1.119,15.537,3.333,0.5,0.267,0.0,0,50300,22000,0.0,recreational,0
P00663,29.244,1405.0,1.507,37.184,1.685,2.5,0.118,0.979,0,1454451,240000,235000.0,regular,0
P00664,30.178,527.2,1.64,34.51,1.769,0.667,0.173,3.312,0,513703,32000,106000.0,regular,0
P00665,2.1,1054.0,1.543,15.505,1.0,0.333,0.0,0.917,0,101300,72000,66000.0,recreational,0
P00666,7.0,277.8,1.273,15.704,1.0,0.5,0.089,1.273,0,66700,11000,14000.0,recreational,0
P00667,38.189,1450.1,1.598,34.925,1.472,3.167,0.125,0.981,0,1927562,363000,356000.0,regular,0
P00668,5.95,963.6,1.376,14.706,2.394,0.333,0.105,2.545,0,262200,33000,84000.0,recreational,0
P00669,14.622,2477.8,1.571,32.703,1.479,0.833,0.207,1.249,0,1250331,173000,216000.0,regular,0
P00670,2.839,825.7,1.24,15.84,2.231,0.667,0.11,0.32,0,123300,50000,16000.0,recreational,0
P00671,1.556,222.1,1.337,13.864,1.0,0.333,0.0,0.0,0,20500,9000,0.0,recreational,0
P00672,28.272,222.4,1.469,35.887,1.36,3.667,0.114,0.258,0,194953,66000,17000.0,regular,0
P00673,3.422,385.5,1.209,15.381,0.333,0.667,0.011,0.821,0,56300,28000,23000.0,recreational,0
P00674,4.472,984.3,1.241,14.61,0.587,0.667,0.13,0.0,0,199600,65000,0.0,recreational,0
P00675,13.883,1426.8,1.664,31.223,1.856,1.5,0.104,0.617,0,643723,149000,92000.0,regular,0
P00676,52.461,8019.0,1.782,68.919,1.548,1.5,0.347,0.0,0,7666433,264000,0.0,at_risk,1
P00677,2.761,615.4,1.154,15.286,1.0,0.5,0.042,0.649,0,97600,37000,24000.0,recreational,0
P00678,580.728,24810.5,2.425,132.762,1.992,2.5,0.401,0.0,0,128716213,381000,0.0,problem,1
P00679,3.422,287.0,1.462,16.263,0.25,0.167,0.034,1.25,0,51300,4000,5000.0,recreational,0
P00680,2.372,1103.3,1.28,15.332,1.0,0.333,0.0,0.0,0,105800,19000,0.0,recreational,0
P00681,35.739,1737.4,1.682,34.325,1.578,2.833,0.104,1.421,0,1839115,380000,540000.0,regular,0
P00682,0.933,131.7,1.376,17.76,1.0,0.167,0.0,1.0,0,7453,5000,5000.0,recreational,0
P00683,101.383,1146.9,1.85,67.762,1.863,2.333,0.275,0.0,0,1508304,57000,0.0,at_risk,1
P00684,5.094,977.4,1.231,15.107,0.667,0.167,0.0,2.385,0,218400,13000,31000.0,recreational,0
P00685,3.422,221.8,1.944,14.777,1.0,0.5,0.091,1.059,0,32100,17000,18000.0,recreational,0
P00686,2.917,312.3,1.318,15.737,1.0,0.167,0.133,3.5,0,45600,4000,14000.0,recreational,0
P00687,2.411,683.2,1.099,14.63,0.818,0.167,0.032,0.0,0,102100,19000,0.0,recreational,0
P00688,20.883,1703.4,1.585,36.987,1.309,2.0,0.244,1.136,0,1078550,206000,234000.0,regular,0
P00689,2.372,1923.6,1.284,16.547,0.517,0.333,0.066,0.0,0,182700,52000,0.0,recreational,0
P00690,3.772,267.8,1.114,14.224,1.178,0.5,0.021,0.5,0,57500,16000,8000.0,recreational,0
P00691,3.111,167.5,1.37,17.281,1.0,0.333,0.025,0.0,0,19810,4000,0.0,recreational,0
P00692,3.306,1488.1,1.223,14.943,0.935,0.667,0.024,1.131,0,169629,61000,69000.0,recreational,0
P00693,6.961,2343.3,1.453,16.114,1.0,0.667,0.011,1.468,0,661600,139000,204000.0,recreational,0
P00694,20.3,2181.7,1.599,31.416,1.381,1.0,0.109,2.934,0,1633197,197000,578000.0,regular,0
P00695,0.894,1767.9,1.316,11.575,1.0,0.333,0.0,0.647,0,85600,51000,33000.0,recreational,0
P00696,4.939,843.8,1.366,13.831,5.143,0.333,0.0,1.093,0,213100,43000,47000.0,recreational,0
P00697,1.906,835.3,1.372,14.989,1.273,0.333,0.041,0.8,0,83900,25000,20000.0,recreational,0
P00698,0.856,167.5,1.563,14.933,1.0,0.333,0.0,0.571,0,6110,7000,4000.0,recreational,0
P00699,5.25,828.8,1.179,15.012,1.333,0.333,0.081,1.222,0,229100,18000,22000.0,recreational,0
P00700,3.228,1144.9,1.496,14.597,1.0,0.333,0.108,0.476,0,145595,42000,20000.0,recreational,0
P00701,0.35,92.8,1.389,12.327,1.0,0.167,0.0,0.667,0,2600,3000,2000.0,recreational,0
P00702,2.8,887.7,1.216,15.436,1.0,0.167,0.0,0.0,0,119400,23000,0.0,recreational,0
P00703,4.2,169.6,1.469,14.818,1.75,0.5,0.037,0.0,0,25900,6000,0.0,recreational,0
P00704,32.589,335.3,1.519,36.979,1.463,1.833,0.131,1.216,0,350980,37000,45000.0,regular,0
P00705,2.8,225.4,1.237,13.435,1.0,0.5,0.0,0.8,0,38100,10000,8000.0,recreational,0
P00706,28.428,1623.2,1.608,34.546,1.566,0.833,0.157,2.293,0,1459706,92000,211000.0,regular,0
P00707,4.978,201.2,1.577,12.96,0.5,0.5,0.055,1.091,0,44700,11000,12000.0,recreational,0
P00708,2.372,173.1,1.386,17.632,1.0,0.333,0.0,1.0,0,19900,5000,5000.0,recreational,0
P00709,41.261,225.2,1.545,33.524,1.425,4.667,0.137,0.429,0,287932,84000,36000.0,regular,0
P00710,4.706,943.8,1.205,17.313,1.0,0.167,0.066,1.308,0,207800,13000,17000.0,recreational,0
P00711,2.1,1146.7,1.572,19.429,1.0,0.167,0.0,0.0,0,100100,12000,0.0,recreational,0
P00712,3.072,112.0,1.447,14.31,1.933,0.167,0.051,0.0,0,16200,3000,0.0,recreational,0
P00713,3.5,1109.0,1.412,15.007,0.909,0.5,0.144,0.0,0,166227,42000,0.0,recreational,0
P00714,3.306,201.1,1.167,13.124,1.397,0.833,0.035,0.0,0,31845,12000,0.0,recreational,0
P00715,25.317,1640.7,1.717,37.915,1.322,1.333,0.112,1.64,0,1317391,178000,292000.0,regular,0
P00716,2.178,1101.4,1.324,18.095,1.667,0.333,0.0,0.547,0,102445,53000,29000.0,recreational,0
P00717,6.067,190.6,1.218,15.808,0.917,0.333,0.051,0.5,0,51500,6000,3000.0,recreational,0
P00718,1.206,199.7,2.055,12.711,1.0,0.167,0.129,0.0,0,11000,3000,0.0,recreational,0
P00719,2.956,184.8,1.509,14.826,3.0,0.167,0.079,1.5,0,25800,2000,3000.0,recreational,0
P00720,34.261,1402.6,1.561,36.845,1.181,2.167,0.099,1.489,0,1412657,219000,326000.0,regular,0
P00721,5.639,1526.0,1.283,16.183,1.268,0.333,0.041,1.904,0,412600,52000,99000.0,recreational,0
P00722,31.072,2037.0,1.56,38.333,1.495,1.5,0.169,1.203,0,2105791,182000,219000.0,regular,0
P00723,1.4,1120.8,1.547,16.818,1.0,0.167,0.222,0.0,0,65400,7000,0.0,recreational,0
P00724,1.828,638.5,1.439,16.924,1.0,0.167,0.043,2.167,0,73300,18000,39000.0,recreational,0
P00725,2.294,697.1,1.122,17.699,1.544,0.333,0.068,0.525,0,102900,61000,32000.0,recreational,0
P00726,36.089,2885.3,1.433,32.459,1.306,2.667,0.077,0.982,0,3175219,709000,696000.0,regular,0
P00727,3.811,1044.2,1.196,15.424,1.0,0.333,0.133,0.725,0,180900,40000,29000.0,recreational,0
P00728,1.011,196.4,1.767,18.859,1.0,0.167,0.0,0.0,0,9000,2000,0.0,recreational,0
P00729,172.356,2948.1,1.935,68.126,1.794,0.167,0.289,0.0,0,9676600,15000,0.0,at_risk,1
P00730,3.383,249.3,1.569,15.261,1.0,0.333,0.0,0.875,0,32242,8000,7000.0,recreational,0
P00731,4.667,323.0,1.452,15.01,0.583,0.5,0.075,0.824,0,68800,17000,14000.0,recreational,0
P00732,13.611,306.4,1.586,34.962,1.402,0.833,0.071,0.812,0,138429,16000,13000.0,regular,0
P00733,3.072,793.5,1.411,17.139,1.556,0.167,0.089,0.767,0,112300,30000,23000.0,recreational,0
P00734,2.878,862.6,1.211,15.883,1.0,0.333,0.0,0.725,0,124700,40000,29000.0,recreational,0
P00735,1.594,180.6,1.468,14.582,1.0,0.167,0.073,0.0,0,13500,3000,0.0,recreational,0
P00736,20.961,1761.9,1.572,37.085,1.658,0.667,0.128,1.416,0,1116191,113000,160000.0,regular,0
P00737,2.1,240.8,1.116,16.817,1.0,0.167,0.019,1.692,0,28600,13000,22000.0,recreational,0
P00738,28.933,1665.2,1.581,34.39,1.411,1.333,0.13,2.329,0,1467026,170000,396000.0,regular,0
P00739,20.572,1598.3,1.664,36.032,1.812,0.833,0.157,1.097,0,1039121,103000,113000.0,regular,0
P00740,2.606,1140.6,1.717,16.277,1.0,0.333,0.0,0.0,0,117300,18000,0.0,recreational,0
P00741,2.644,233.6,2.123,14.791,1.0,0.167,0.088,2.5,0,22800,2000,5000.0,recreational,0
P00742,36.089,213.2,1.567,32.921,1.62,4.333,0.125,0.131,0,252048,61000,8000.0,regular,0
P00743,0.544,747.2,0.959,12.524,1.0,0.333,0.0,0.0,0,19400,15000,0.0,recreational,0
P00744,5.406,1099.4,1.38,15.789,1.135,0.5,0.058,0.923,0,232800,65000,60000.0,recreational,0
P00745,0.35,503.6,1.025,13.217,1.0,0.167,0.0,0.0,0,15400,28000,0.0,recreational,0
P00746,18.939,208.0,1.589,34.141,1.64,3.5,0.234,0.113,0,135591,53000,6000.0,regular,0
P00747,3.15,267.9,1.459,15.403,1.583,0.167,0.0,0.0,0,40500,5000,0.0,recreational,0
P00748,0.35,687.6,0.764,15.907,1.0,0.167,0.0,0.0,0,13100,20000,0.0,recreational,0
P00749,4.122,217.4,1.16,14.41,1.0,0.667,0.085,0.923,0,39486,13000,12000.0,recreational,0
P00750,4.394,303.8,1.365,16.751,1.167,0.333,0.035,0.438,0,66500,16000,7000.0,recreational,0
P00751,491.478,40437.3,2.411,129.928,1.974,0.167,0.434,0.0,1,116807274,30000,0.0,problem,1
P00752,3.811,711.6,1.505,14.47,1.0,0.167,0.041,0.647,0,132600,17000,11000.0,recreational,0
P00753,12.056,3190.9,1.68,32.171,2.269,1.167,0.132,0.75,0,1051254,312000,234000.0,regular,0
P00754,28.622,302.0,1.549,33.772,1.56,2.833,0.132,0.408,0,294071,49000,20000.0,regular,0
P00755,5.483,754.3,0.924,14.084,0.959,1.0,0.043,1.107,0,218437,103000,114000.0,recreational,0
P00756,33.483,1640.4,1.447,36.77,1.35,3.5,0.082,1.459,0,1712990,355000,518000.0,regular,0
P00757,138.289,3903.6,1.968,67.364,1.684,0.5,0.289,0.0,0,10062754,30000,0.0,at_risk,1
P00758,4.122,880.4,1.202,15.367,0.833,0.5,0.047,1.235,0,186067,34000,42000.0,recreational,0
P00759,30.217,1546.6,1.705,33.36,1.78,2.167,0.117,0.76,0,1572044,254000,193000.0,regular,0
P00760,4.433,300.8,1.375,13.805,1.0,0.333,0.088,1.0,0,65300,9000,9000.0,recreational,0
P00761,12.211,535.1,1.941,35.397,1.713,0.667,0.134,2.938,0,213597,16000,47000.0,regular,0
P00762,3.383,1124.9,1.242,15.154,0.946,0.167,0.092,0.633,0,161600,30000,19000.0,recreational,0
P00763,32.083,2024.0,1.688,34.55,1.406,2.5,0.118,1.056,0,1733234,250000,264000.0,regular,0
P00764,2.839,197.9,1.431,16.473,1.0,0.167,0.0,1.0,0,25100,4000,4000.0,recreational,0
P00765,0.506,640.7,1.202,13.341,1.0,0.333,0.0,0.0,0,14648,12000,0.0,recreational,0
P00766,119.778,3597.2,1.859,69.675,1.576,0.333,0.338,0.0,0,8330662,45000,0.0,at_risk,1
P00767,2.722,301.0,1.185,14.287,1.0,0.333,0.086,1.188,0,38100,32000,38000.0,recreational,0
P00768,8.75,1085.2,1.318,14.974,1.064,0.5,0.076,1.688,0,394674,48000,81000.0,recreational,0
P00769,25.628,1540.3,1.712,34.398,2.061,1.167,0.131,2.688,0,1330199,93000,250000.0,regular,0
P00770,231.311,8309.9,2.075,71.19,1.923,0.167,0.25,0.0,0,29651400,32000,0.0,at_risk,1
P00771,3.072,141.2,1.193,17.043,3.5,0.167,0.177,0.625,0,25100,8000,5000.0,recreational,0
P00772,17.617,1682.5,1.434,34.424,1.525,1.5,0.097,0.839,0,939164,155000,130000.0,regular,0
P00773,48.572,2659.1,1.666,34.178,1.475,2.333,0.11,1.584,0,4221473,399000,632000.0,regular,0
P00774,109.278,396.6,1.672,71.861,1.503,12.0,0.364,0.0,0,1042480,199000,0.0,at_risk,1
P00775,3.733,1093.2,1.565,14.526,1.0,0.333,0.083,0.88,0,175200,25000,22000.0,recreational,0
P00776,1.594,215.4,1.481,17.128,0.286,0.333,0.171,0.5,0,15400,10000,5000.0,recreational,0
P00777,32.978,1530.3,1.596,34.229,1.581,1.5,0.118,1.944,0,1692670,197000,383000.0,regular,0
P00778,34.728,1343.2,1.693,34.585,2.186,3.0,0.155,1.496,0,1425291,226000,338000.0,regular,0
P00779,5.289,754.9,1.487,13.827,2.0,0.333,0.007,1.714,0,190600,14000,24000.0,recreational,0
P00780,3.383,1098.0,1.553,14.796,1.538,0.167,0.126,1.476,0,162200,21000,31000.0,recreational,0
P00781,1.517,867.5,0.943,11.71,1.0,0.167,0.077,0.0,0,63100,12000,0.0,recreational,0
P00782,27.767,499.3,1.684,35.001,1.671,1.333,0.148,1.727,0,482371,55000,95000.0,regular,0
P00783,23.878,1624.3,1.519,34.559,1.39,1.333,0.098,1.382,0,1191656,102000,141000.0,regular,0
P00784,4.628,1876.7,1.102,16.03,1.0,0.333,0.025,0.833,0,416517,90000,75000.0,recreational,0
P00785,3.072,946.5,1.181,15.037,1.0,0.333,0.013,1.0,0,142400,33000,33000.0,recreational,0
P00786,3.656,310.0,1.579,16.144,2.333,0.333,0.085,0.714,0,52249,14000,10000.0,recreational,0
P00787,17.578,323.3,1.625,34.847,2.036,0.833,0.173,2.0,0,179528,15000,30000.0,regular,0
P00788,2.722,757.6,1.24,16.805,1.192,0.5,0.114,0.824,0,119700,85000,70000.0,recreational,0
P00789,2.45,1380.3,1.439,16.165,0.308,0.5,0.048,0.582,0,184571,122000,71000.0,recreational,0
P00790,3.228,386.4,1.273,16.232,1.0,0.167,0.0,1.8,0,49800,5000,9000.0,recreational,0
P00791,31.306,1222.5,1.631,34.052,1.454,2.167,0.106,1.337,0,1281706,187000,250000.0,regular,0
P00792,3.85,689.3,1.371,15.826,1.0,0.333,0.091,1.056,0,141100,18000,19000.0,recreational,0
P00793,2.683,240.6,1.417,16.038,1.0,0.167,0.043,1.0,0,27200,4000,4000.0,recreational,0
P00794,1.206,204.9,2.021,9.918,1.0,0.333,0.0,0.857,0,10100,7000,6000.0,recreational,0
P00795,360.656,11632.7,2.359,132.099,1.882,1.333,0.439,0.0,1,41260109,103000,0.0,problem,1
P00796,0.972,2304.4,0.949,19.398,1.0,0.5,0.0,0.0,0,77400,75000,0.0,recreational,0
P00797,4.433,999.7,1.47,13.86,0.771,0.333,0.0,0.475,0,199878,40000,19000.0,recreational,0
P00798,1.789,628.5,1.327,16.822,1.0,0.333,0.109,1.483,0,61800,29000,43000.0,recreational,0
P00799,1.556,220.5,1.092,13.31,1.0,0.333,0.0,0.857,0,14400,7000,6000.0,recreational,0
P00800,24.539,2157.2,1.545,32.288,1.68,1.0,0.1,1.631,0,1702646,130000,212000.0,regular,0
P00801,28.156,1507.6,1.594,35.065,1.384,1.833,0.156,0.633,0,1416186,199000,126000.0,regular,0
P00802,3.189,1273.0,1.427,13.544,0.75,0.5,0.061,1.327,0,157300,49000,65000.0,recreational,0
P00803,37.022,1520.3,1.705,36.504,1.395,1.5,0.145,2.108,0,1846703,166000,350000.0,regular,0
P00804,4.9,1608.9,1.352,15.953,1.304,0.333,0.024,0.686,0,379200,102000,70000.0,recreational,0
P00805,97.922,2614.7,1.88,71.101,1.601,0.5,0.355,0.0,0,5429251,29000,0.0,at_risk,1
P00806,4.9,829.3,1.336,14.427,1.0,0.667,0.063,0.0,0,209402,33000,0.0,recreational,0
P00807,3.928,801.3,1.327,13.523,3.356,0.333,0.03,0.698,0,161500,63000,44000.0,recreational,0
P00808,19.6,3321.4,1.706,40.112,1.193,1.167,0.129,1.216,0,1999040,185000,225000.0,regular,0
P00809,175.039,4665.7,1.865,68.949,1.757,1.667,0.259,0.0,0,10378857,138000,0.0,at_risk,1
P00810,2.839,152.8,1.296,16.48,1.0,0.167,0.0,2.25,0,25800,4000,9000.0,recreational,0
P00811,27.922,1572.5,1.508,32.833,1.485,1.333,0.135,1.52,0,1405811,148000,225000.0,regular,0
P00812,43.478,1598.5,1.579,34.257,1.451,2.833,0.068,1.131,0,2188841,260000,294000.0,regular,0
P00813,24.617,1545.5,1.691,34.853,1.32,0.833,0.071,1.155,0,1236805,110000,127000.0,regular,0
P00814,2.917,833.4,1.252,15.404,0.5,0.333,0.093,0.0,0,120650,64000,0.0,recreational,0
P00815,0.311,1174.8,1.334,8.387,1.0,0.333,0.0,0.0,0,10580,14000,0.0,recreational,0
P00816,2.061,1407.2,1.594,14.009,1.0,0.333,0.019,0.978,0,110860,45000,44000.0,recreational,0
P00817,1.089,849.7,1.885,10.71,1.0,0.167,0.179,0.0,0,48000,13000,0.0,recreational,0
P00818,26.911,1702.2,1.613,36.241,1.233,2.0,0.082,0.821,0,1427772,251000,206000.0,regular,0
P00819,2.567,905.4,1.446,15.789,1.269,0.333,0.0,0.0,0,113800,23000,0.0,recreational,0
P00820,4.433,1165.6,1.181,15.573,1.203,0.333,0.061,0.844,0,215400,32000,27000.0,recreational,0
P00821,4.006,791.2,1.151,15.221,1.314,0.167,0.0,0.857,0,172800,21000,18000.0,recreational,0
P00822,15.283,1662.3,1.528,31.778,1.53,0.833,0.226,1.109,0,783962,92000,102000.0,regular,0
P00823,3.617,1420.9,1.048,14.459,1.0,0.333,0.075,0.885,0,258800,87000,77000.0,recreational,0
P00824,34.067,236.3,1.49,35.189,1.39,4.667,0.155,0.41,0,243367,83000,34000.0,regular,0
P00825,2.683,204.1,1.67,15.359,1.333,0.333,0.043,0.0,0,23900,6000,0.0,recreational,0
P00826,2.372,1074.7,1.531,12.861,0.606,0.167,0.0,0.0,0,100700,11000,0.0,recreational,0
P00827,28.661,2007.7,1.58,35.097,1.32,3.667,0.145,1.034,0,1918931,465000,481000.0,regular,0
P00828,6.222,1190.7,1.33,14.686,1.739,0.333,0.012,1.286,0,367700,42000,54000.0,recreational,0
P00829,23.528,1722.7,1.635,35.939,1.283,1.167,0.149,1.237,0,1066978,93000,115000.0,regular,0
P00830,2.256,913.5,1.391,15.208,1.0,0.333,0.121,0.784,0,97600,51000,40000.0,recreational,0
P00831,0.272,722.1,1.267,12.372,0.844,0.167,0.0,0.0,0,14100,45000,0.0,recreational,0
P00832,0.894,133.5,1.917,11.81,1.0,0.167,0.043,0.0,0,6100,3000,0.0,recreational,0
P00833,129.617,1412.8,1.855,70.436,1.688,1.0,0.3,0.0,0,3166437,43000,0.0,at_risk,1
P00834,2.333,214.6,1.659,16.142,1.0,0.5,0.133,1.056,0,23100,18000,19000.0,recreational,0
P00835,5.172,268.0,1.128,16.723,1.0,0.333,0.045,0.857,0,48700,7000,6000.0,recreational,0
P00836,2.45,1385.5,1.005,15.3,0.667,0.333,0.0,0.667,0,154672,48000,32000.0,recreational,0
P00837,380.217,22881.4,2.278,131.458,1.908,1.167,0.468,0.0,0,58513058,130000,0.0,problem,1
P00838,30.217,1700.3,1.715,31.494,1.727,1.667,0.093,0.971,0,1502353,172000,167000.0,regular,0
P00839,8.05,617.8,1.407,37.392,1.422,0.667,0.179,0.455,0,154983,22000,10000.0,regular,0
P00840,0.467,651.3,0.858,19.677,1.0,0.167,0.0,0.0,0,18800,26000,0.0,recreational,0
P00841,4.978,1055.8,1.16,14.681,0.174,0.667,0.008,0.765,0,226660,34000,26000.0,recreational,0
P00842,8.517,1284.7,1.354,36.503,1.765,1.0,0.233,0.748,0,388364,103000,77000.0,regular,0
P00843,37.606,1466.3,1.583,34.106,1.363,3.5,0.131,0.984,0,1927173,321000,316000.0,regular,0
P00844,17.422,1626.4,1.85,33.386,1.415,1.167,0.107,1.411,0,863543,112000,158000.0,regular,0
P00845,35.233,329.9,1.579,34.093,1.434,1.5,0.111,2.065,0,373846,46000,95000.0,regular,0
P00846,35.622,1770.9,1.544,35.004,1.69,2.167,0.12,1.268,0,1888510,209000,265000.0,regular,0
P00847,3.928,191.5,1.347,14.71,1.333,0.167,0.069,0.0,0,33800,3000,0.0,recreational,0
P00848,2.761,861.4,1.355,15.643,1.0,0.167,0.0,0.0,0,118200,17000,0.0,recreational,0
P00849,83.144,390.6,1.61,70.39,1.483,11.167,0.322,0.0,0,772256,176000,0.0,at_risk,1
P00850,1.867,196.1,1.312,14.297,1.0,0.167,0.0,0.714,0,18400,7000,5000.0,recreational,0
P00851,4.667,118.6,1.516,14.528,1.0,0.333,0.05,0.6,0,26800,5000,3000.0,recreational,0
P00852,6.106,775.7,1.266,15.151,1.633,0.5,0.019,0.717,0,250700,46000,33000.0,recreational,0
P00853,1.75,884.4,1.298,18.873,1.0,0.333,0.267,0.886,0,84900,35000,31000.0,recreational,0
P00854,48.3,548.9,1.7,36.636,1.5,2.333,0.11,1.8,0,859369,95000,171000.0,regular,0
P00855,21.817,613.1,1.47,35.873,1.275,1.667,0.162,1.189,0,362606,74000,88000.0,regular,0
P00856,4.317,775.0,1.361,16.366,1.999,0.5,0.045,0.0,0,189000,29000,0.0,recreational,0
P00857,2.722,197.5,1.418,17.466,2.042,0.167,0.014,0.0,0,25800,5000,0.0,recreational,0
P00858,4.589,178.9,1.429,13.386,2.25,0.333,0.11,0.0,0,40100,4000,0.0,recreational,0
P00859,24.733,1505.1,1.44,34.855,1.207,1.5,0.14,0.696,0,1234566,158000,110000.0,regular,0
P00860,3.461,280.0,1.635,15.536,1.0,0.167,0.146,0.6,0,33100,5000,3000.0,recreational,0
P00861,6.222,1027.3,1.213,15.676,1.734,0.833,0.062,1.13,0,290900,77000,87000.0,recreational,0
P00862,3.772,978.7,1.378,14.363,1.462,0.333,0.082,1.013,0,177500,75000,76000.0,recreational,0
P00863,1.478,302.7,1.994,17.784,1.0,0.167,0.0,1.429,0,22700,7000,10000.0,recreational,0
P00864,2.683,506.9,1.353,14.575,1.222,0.333,0.159,0.356,0,88300,45000,16000.0,recreational,0
P00865,17.111,555.9,1.566,34.578,1.952,0.833,0.114,1.075,0,293851,40000,43000.0,regular,0
P00866,5.911,1542.6,1.376,18.464,0.486,0.5,0.033,0.271,0,451927,85000,23000.0,recreational,0
P00867,1.867,1014.8,0.998,14.198,1.294,0.167,0.0,0.837,0,106300,43000,36000.0,recreational,0
P00868,4.278,705.3,1.179,16.888,1.192,0.167,0.055,0.0,0,150600,11000,0.0,recreational,0
P00869,4.2,782.8,1.715,16.279,1.75,0.167,0.019,1.609,0,160500,23000,37000.0,recreational,0
P00870,0.311,1308.1,1.859,16.531,1.0,0.167,0.0,0.0,0,14900,16000,0.0,recreational,0
P00871,27.339,359.6,1.64,33.809,1.561,1.0,0.165,1.737,0,284738,19000,33000.0,regular,0
P00872,4.006,1125.7,1.277,16.388,0.1,0.5,0.049,0.177,0,157314,62000,11000.0,recreational,0
P00873,33.95,3415.8,1.705,34.161,1.507,1.5,0.1,2.755,0,3170849,257000,708000.0,regular,0
P00874,0.428,903.8,0.994,20.792,1.0,0.167,0.0,0.0,0,19700,6000,0.0,recreational,0
P00875,40.639,1713.7,1.577,35.001,1.334,2.333,0.125,1.037,0,2129401,267000,277000.0,regular,0
P00876,1.517,289.6,1.484,17.141,1.0,0.167,0.0,0.0,0,23700,3000,0.0,recreational,0
P00877,2.411,257.8,1.712,14.858,0.771,0.167,0.016,0.0,0,34400,3000,0.0,recreational,0
P00878,0.311,932.0,1.0,19.237,1.0,0.167,0.0,0.0,0,12400,9000,0.0,recreational,0
P00879,0.894,1369.8,1.107,13.811,1.0,0.333,0.0,0.922,0,66900,128000,118000.0,recreational,0
P00880,5.561,782.9,1.319,17.014,1.0,0.667,0.042,1.464,0,200900,28000,41000.0,recreational,0
P00881,30.722,2568.2,1.627,35.914,1.398,1.0,0.159,1.954,0,2588546,284000,555000.0,regular,0
P00882,2.139,835.9,1.272,16.604,1.0,0.167,0.0,0.0,0,91200,16000,0.0,recreational,0
P00883,131.678,753.1,1.856,69.304,1.621,0.667,0.284,0.0,0,1862021,25000,0.0,at_risk,1
P00884,24.811,1552.1,1.644,33.525,1.582,1.667,0.122,1.641,0,1234969,170000,279000.0,regular,0
P00885,3.228,1071.8,1.161,15.832,0.571,0.167,0.036,0.0,0,146700,27000,0.0,recreational,0
P00886,15.361,599.0,1.667,37.057,1.925,1.667,0.063,0.898,0,289011,59000,53000.0,regular,0
P00887,2.994,835.2,1.06,14.581,1.0,0.167,0.0,0.0,0,130700,13000,0.0,recreational,0
P00888,4.589,1048.6,1.186,16.449,1.583,0.167,0.051,0.75,0,201500,24000,18000.0,recreational,0
P00889,2.45,1165.2,1.704,16.415,1.0,0.333,0.048,0.0,0,112500,21000,0.0,recreational,0
P00890,18.939,1452.2,1.385,37.668,1.24,1.333,0.092,0.847,0,942924,131000,111000.0,regular,0
P00891,1.633,1628.5,1.289,13.575,1.0,0.167,0.286,0.0,0,112700,6000,0.0,recreational,0
P00892,5.328,1049.9,1.353,14.632,0.973,0.167,0.051,1.0,0,265400,14000,14000.0,recreational,0
P00893,5.522,1356.2,1.526,18.361,1.12,0.167,0.127,1.97,0,404900,33000,65000.0,recreational,0
P00894,2.528,410.2,1.414,16.059,1.5,0.167,0.062,2.0,0,44700,4000,8000.0,recreational,0
P00895,1.672,1037.5,1.386,12.474,2.667,0.167,0.0,0.868,0,72800,38000,33000.0,recreational,0
P00896,0.778,323.6,1.236,13.932,1.375,0.167,0.15,0.562,0,12900,16000,9000.0,recreational,0
P00897,24.811,1673.9,1.709,36.284,1.724,1.667,0.13,1.598,0,1277159,229000,366000.0,regular,0
P00898,7.117,856.4,1.287,14.925,0.591,0.167,0.06,0.0,0,301500,13000,0.0,recreational,0
P00899,4.317,1179.0,1.443,15.766,1.506,0.167,0.081,1.125,0,200400,16000,18000.0,recreational,0
P00900,151.2,10132.8,2.191,125.96,1.639,3.667,0.456,0.0,0,18909877,348000,0.0,problem,1
P00901,154.156,4123.2,1.979,69.534,1.813,0.667,0.276,0.0,0,11250627,64000,0.0,at_risk,1
P00902,2.839,991.4,1.154,14.341,0.6,0.167,0.014,0.0,0,118800,17000,0.0,recreational,0
P00903,1.4,264.6,1.003,19.555,1.0,0.167,0.0,0.0,0,19900,10000,0.0,recreational,0
P00904,2.217,167.4,1.154,11.374,1.0,0.333,0.14,1.0,0,17200,6000,6000.0,recreational,0
P00905,130.044,392.1,1.659,71.59,1.583,16.167,0.272,0.0,0,1225060,253000,0.0,at_risk,1
P00906,3.656,210.4,1.304,14.989,1.0,0.333,0.011,0.857,0,34200,7000,6000.0,recreational,0
P00907,4.667,193.4,1.09,14.775,1.0,0.333,0.042,0.8,0,43900,5000,4000.0,recreational,0
P00908,4.511,809.8,1.172,14.202,1.325,0.5,0.009,0.0,0,194133,25000,0.0,recreational,0
P00909,4.472,165.3,1.046,14.284,0.429,0.5,0.052,0.0,0,39100,6000,0.0,recreational,0
P00910,2.294,808.1,1.252,16.011,1.0,0.5,0.068,0.0,0,100500,42000,0.0,recreational,0
P00911,32.356,222.6,1.444,35.593,1.465,3.167,0.157,0.396,0,234095,48000,19000.0,regular,0
P00912,1.983,154.0,1.42,15.381,1.0,0.333,0.0,0.375,0,13741,8000,3000.0,recreational,0
P00913,4.589,1018.6,1.258,15.875,0.754,0.667,0.017,0.879,0,209700,99000,87000.0,recreational,0
P00914,19.056,302.3,1.685,34.87,1.444,1.0,0.041,1.35,0,195827,20000,27000.0,regular,0
P00915,0.506,175.0,1.611,10.983,1.0,0.167,0.385,0.0,0,4300,5000,0.0,recreational,0
P00916,1.711,253.7,2.121,14.401,1.0,0.333,0.023,1.222,0,16400,9000,11000.0,recreational,0
P00917,0.389,914.3,1.51,19.151,1.0,0.167,0.0,0.0,0,20400,16000,0.0,recreational,0
P00918,33.989,320.7,1.715,34.59,1.487,2.167,0.098,2.0,0,352251,50000,100000.0,regular,0
P00919,1.906,266.9,1.272,18.611,1.0,0.167,0.102,1.333,0,26500,6000,8000.0,recreational,0
P00920,22.206,1682.2,1.682,37.518,1.735,0.833,0.105,0.865,0,1155873,200000,173000.0,regular,0
P00921,4.783,254.5,1.554,14.425,1.0,0.333,0.065,0.0,0,47770,10000,0.0,recreational,0
P00922,3.383,954.0,1.492,16.453,1.0,0.333,0.0,1.82,0,146600,50000,91000.0,recreational,0
P00923,0.311,103.5,1.125,19.502,1.0,0.167,0.0,0.0,0,1800,2000,0.0,recreational,0
P00924,2.022,760.0,1.089,15.354,1.462,0.333,0.077,0.0,0,80373,36000,0.0,recreational,0
P00925,2.178,991.7,1.166,15.811,1.0,0.5,0.018,0.0,0,97100,40000,0.0,recreational,0
P00926,21.389,1634.1,1.595,35.765,1.191,1.5,0.064,0.776,0,1099933,174000,135000.0,regular,0
P00927,4.433,271.4,1.214,14.259,1.0,0.167,0.053,1.5,0,66400,4000,6000.0,recreational,0
P00928,3.967,1730.9,1.347,18.182,0.794,0.333,0.0,0.444,0,300457,72000,32000.0,recreational,0
P00929,126.817,3945.6,2.057,71.204,2.012,0.667,0.285,0.0,0,9224785,140000,0.0,at_risk,1
P00930,2.761,977.7,1.314,14.472,1.0,0.5,0.0,0.6,0,127885,35000,21000.0,recreational,0
P00931,1.906,1485.8,1.312,17.313,1.0,0.333,0.0,0.661,0,133300,62000,41000.0,recreational,0
P00932,7.583,944.4,1.228,14.41,1.376,1.0,0.097,0.519,0,332800,106000,55000.0,recreational,0
P00933,1.944,864.8,1.208,13.954,1.0,0.167,0.0,0.0,0,84200,31000,0.0,recreational,0
P00934,295.478,683.6,1.747,129.708,1.593,50.333,0.403,0.0,0,3963293,869000,0.0,problem,1
P00935,458.928,16493.9,2.198,130.129,2.023,12.333,0.416,0.0,0,60205854,1201000,0.0,problem,1
P00936,1.828,169.8,1.729,14.965,1.0,0.333,0.106,1.25,0,17200,4000,5000.0,recreational,0
P00937,153.611,5108.4,1.883,69.328,1.756,0.833,0.279,0.0,0,11339734,88000,0.0,at_risk,1
P00938,3.811,1510.9,1.164,14.506,1.0,0.167,0.112,1.083,0,276700,24000,26000.0,recreational,0
P00939,600.794,4899.7,2.195,132.787,1.959,0.333,0.401,0.0,0,27780099,13000,0.0,problem,1
P00940,20.65,1684.2,1.62,38.758,1.48,2.0,0.081,1.245,0,1075421,204000,254000.0,regular,0
P00941,0.35,122.5,1.167,11.543,1.0,0.167,0.0,0.0,0,2400,2000,0.0,recreational,0
P00942,3.694,1685.6,1.328,17.333,1.93,0.167,0.084,3.167,0,321600,18000,57000.0,recreational,0
P00943,27.572,528.8,1.557,37.016,1.952,1.333,0.118,1.469,0,472357,49000,72000.0,regular,0
P00944,6.222,1133.5,1.31,12.089,1.011,0.167,0.044,0.543,0,288100,35000,19000.0,recreational,0
P00945,1.672,536.9,1.21,16.399,0.714,0.333,0.0,0.0,0,52400,21000,0.0,recreational,0
P00946,2.956,1829.2,1.249,15.723,0.127,0.5,0.079,0.0,0,271658,76000,0.0,recreational,0
P00947,0.272,1042.4,0.26,17.124,1.0,0.167,0.0,0.0,0,11900,20000,0.0,recreational,0
P00948,2.606,727.3,1.022,13.547,1.0,0.333,0.045,0.784,0,114500,37000,29000.0,recreational,0
P00949,4.2,914.1,1.218,16.062,0.846,0.333,0.083,0.846,0,194800,39000,33000.0,recreational,0
P00950,23.994,519.2,1.527,36.251,1.472,1.667,0.175,1.146,0,395700,48000,55000.0,regular,0
P00951,2.956,1007.7,1.315,18.015,1.0,0.667,0.158,0.302,0,140762,86000,26000.0,recreational,0
P00952,4.822,918.1,1.279,17.658,0.64,0.333,0.008,0.0,0,205237,27000,0.0,recreational,0
P00953,1.983,214.8,1.193,16.02,1.0,0.333,0.0,0.5,0,16961,12000,6000.0,recreational,0
P00954,4.472,997.8,1.518,15.279,1.0,0.167,0.026,0.0,0,204900,6000,0.0,recreational,0
P00955,2.994,1054.3,1.254,11.86,1.0,0.167,0.0,0.0,0,133000,23000,0.0,recreational,0
P00956,6.339,796.6,1.287,15.527,1.333,0.5,0.061,1.676,0,229400,34000,57000.0,recreational,0
P00957,0.428,1153.1,1.837,15.521,1.0,0.167,0.0,0.0,0,15600,13000,0.0,recreational,0
P00958,5.056,1108.8,1.28,16.092,1.0,0.167,0.023,1.818,0,293300,11000,20000.0,recreational,0
P00959,3.033,912.5,1.134,15.299,1.333,0.167,0.09,0.0,0,126500,25000,0.0,recreational,0
P00960,5.367,273.8,1.378,15.953,1.667,0.167,0.022,3.5,0,73700,2000,7000.0,recreational,0
P00961,25.628,1196.0,1.626,36.15,1.402,1.333,0.152,0.694,0,1003352,173000,120000.0,regular,0
P00962,3.072,953.8,1.273,14.86,0.341,0.167,0.0,0.867,0,133900,15000,13000.0,recreational,0
P00963,7.117,1857.3,1.72,34.891,1.032,0.833,0.055,1.21,0,354024,105000,127000.0,regular,0
P00964,3.383,222.9,1.479,13.76,1.362,0.5,0.069,0.176,0,30617,17000,3000.0,recreational,0
P00965,1.128,799.3,0.893,17.265,1.0,0.167,0.241,0.0,0,52500,25000,0.0,recreational,0
P00966,3.889,1095.6,1.32,16.05,1.0,0.333,0.08,1.657,0,185900,35000,58000.0,recreational,0
P00967,5.289,148.3,1.275,15.237,2.0,0.167,0.015,1.0,0,32800,7000,7000.0,recreational,0
P00968,5.95,849.7,1.356,13.786,1.0,0.5,0.111,0.78,0,215400,50000,39000.0,recreational,0
P00969,17.889,220.0,1.53,33.812,1.38,2.167,0.052,0.351,0,126192,37000,13000.0,regular,0
P00970,30.333,1560.7,1.577,36.131,1.26,2.5,0.065,1.526,0,1582626,215000,328000.0,regular,0
P00971,4.667,858.7,1.262,15.383,1.0,0.667,0.092,0.5,0,202712,52000,26000.0,recreational,0
P00972,304.539,3048.8,2.034,128.403,1.907,1.333,0.459,0.0,1,8674231,21000,0.0,problem,1
P00973,0.311,1056.9,2.054,16.698,1.0,0.167,0.0,0.0,0,13200,11000,0.0,recreational,0
P00974,4.122,852.5,1.159,18.919,0.652,0.333,0.038,1.048,0,180800,42000,44000.0,recreational,0
P00975,27.067,1621.5,1.492,37.675,1.634,2.833,0.053,0.526,0,1350657,361000,190000.0,regular,0
P00976,0.894,1266.6,1.171,15.321,1.0,0.167,0.261,1.267,0,45100,15000,19000.0,recreational,0
P00977,0.194,2149.4,1.381,15.993,1.0,0.167,0.4,0.0,0,21000,26000,0.0,recreational,0
P00978,3.928,777.4,1.295,14.629,1.0,0.167,0.01,1.081,0,171600,37000,40000.0,recreational,0
P00979,2.022,1218.5,1.309,17.629,1.833,0.333,0.096,0.0,0,130500,20000,0.0,recreational,0
P00980,3.033,790.5,1.277,13.233,0.391,0.333,0.077,1.474,0,124000,38000,56000.0,recreational,0
P00981,3.344,926.2,1.359,13.741,1.812,0.333,0.047,1.237,0,146595,76000,94000.0,recreational,0
P00982,3.422,1145.7,1.317,14.364,0.983,0.333,0.068,0.0,0,157900,21000,0.0,recreational,0
P00983,20.144,340.6,1.693,34.826,1.618,1.0,0.143,1.25,0,213909,24000,30000.0,regular,0
P00984,115.033,7194.8,2.026,72.212,1.857,0.833,0.326,0.0,0,16387542,224000,0.0,at_risk,1
P00985,1.089,322.4,1.235,10.514,0.917,0.167,0.036,0.0,0,15700,2000,0.0,recreational,0
P00986,3.811,1234.6,1.455,13.051,1.059,0.167,0.0,0.667,0,182725,21000,14000.0,recreational,0
P00987,5.444,1137.5,1.196,14.975,0.826,1.0,0.029,0.542,0,273477,155000,84000.0,recreational,0
P00988,4.589,319.0,1.278,13.83,1.5,0.5,0.017,1.0,0,67800,27000,27000.0,recreational,0
P00989,4.939,1074.2,1.309,14.107,1.294,0.833,0.094,0.0,0,231630,59000,0.0,recreational,0
P00990,3.772,204.4,1.224,15.844,1.0,0.5,0.01,0.913,0,32900,23000,21000.0,recreational,0
P00991,32.939,1728.0,1.53,37.572,1.605,2.667,0.155,1.435,0,1717098,271000,389000.0,regular,0
P00992,0.311,899.2,1.583,13.296,1.0,0.167,0.0,0.0,0,11600,10000,0.0,recreational,0
P00993,4.861,710.5,1.266,15.99,0.692,0.333,0.04,0.85,0,164100,20000,17000.0,recreational,0
P00994,4.9,847.5,1.514,15.136,1.0,0.333,0.032,1.208,0,204300,48000,58000.0,recreational,0
P00995,24.656,3149.9,1.674,36.663,1.223,0.667,0.093,4.786,0,2470667,131000,627000.0,regular,0
P00996,7.428,194.6,1.254,14.912,1.0,0.333,0.073,1.75,0,63826,8000,14000.0,recreational,0
P00997,30.022,3178.9,1.732,33.987,1.618,2.0,0.066,1.848,0,3100020,375000,693000.0,regular,0
P00998,12.172,3018.9,1.687,35.061,1.377,0.667,0.061,2.471,0,1111106,121000,299000.0,regular,0
P00999,4.122,925.7,1.147,16.599,1.0,0.333,0.028,0.943,0,198600,35000,33000.0,recreational,0
P01000,0.428,693.3,1.373,5.427,1.0,0.167,0.0,0.0,0,15900,25000,0.0,recreational,0
P01001,28.739,1504.5,1.58,37.054,1.234,1.833,0.087,0.872,0,1428844,164000,143000.0,regular,0
P01002,2.839,614.0,1.66,13.932,1.0,0.333,0.041,1.733,0,48600,15000,26000.0,recreational,0
P01003,1.867,972.2,1.103,16.139,1.03,0.333,0.0,0.746,0,86600,63000,47000.0,recreational,0
P01004,1.4,138.6,1.301,16.312,1.0,0.167,0.0,0.0,0,9519,2000,0.0,recreational,0
P01005,34.222,292.0,1.411,36.113,1.42,2.0,0.126,1.66,0,346686,50000,83000.0,regular,0
P01006,3.889,235.7,1.175,14.165,0.5,0.667,0.06,0.667,0,35900,9000,6000.0,recreational,0
P01007,0.389,156.3,0.417,11.017,1.0,0.167,0.0,0.0,0,3000,2000,0.0,recreational,0
P01008,4.161,134.6,1.215,15.752,1.0,0.5,0.037,0.375,0,33500,8000,3000.0,recreational,0
P01009,3.578,154.9,1.196,18.002,1.0,0.167,0.141,1.0,0,31500,8000,8000.0,recreational,0
P01010,4.083,197.0,1.146,14.675,2.0,0.5,0.0,0.0,0,37492,9000,0.0,recreational,0
P01011,1.711,641.4,1.193,16.28,1.056,0.167,0.0,0.0,0,67300,23000,0.0,recreational,0
P01012,4.511,210.4,1.434,13.534,1.0,0.5,0.078,0.333,0,39285,9000,3000.0,recreational,0
P01013,2.722,1046.6,1.202,15.68,1.0,0.333,0.071,0.0,0,125798,24000,0.0,recreational,0
P01014,5.25,185.2,1.244,14.246,0.806,0.833,0.044,0.214,0,47627,14000,3000.0,recreational,0
P01015,21.194,296.2,1.605,34.958,1.443,1.0,0.169,2.222,0,212434,27000,60000.0,regular,0
P01016,4.511,954.9,1.367,14.573,0.509,0.333,0.06,0.595,0,207400,42000,25000.0,recreational,0
P01017,30.372,2647.4,1.57,36.318,1.325,2.0,0.205,1.113,0,2583551,423000,471000.0,regular,0
P01018,27.417,1268.6,1.458,36.757,1.41,2.0,0.079,0.862,0,1076366,123000,106000.0,regular,0
P01019,20.689,308.9,1.529,35.512,1.772,1.5,0.203,1.657,0,218597,35000,58000.0,regular,0
P01020,0.778,151.7,1.69,17.733,1.0,0.333,0.4,0.833,0,7500,18000,15000.0,recreational,0
P01021,1.672,181.7,1.216,16.114,1.0,0.167,0.047,1.25,0,14800,4000,5000.0,recreational,0
P01022,0.467,1763.5,1.654,11.382,0.531,0.167,0.0,0.413,0,35900,75000,31000.0,recreational,0
P01023,66.422,2951.7,1.844,72.12,1.539,0.833,0.359,0.0,0,4453263,81000,0.0,at_risk,1
P01024,12.289,1438.4,1.415,38.795,1.313,1.0,0.079,1.292,0,594317,120000,155000.0,regular,0
P01025,3.928,173.9,1.174,14.202,2.0,0.333,0.0,0.75,0,32700,12000,9000.0,recreational,0
P01026,31.967,1758.0,1.55,36.31,1.79,1.833,0.12,1.036,0,1673600,224000,232000.0,regular,0
P01027,1.283,830.3,1.273,15.457,1.0,0.167,0.182,0.0,0,60700,24000,0.0,recreational,0
P01028,3.267,858.3,1.134,15.205,0.196,0.5,0.024,0.0,0,143252,37000,0.0,recreational,0
P01029,34.689,1762.3,1.618,34.904,1.4,1.5,0.15,2.059,0,1747293,188000,387000.0,regular,0
P01030,0.389,1490.1,1.614,10.358,1.0,0.167,0.0,0.0,0,22600,17000,0.0,recreational,0
P01031,543.667,18954.7,2.279,129.156,2.015,1.5,0.428,0.0,0,79002271,149000,0.0,problem,1
P01032,111.65,3811.3,1.977,68.627,1.516,1.833,0.312,0.0,0,8024326,201000,0.0,at_risk,1
P01033,88.55,375.9,1.601,68.689,1.469,9.667,0.299,0.0,0,837901,161000,0.0,at_risk,1
P01034,12.678,216.0,1.634,39.633,1.449,1.5,0.126,0.074,0,92782,27000,2000.0,regular,0
P01035,2.1,811.1,1.557,12.451,1.0,0.167,0.037,0.0,0,91900,18000,0.0,recreational,0
P01036,4.317,2515.2,1.334,17.555,2.023,0.5,0.045,0.986,0,418000,74000,73000.0,recreational,0
P01037,5.017,868.9,1.203,16.484,1.421,0.5,0.031,0.72,0,210505,50000,36000.0,recreational,0
P01038,21.117,2633.4,1.528,34.907,1.349,2.167,0.074,1.024,0,1826096,333000,341000.0,regular,0
P01039,0.389,485.9,1.1,4.242,1.0,0.167,0.0,0.0,0,12500,9000,0.0,recreational,0
P01040,41.144,1766.1,1.689,36.693,1.584,2.667,0.098,1.488,0,2130552,289000,430000.0,regular,0
P01041,2.839,980.0,1.214,14.746,1.0,0.167,0.0,2.188,0,137900,16000,35000.0,recreational,0
P01042,4.744,1435.9,1.156,15.318,1.0,0.333,0.041,1.328,0,337100,67000,89000.0,recreational,0
P01043,4.55,1235.6,1.214,15.505,0.867,0.5,0.034,0.881,0,210578,67000,59000.0,recreational,0
P01044,17.422,1513.9,1.747,33.035,1.79,1.0,0.118,0.932,0,779250,59000,55000.0,regular,0
P01045,0.544,1980.8,0.86,16.757,1.0,0.167,0.0,0.854,0,45800,48000,41000.0,recreational,0
P01046,0.272,566.9,1.06,14.18,1.0,0.167,0.0,0.0,0,13900,11000,0.0,recreational,0
P01047,5.872,2223.5,1.347,15.257,0.829,0.167,0.046,0.0,0,540500,43000,0.0,recreational,0
P01048,2.567,1028.1,1.234,15.743,0.933,0.333,0.015,0.333,0,119600,42000,14000.0,recreational,0
P01049,130.356,3549.7,1.884,69.428,1.801,1.167,0.25,0.0,0,8900138,121000,0.0,at_risk,1
P01050,2.139,836.8,1.633,21.236,1.0,0.333,0.0,1.346,0,88400,26000,35000.0,recreational,0
P01051,1.244,1004.2,1.728,12.932,1.0,0.167,0.0,0.0,0,52000,9000,0.0,recreational,0
P01052,2.722,1175.3,1.346,15.116,1.0,0.333,0.071,0.0,0,133300,19000,0.0,recreational,0
P01053,6.222,186.1,1.354,14.808,1.389,0.833,0.05,0.778,0,59000,27000,21000.0,recreational,0
P01054,0.35,156.3,1.75,16.672,1.0,0.167,0.444,0.0,0,2500,2000,0.0,recreational,0
P01055,0.233,1201.1,0.69,20.848,1.0,0.167,0.0,0.0,0,11000,14000,0.0,recreational,0
P01056,4.628,706.1,1.183,13.823,1.302,0.833,0.025,0.328,0,161586,64000,21000.0,recreational,0
P01057,4.356,321.3,1.59,16.043,1.0,0.333,0.009,0.952,0,67400,21000,20000.0,recreational,0
P01058,3.344,947.1,1.299,13.829,2.429,0.333,0.058,0.891,0,163500,46000,41000.0,recreational,0
P01059,36.789,296.1,1.648,36.117,1.818,0.833,0.113,1.769,0,355934,26000,46000.0,regular,0
P01060,3.733,1723.8,1.298,12.645,1.304,0.167,0.031,1.177,0,338900,96000,113000.0,recreational,0
P01061,32.939,1508.6,1.552,34.227,1.151,2.667,0.198,0.849,0,1583138,232000,197000.0,regular,0
P01062,0.272,53.5,1.167,9.629,1.0,0.167,0.0,0.0,0,1800,4000,0.0,recreational,0
P01063,25.472,225.9,1.583,33.311,1.479,3.167,0.122,0.0,0,183295,46000,0.0,regular,0
P01064,1.672,184.0,1.427,14.825,1.0,0.167,0.0,1.0,0,14000,3000,3000.0,recreational,0
P01065,12.483,1953.8,1.424,36.2,1.083,1.833,0.121,1.083,0,813489,204000,221000.0,regular,0
P01066,93.372,3984.3,1.996,67.892,2.002,0.5,0.277,0.0,0,6788329,92000,0.0,at_risk,1
P01067,107.333,881.3,1.908,69.714,1.766,0.833,0.274,0.0,0,1642144,17000,0.0,at_risk,1
P01068,33.756,1546.1,1.508,35.777,1.139,1.833,0.145,2.366,0,1729816,213000,504000.0,regular,0
P01069,0.428,1224.6,1.423,6.559,0.576,0.333,0.0,0.0,0,20700,24000,0.0,recreational,0
P01070,580.067,26382.8,2.443,131.628,1.945,2.5,0.374,0.0,0,117832303,370000,0.0,problem,1
P01071,20.728,1536.2,1.559,35.388,1.599,1.167,0.124,0.89,0,1026537,100000,89000.0,regular,0
P01072,2.022,1295.8,1.669,16.825,1.0,0.333,0.0,0.594,0,124500,32000,19000.0,recreational,0
P01073,0.389,347.1,0.551,15.254,1.0,0.333,0.4,0.0,0,3600,7000,0.0,recreational,0
P01074,141.478,7448.7,2.117,71.018,1.91,0.167,0.291,0.0,0,20202896,33000,0.0,at_risk,1
P01075,3.033,135.3,1.317,12.447,1.333,0.667,0.051,0.0,0,18100,9000,0.0,recreational,0
P01076,35.467,315.8,1.608,32.726,1.484,2.0,0.054,2.044,0,360668,45000,92000.0,regular,0
P01077,8.011,1064.7,1.264,13.377,0.389,1.0,0.019,1.194,0,454100,98000,117000.0,recreational,0
P01078,23.956,2893.6,1.678,33.017,1.504,1.167,0.089,1.147,0,2102093,340000,390000.0,regular,0
P01079,1.828,140.5,1.264,12.282,1.0,0.167,0.064,0.0,0,14400,2000,0.0,recreational,0
P01080,15.089,295.7,1.687,35.787,1.249,1.5,0.07,0.525,0,151356,40000,21000.0,regular,0
P01081,2.217,1045.4,1.273,15.339,1.0,0.167,0.105,0.0,0,107800,10000,0.0,recreational,0
P01082,124.678,3654.7,1.889,68.348,1.692,1.833,0.217,0.0,0,8526916,135000,0.0,at_risk,1
P01083,3.267,876.4,1.395,14.368,1.85,0.167,0.048,4.0,0,141200,11000,44000.0,recreational,0
P01084,4.55,857.1,1.302,13.817,1.0,0.333,0.026,1.0,0,166400,27000,27000.0,recreational,0
P01085,2.683,958.5,1.519,15.549,1.0,0.333,0.029,0.727,0,118500,44000,32000.0,recreational,0
P01086,1.05,145.0,1.125,14.038,1.0,0.167,0.0,0.0,0,8400,3000,0.0,recreational,0
P01087,516.561,3580.2,1.957,130.267,1.754,6.5,0.422,0.0,0,13992229,129000,0.0,problem,1
P01088,0.467,144.3,0.972,15.571,1.0,0.167,0.0,0.0,0,4300,2000,0.0,recreational,0
P01089,2.1,2005.4,1.276,15.819,1.0,0.167,0.111,0.0,0,199100,14000,0.0,recreational,0
P01090,27.806,213.6,1.465,31.847,1.338,4.167,0.112,0.23,0,201055,74000,17000.0,regular,0
P01091,4.589,1922.4,1.246,17.169,1.952,0.5,0.102,0.406,0,433000,106000,43000.0,recreational,0
P01092,6.65,185.2,1.365,15.138,1.687,0.667,0.006,0.6,0,61763,15000,9000.0,recreational,0
P01093,34.494,1716.6,1.639,35.899,1.342,2.0,0.113,1.642,0,1840936,215000,353000.0,regular,0
P01094,1.789,112.9,1.139,13.624,1.0,0.5,0.0,0.25,0,10500,8000,2000.0,recreational,0
P01095,42.583,1596.5,1.527,34.51,1.619,2.167,0.171,1.879,0,2157482,223000,419000.0,regular,0
P01096,6.611,929.3,1.337,15.876,0.759,0.333,0.059,2.667,0,283733,18000,48000.0,recreational,0
P01097,2.489,944.5,1.232,14.901,1.087,0.167,0.078,1.941,0,112400,17000,33000.0,recreational,0
P01098,2.606,174.4,1.245,18.241,1.375,0.167,0.06,0.0,0,21800,5000,0.0,recreational,0
P01099,103.483,5841.3,2.03,69.502,1.678,0.333,0.306,0.0,0,12314581,97000,0.0,at_risk,1
P01100,1.633,1205.7,1.217,14.231,1.0,0.5,0.0,0.382,0,73100,68000,26000.0,recreational,0
P01101,26.872,558.9,1.574,34.938,1.348,1.167,0.104,2.385,0,462414,39000,93000.0,regular,0
P01102,5.522,1088.7,1.127,16.66,0.867,0.5,0.049,0.8,0,264792,85000,68000.0,recreational,0
P01103,1.75,802.7,1.546,14.665,3.667,0.167,0.0,0.867,0,70800,15000,13000.0,recreational,0
P01104,15.322,1487.6,1.678,35.167,1.228,1.167,0.132,1.233,0,741439,120000,148000.0,regular,0
P01105,2.139,861.6,1.383,17.756,1.0,0.333,0.0,0.5,0,89082,42000,21000.0,recreational,0
P01106,5.367,1621.9,1.612,13.955,5.667,0.333,0.181,0.0,0,389653,34000,0.0,recreational,0
P01107,0.467,1234.6,1.603,16.577,1.0,0.167,0.333,0.0,0,26000,13000,0.0,recreational,0
P01108,35.856,1645.5,1.733,35.948,1.859,2.0,0.166,1.964,0,1888735,167000,328000.0,regular,0
P01109,0.272,880.7,1.211,8.657,1.0,0.167,0.429,0.0,0,10300,18000,0.0,recreational,0
P01110,1.439,297.6,1.124,18.469,1.0,0.167,0.108,0.0,0,21300,6000,0.0,recreational,0
P01111,1.594,1084.0,1.1,17.69,1.0,0.333,0.0,0.0,0,89500,42000,0.0,recreational,0
P01112,140.622,807.2,1.765,69.266,1.626,1.667,0.297,0.0,3,1941156,36000,0.0,at_risk,1
P01113,2.022,254.9,1.348,13.483,1.0,0.333,0.096,0.636,0,19100,11000,7000.0,recreational,0
P01114,1.828,1627.6,1.31,14.293,0.229,0.5,0.043,0.0,0,160164,84000,0.0,recreational,0
P01115,4.161,1151.5,1.927,16.71,1.008,0.167,0.0,3.333,0,199400,18000,60000.0,recreational,0
P01116,2.839,936.7,1.421,16.843,1.0,0.333,0.014,0.0,0,131500,30000,0.0,recreational,0
P01117,2.411,149.5,1.372,16.546,1.0,0.333,0.048,0.5,0,21232,10000,5000.0,recreational,0
P01118,30.878,1601.8,1.588,33.747,1.716,2.0,0.147,0.894,0,1588006,218000,195000.0,regular,0
P01119,2.722,575.4,0.894,14.786,1.0,0.333,0.057,1.0,0,90500,16000,16000.0,recreational,0
P01120,3.189,602.7,1.158,15.801,1.0,0.833,0.024,0.59,0,105700,39000,23000.0,recreational,0
P01121,5.911,1108.4,1.724,13.885,0.718,0.5,0.138,0.768,0,259750,56000,43000.0,recreational,0
P01122,3.656,579.7,1.217,16.631,1.117,0.167,0.074,1.292,0,121900,24000,31000.0,recreational,0
P01123,3.889,902.6,1.213,15.079,1.444,0.333,0.06,1.49,0,184390,49000,73000.0,recreational,0
P01124,4.628,928.6,1.004,14.456,1.0,0.167,0.126,0.875,0,201600,24000,21000.0,recreational,0
P01125,4.589,343.8,1.41,13.601,0.545,1.0,0.008,0.175,0,71500,40000,7000.0,recreational,0
P01126,25.239,2766.0,1.649,36.195,1.225,1.333,0.168,1.258,0,2197793,194000,244000.0,regular,0
P01127,3.539,1351.3,1.196,14.799,0.333,0.167,0.011,0.0,0,177200,15000,0.0,recreational,0
P01128,3.111,766.7,1.324,13.081,1.0,0.333,0.012,1.6,0,129700,15000,24000.0,recreational,0
P01129,480.161,19526.3,2.209,130.6,2.02,8.5,0.418,0.0,0,65887546,1026000,0.0,problem,1
P01130,2.528,761.5,1.376,15.554,1.0,0.333,0.154,2.294,0,105800,17000,39000.0,recreational,0
P01131,4.628,981.9,1.311,16.012,0.372,0.167,0.059,0.0,0,204676,19000,0.0,recreational,0
P01132,1.283,1100.3,1.68,13.566,1.0,0.167,0.0,0.0,0,62700,22000,0.0,recreational,0
P01133,103.639,965.6,2.004,72.282,1.902,1.0,0.29,0.0,0,2251953,30000,0.0,at_risk,1
P01134,0.506,252.9,1.228,19.068,1.0,0.167,0.0,0.0,0,6100,4000,0.0,recreational,0
P01135,3.111,295.3,1.203,17.814,1.0,0.333,0.05,1.2,0,50000,10000,12000.0,recreational,0
P01136,5.678,180.1,1.544,15.824,3.5,0.167,0.0,1.8,0,48700,5000,9000.0,recreational,0
P01137,4.433,1496.7,1.304,16.213,1.407,0.333,0.009,0.79,0,338100,62000,49000.0,recreational,0
P01138,1.322,1601.6,1.481,14.042,0.436,0.167,0.029,0.493,0,101000,69000,34000.0,recreational,0
P01139,1.167,1639.1,1.012,13.662,1.0,0.167,0.0,0.58,0,88700,50000,29000.0,recreational,0
P01140,21.856,2501.7,1.514,35.234,1.469,1.333,0.13,1.735,0,1727545,215000,373000.0,regular,0
P01141,7.428,2664.7,1.735,32.833,1.362,0.333,0.262,0.756,0,644233,45000,34000.0,regular,0
P01142,0.311,531.8,1.944,12.483,1.0,0.167,0.0,0.636,0,6800,11000,7000.0,recreational,0
P01143,1.322,159.9,1.268,16.623,1.0,0.167,0.029,0.0,0,12100,3000,0.0,recreational,0
P01144,4.006,1038.9,1.261,15.552,0.64,0.5,0.107,0.494,0,172300,77000,38000.0,recreational,0
P01145,0.311,608.9,1.025,16.463,1.0,0.167,0.0,0.0,0,15400,4000,0.0,recreational,0
P01146,29.322,1631.0,1.655,33.538,1.512,1.0,0.097,2.667,0,1525749,87000,232000.0,regular,0
P01147,2.411,773.0,1.406,17.888,1.0,0.167,0.113,1.5,0,109200,14000,21000.0,recreational,0
P01148,23.294,1713.3,1.678,35.849,1.546,2.0,0.127,1.173,0,1179805,196000,230000.0,regular,0
P01149,1.867,798.1,1.439,14.223,0.792,0.333,0.146,0.771,0,78800,35000,27000.0,recreational,0
P01150,26.211,1693.7,1.662,34.343,1.938,1.333,0.19,2.113,0,1373757,115000,243000.0,regular,0
P01151,117.172,378.4,1.634,67.45,1.557,16.167,0.3,0.0,0,1065239,264000,0.0,at_risk,1
P01152,27.806,1555.0,1.582,33.74,1.446,1.0,0.084,1.904,0,1428295,135000,257000.0,regular,0
P01153,137.394,4321.2,1.909,70.639,1.617,1.5,0.236,0.0,0,9912044,154000,0.0,at_risk,1
P01154,32.939,1753.9,1.553,36.545,1.682,1.167,0.118,2.279,0,1732619,104000,237000.0,regular,0
P01155,4.472,1125.8,1.228,14.214,0.65,0.5,0.009,0.309,0,216825,81000,25000.0,recreational,0
P01156,2.567,204.9,1.292,14.725,1.0,0.5,0.015,0.0,0,23545,7000,0.0,recreational,0
P01157,4.667,181.5,1.337,16.635,1.0,0.667,0.0,0.762,0,41900,21000,16000.0,recreational,0
P01158,22.011,1886.1,1.72,34.181,1.677,1.833,0.12,1.277,0,1224528,173000,221000.0,regular,0
P01159,6.3,181.3,1.214,15.727,1.0,0.5,0.0,0.625,0,55300,8000,5000.0,recreational,0
P01160,137.744,3646.3,1.947,69.648,1.833,0.833,0.275,0.0,0,9961277,81000,0.0,at_risk,1
P01161,1.867,138.1,1.485,13.071,1.0,0.167,0.0,0.0,0,14800,2000,0.0,recreational,0
P01162,32.706,182.9,1.457,31.762,1.409,4.5,0.155,0.208,0,223434,72000,15000.0,regular,0
P01163,1.672,1328.5,1.194,12.8,1.0,0.167,0.093,0.0,0,143100,39000,0.0,recreational,0
P01164,114.878,3663.3,2.087,66.602,2.382,0.167,0.288,0.0,0,7888600,63000,0.0,at_risk,1
P01165,4.744,1450.2,1.323,15.553,0.923,0.333,0.008,0.98,0,354200,98000,96000.0,recreational,0
P01166,3.344,315.2,1.148,17.824,1.0,0.5,0.081,0.389,0,51100,18000,7000.0,recreational,0
P01167,20.65,556.7,1.756,33.226,2.802,0.833,0.132,3.913,0,370498,23000,90000.0,regular,0
P01168,4.628,1034.6,1.369,14.845,1.0,0.5,0.0,0.815,0,214272,81000,66000.0,recreational,0
P01169,3.15,754.3,1.24,14.999,1.0,0.333,0.037,0.0,0,100700,27000,0.0,recreational,0
P01170,21.894,1729.2,1.712,36.854,1.442,1.167,0.142,2.011,0,1129263,92000,185000.0,regular,0
P01171,39.783,1589.2,1.665,34.823,1.6,1.167,0.121,3.769,0,2082683,78000,294000.0,regular,0
P01172,1.322,197.3,1.08,16.649,1.2,0.167,0.0,0.0,0,11800,2000,0.0,recreational,0
P01173,0.778,560.5,1.353,19.308,1.0,0.167,0.15,0.0,0,30100,11000,0.0,recreational,0
P01174,2.722,753.1,1.367,16.484,0.647,0.333,0.043,0.0,0,109800,38000,0.0,recreational,0
P01175,4.083,357.8,1.471,15.439,1.0,0.5,0.048,0.412,0,61400,17000,7000.0,recreational,0
P01176,3.189,740.9,1.271,13.705,1.037,0.333,0.098,1.833,0,106300,12000,22000.0,recreational,0
P01177,2.333,1951.9,1.324,16.13,0.1,0.667,0.067,0.0,0,145469,69000,0.0,recreational,0
P01178,3.656,319.5,1.195,14.019,0.25,0.5,0.074,0.636,0,51800,11000,7000.0,recreational,0
P01179,1.478,352.6,1.42,15.316,1.0,0.167,0.079,1.6,0,26098,5000,8000.0,recreational,0
P01180,21.35,493.6,1.693,33.878,1.538,1.167,0.111,1.091,0,363572,33000,36000.0,regular,0
P01181,7.817,940.2,1.315,15.291,1.02,0.833,0.035,0.469,0,338611,49000,23000.0,recreational,0
P01182,2.294,794.5,1.252,15.901,1.417,0.167,0.068,1.568,0,91500,44000,69000.0,recreational,0
P01183,100.683,346.1,1.645,69.615,1.602,13.167,0.301,0.0,0,901620,205000,0.0,at_risk,1
P01184,27.767,1575.7,1.721,35.179,1.544,1.333,0.099,1.794,0,1424022,141000,253000.0,regular,0
P01185,3.772,912.1,1.369,17.058,0.985,0.667,0.072,0.756,0,170282,168000,127000.0,recreational,0
P01186,170.8,726.5,1.852,72.25,1.659,2.333,0.262,0.0,0,2509826,56000,0.0,at_risk,1
P01187,1.478,1202.0,1.981,12.341,1.0,0.167,0.0,1.556,0,76000,18000,28000.0,recreational,0
P01188,3.228,922.2,1.396,17.575,1.0,0.333,0.157,1.714,0,143600,35000,60000.0,recreational,0
P01189,1.944,882.5,1.387,16.087,1.0,0.333,0.0,0.686,0,79800,35000,24000.0,recreational,0
P01190,3.85,849.1,1.254,13.603,1.0,0.167,0.061,0.6,0,161400,30000,18000.0,recreational,0
P01191,10.189,180.9,1.197,14.586,1.628,1.0,0.053,1.0,0,88523,19000,19000.0,recreational,0
P01192,0.233,446.1,0.962,19.8,1.0,0.167,0.0,0.0,0,9300,18000,0.0,recreational,0
P01193,50.439,2799.3,2.124,68.552,1.67,2.167,0.353,0.0,0,2785677,205000,0.0,at_risk,1
P01194,0.817,779.4,0.888,20.207,1.0,0.167,0.0,0.0,0,36500,11000,0.0,recreational,0
P01195,4.511,193.6,1.387,14.979,1.5,0.333,0.0,0.714,0,40600,7000,5000.0,recreational,0
P01196,2.294,903.7,1.247,17.481,1.0,0.333,0.034,0.6,0,107000,65000,39000.0,recreational,0
P01197,0.311,894.4,0.667,12.155,1.0,0.167,0.0,0.683,0,14000,41000,28000.0,recreational,0
P01198,280.117,4614.9,2.256,134.865,1.937,5.833,0.433,0.0,1,12331154,186000,0.0,problem,1
P01199,28.311,1663.4,1.668,32.271,1.605,1.833,0.114,1.455,0,1482922,246000,358000.0,regular,0
P01200,22.867,2764.6,1.619,33.222,1.356,1.833,0.087,1.115,0,2011706,338000,377000.0,regular,0
P01201,0.272,423.1,1.153,16.198,1.0,0.167,0.0,0.0,0,12800,21000,0.0,recreational,0
P01202,1.4,1344.7,1.192,17.301,1.0,0.333,0.0,0.0,0,68900,40000,0.0,recreational,0
P01203,4.2,1073.1,1.621,16.849,1.0,0.5,0.074,1.432,0,194400,37000,53000.0,recreational,0
P01204,2.489,1828.4,1.358,13.329,0.625,0.167,0.141,0.0,0,225300,53000,0.0,recreational,0
P01205,36.906,1541.1,1.76,35.722,1.592,1.667,0.111,1.025,0,1823480,241000,247000.0,regular,0
P01206,5.833,924.9,1.227,16.555,1.0,0.5,0.027,1.048,0,271980,63000,66000.0,recreational,0
P01207,2.294,189.2,1.765,17.284,1.0,0.833,0.136,0.688,0,19172,16000,11000.0,recreational,0
P01208,0.661,1647.7,0.982,15.291,1.0,0.5,0.118,0.0,0,40651,27000,0.0,recreational,0
P01209,4.433,312.1,1.48,14.647,1.333,0.333,0.018,1.286,0,66209,7000,9000.0,recreational,0
P01210,2.411,1334.9,1.345,13.657,2.392,0.167,0.048,0.0,0,144800,12000,0.0,recreational,0
P01211,3.85,226.8,1.349,14.652,0.5,0.5,0.051,0.429,0,36800,14000,6000.0,recreational,0
P01212,5.017,772.5,1.251,17.441,0.9,0.333,0.054,0.821,0,188100,56000,46000.0,recreational,0
P01213,2.411,862.1,1.171,14.898,1.0,0.333,0.097,0.576,0,109600,33000,19000.0,recreational,0
P01214,19.911,1899.4,1.698,36.086,1.823,0.833,0.104,1.166,0,1315611,157000,183000.0,regular,0
P01215,35.0,1241.6,1.617,35.24,1.587,2.5,0.172,0.879,0,1409408,224000,197000.0,regular,0
P01216,3.733,1145.1,1.269,15.128,1.329,0.5,0.01,0.0,0,171934,38000,0.0,recreational,0
P01217,25.628,214.3,1.509,32.716,1.414,2.333,0.106,0.558,0,180293,43000,24000.0,regular,0
P01218,28.117,224.9,1.481,35.544,1.556,3.833,0.188,0.051,0,195449,59000,3000.0,regular,0
P01219,27.222,1446.2,1.678,32.49,1.46,1.5,0.187,1.259,0,1103699,170000,214000.0,regular,0
P01220,158.2,3647.6,1.846,68.541,2.004,0.667,0.267,0.0,0,11283407,79000,0.0,at_risk,1
P01221,22.05,2254.4,1.595,38.448,1.319,1.5,0.129,1.056,0,1825961,195000,206000.0,regular,0
P01222,4.783,289.7,1.741,13.738,1.0,0.167,0.057,4.0,0,73200,3000,12000.0,recreational,0
P01223,2.994,820.7,1.32,15.556,0.579,0.667,0.091,1.25,0,106447,44000,55000.0,recreational,0
P01224,2.8,1098.3,1.448,16.14,0.929,0.167,0.028,0.0,0,133300,22000,0.0,recreational,0
P01225,4.317,1004.2,1.506,16.695,0.739,0.333,0.045,1.036,0,212400,28000,29000.0,recreational,0
P01226,460.872,13869.3,2.25,127.61,2.056,9.833,0.449,0.0,0,60216429,1170000,0.0,problem,1
P01227,3.5,871.6,1.123,15.134,1.0,0.333,0.011,1.683,0,165700,41000,69000.0,recreational,0
P01228,4.472,305.1,1.443,15.042,1.24,0.333,0.087,0.846,0,64177,13000,11000.0,recreational,0
P01229,126.583,3671.1,1.948,71.527,1.812,1.667,0.276,0.0,0,8910656,236000,0.0,at_risk,1
P01230,30.528,1605.6,1.549,35.957,1.414,1.5,0.098,1.774,0,1518923,137000,243000.0,regular,0
P01231,5.094,278.1,1.552,14.356,0.462,0.667,0.099,1.261,0,77861,23000,29000.0,recreational,0
P01232,68.678,3599.5,1.984,70.676,1.787,0.667,0.306,0.0,0,4786203,60000,0.0,at_risk,1
P01233,3.111,928.0,1.34,16.456,1.0,0.5,0.138,0.0,0,131735,56000,0.0,recreational,0
P01234,4.356,122.7,1.313,15.8,1.625,0.5,0.089,0.222,0,24500,9000,2000.0,recreational,0
P01235,3.889,744.0,1.266,13.955,1.0,0.333,0.03,0.405,0,157900,37000,15000.0,recreational,0
P01236,191.256,7271.6,1.978,71.714,1.876,0.167,0.373,0.0,0,27442500,29000,0.0,at_risk,1
P01237,0.467,1125.3,1.783,9.949,1.0,0.167,0.0,0.778,0,21100,36000,28000.0,recreational,0
P01238,4.278,1050.0,1.465,14.106,1.0,0.333,0.0,1.346,0,198805,52000,70000.0,recreational,0
P01239,6.067,191.0,1.278,15.503,2.0,0.5,0.038,1.0,0,54941,13000,13000.0,recreational,0
P01240,38.422,1706.5,1.533,33.977,1.26,3.667,0.142,0.525,0,1934173,394000,207000.0,regular,0
P01241,3.033,168.4,1.232,13.855,0.333,0.333,0.103,1.0,0,28200,6000,6000.0,recreational,0
P01242,2.683,778.0,1.122,14.889,1.532,0.167,0.014,1.529,0,112800,17000,26000.0,recreational,0
P01243,571.472,3920.2,1.994,127.152,1.798,5.167,0.391,0.0,2,15958855,98000,0.0,problem,1
P01244,33.95,1654.0,1.581,36.471,1.214,1.167,0.145,1.815,0,1808404,146000,265000.0,regular,0
P01245,1.478,294.2,0.852,11.238,1.0,0.333,0.0,0.0,0,22300,17000,0.0,recreational,0
P01246,3.539,195.6,1.214,14.189,1.083,0.333,0.077,0.833,0,31200,6000,5000.0,recreational,0
P01247,3.928,654.9,1.412,14.314,1.0,0.167,0.03,0.5,0,132600,22000,11000.0,recreational,0
P01248,6.3,1048.7,1.258,15.272,0.923,0.833,0.012,0.535,0,279335,114000,61000.0,recreational,0
P01249,3.617,745.5,1.67,14.737,0.576,0.167,0.065,0.0,0,130100,12000,0.0,recreational,0
P01250,18.667,308.4,1.756,31.939,2.497,0.833,0.077,3.733,0,183067,15000,56000.0,regular,0
P01251,2.994,1055.7,1.519,14.868,1.0,0.167,0.091,0.378,0,137400,37000,14000.0,recreational,0
P01252,23.528,301.5,1.619,33.648,1.34,1.0,0.169,1.75,0,242374,20000,35000.0,regular,0
P01253,2.489,780.6,1.151,17.339,0.636,0.333,0.062,0.697,0,105027,33000,23000.0,recreational,0
P01254,17.072,1519.7,1.564,36.669,1.315,1.333,0.098,0.645,0,900600,186000,120000.0,regular,0
P01255,3.617,1651.8,1.207,14.928,1.316,0.333,0.194,0.608,0,266200,51000,31000.0,recreational,0
P01256,2.372,929.5,1.437,15.618,0.632,0.167,0.0,0.0,0,103300,9000,0.0,recreational,0
P01257,2.489,819.6,1.584,14.623,1.364,0.167,0.094,1.467,0,108800,15000,22000.0,recreational,0
P01258,8.283,174.2,1.396,16.135,1.0,0.667,0.019,1.5,0,74600,16000,24000.0,recreational,0
P01259,0.467,1301.6,1.372,14.562,1.0,0.167,0.0,0.0,0,40350,10000,0.0,recreational,0
P01260,29.556,1566.0,1.537,33.701,1.748,1.167,0.15,2.704,2,1458425,71000,192000.0,regular,0
P01261,103.056,6223.3,1.968,70.583,1.614,0.167,0.243,0.0,0,8199105,25000,0.0,at_risk,1
P01262,6.533,840.8,1.321,14.996,1.2,0.5,0.024,1.129,0,240180,31000,35000.0,recreational,0
P01263,4.706,203.2,1.406,17.162,1.0,0.5,0.099,0.429,0,38188,7000,3000.0,recreational,0
P01264,1.944,609.9,1.06,15.454,1.0,0.333,0.0,0.0,0,63900,25000,0.0,recreational,0
P01265,23.606,326.7,1.692,35.563,1.63,0.833,0.097,1.379,0,258159,29000,40000.0,regular,0
P01266,2.956,1659.6,1.721,14.854,1.0,0.167,0.013,2.722,0,226300,36000,98000.0,recreational,0
P01267,7.661,128.9,1.346,13.672,3.5,1.0,0.036,0.0,0,47162,14000,0.0,recreational,0
P01268,5.678,885.3,1.253,15.461,2.818,0.167,0.068,0.94,0,258300,50000,47000.0,recreational,0
P01269,3.189,1068.9,1.43,14.453,1.923,0.5,0.037,0.409,0,157700,66000,27000.0,recreational,0
P01270,5.639,935.8,1.384,14.253,1.0,0.5,0.062,1.97,0,241800,33000,65000.0,recreational,0
P01271,2.917,1394.8,1.245,17.274,1.0,0.5,0.0,0.729,0,137514,85000,62000.0,recreational,0
P01272,3.539,930.3,1.148,16.678,1.0,0.667,0.11,0.632,0,157343,57000,36000.0,recreational,0
P01273,13.222,3526.3,1.398,34.27,1.644,1.667,0.097,1.174,0,1344178,281000,330000.0,regular,0
P01274,5.911,1170.1,1.171,14.927,0.519,0.5,0.151,0.655,0,278600,87000,57000.0,recreational,0
P01275,3.189,854.2,1.227,14.543,0.033,0.333,0.098,0.64,0,136619,25000,16000.0,recreational,0
P01276,6.339,174.4,1.166,14.699,1.0,0.167,0.043,1.778,0,53400,9000,16000.0,recreational,0
P01277,32.394,1997.8,1.592,33.054,1.552,1.833,0.155,0.694,0,2103757,271000,188000.0,regular,0
P01278,44.411,1794.9,1.652,34.124,1.514,2.5,0.14,1.191,0,2408148,293000,349000.0,regular,0
P01279,2.217,321.3,1.256,16.789,1.0,0.333,0.088,1.0,0,33200,16000,16000.0,recreational,0
P01280,27.922,505.4,1.548,36.477,1.412,1.167,0.103,0.97,0,465189,33000,32000.0,regular,0
P01281,6.767,845.3,1.476,16.027,1.0,0.5,0.057,2.059,0,289500,68000,140000.0,recreational,0
P01282,3.656,264.8,1.119,15.352,1.0,0.667,0.064,0.7,0,35897,10000,7000.0,recreational,0
P01283,20.767,1382.7,1.654,34.349,1.455,2.167,0.161,0.137,0,841256,168000,23000.0,regular,0
P01284,22.944,1646.7,1.494,35.264,1.608,2.0,0.144,1.356,0,1206074,216000,293000.0,regular,0
P01285,2.567,759.5,1.282,17.151,0.545,0.333,0.091,0.0,0,93300,21000,0.0,recreational,0
P01286,4.822,1088.1,1.39,13.632,1.368,0.333,0.121,1.087,0,227600,92000,100000.0,recreational,0
P01287,1.478,1193.5,1.235,14.957,1.0,0.167,0.0,0.5,0,100000,84000,42000.0,recreational,0
P01288,2.061,254.8,1.369,16.702,1.0,0.333,0.0,0.714,0,30100,7000,5000.0,recreational,0
P01289,128.644,3860.8,2.012,70.859,1.744,1.167,0.272,0.0,0,9129476,110000,0.0,at_risk,1
P01290,3.072,227.0,1.437,12.218,1.667,0.5,0.0,0.5,0,28900,12000,6000.0,recreational,0
P01291,304.967,13139.4,2.222,132.303,1.897,5.667,0.451,0.0,0,39223083,532000,0.0,problem,1
P01292,6.844,1159.7,1.274,13.695,2.083,0.5,0.034,1.24,0,313948,50000,62000.0,recreational,0
P01293,28.7,324.6,1.657,33.671,1.649,2.167,0.122,1.851,0,306279,47000,87000.0,regular,0
P01294,164.811,4093.7,1.92,73.913,1.945,0.333,0.285,0.0,0,12098900,38000,0.0,at_risk,1
P01295,11.394,514.5,1.664,38.071,1.486,0.667,0.116,2.4,0,195029,15000,36000.0,regular,0
P01296,2.8,739.3,1.237,12.55,0.533,0.333,0.097,0.0,0,126253,40000,0.0,recreational,0
P01297,5.794,306.6,1.605,17.087,1.464,0.5,0.107,1.727,0,82700,11000,19000.0,recreational,0
P01298,4.55,1146.9,1.469,16.062,0.622,0.333,0.034,0.0,0,211638,38000,0.0,recreational,0
P01299,4.356,959.4,1.478,15.113,1.0,0.333,0.054,0.35,0,203200,40000,14000.0,recreational,0
P01300,481.172,26798.4,2.3,129.239,1.806,3.833,0.447,0.0,0,107864615,725000,0.0,problem,1
P01301,5.872,154.1,1.369,15.833,1.0,0.667,0.086,0.25,0,50476,12000,3000.0,recreational,0
P01302,5.211,879.1,1.319,14.269,1.648,0.667,0.097,0.642,0,217007,53000,34000.0,recreational,0
P01303,3.189,349.8,1.198,14.441,1.0,0.333,0.049,0.429,0,48900,14000,6000.0,recreational,0
P01304,3.889,831.4,1.129,15.766,1.0,0.333,0.1,0.0,0,158500,38000,0.0,recreational,0
P01305,3.383,954.9,1.278,15.473,0.875,0.333,0.0,1.515,0,155700,33000,50000.0,recreational,0
P01306,2.1,918.6,1.312,16.802,1.0,0.167,0.019,0.0,0,85100,7000,0.0,recreational,0
P01307,34.106,311.5,1.567,35.921,1.309,0.667,0.14,3.867,0,352804,15000,58000.0,regular,0
P01308,5.211,205.0,1.286,13.879,1.0,0.667,0.015,1.091,0,50538,11000,12000.0,recreational,0
P01309,4.2,364.7,1.164,12.555,0.286,0.333,0.037,0.714,0,61900,7000,5000.0,recreational,0
P01310,5.678,156.3,1.076,15.041,0.5,0.833,0.034,0.889,0,46890,18000,16000.0,recreational,0
P01311,3.344,1321.1,1.219,15.489,2.208,0.167,0.105,0.0,0,159800,22000,0.0,recreational,0
P01312,2.411,826.8,1.127,18.312,1.0,0.167,0.0,1.75,0,105600,16000,28000.0,recreational,0
P01313,2.139,810.5,1.072,14.819,1.667,0.333,0.0,0.0,0,95690,18000,0.0,recreational,0
P01314,4.9,1690.2,1.352,17.259,0.288,0.5,0.056,0.47,0,372739,83000,39000.0,recreational,0
P01315,47.756,1735.6,1.688,35.249,1.503,4.167,0.131,0.957,0,2501826,440000,421000.0,regular,0
P01316,7.194,184.1,1.298,13.402,1.5,0.5,0.076,1.067,0,67570,15000,16000.0,recreational,0
P01317,5.133,225.9,1.311,14.228,1.583,0.667,0.045,0.0,0,47731,17000,0.0,recreational,0
P01318,71.828,1067.7,1.885,68.407,1.479,0.167,0.292,0.0,0,1678300,9000,0.0,at_risk,1
P01319,101.85,3377.9,1.816,72.384,1.423,3.0,0.286,0.0,0,6817639,327000,0.0,at_risk,1
P01320,7.856,882.4,1.166,15.585,1.513,0.667,0.04,1.047,0,331701,64000,67000.0,recreational,0
P01321,320.406,47617.2,2.471,129.857,2.21,1.667,0.392,0.0,0,94159002,316000,0.0,problem,1
P01322,28.622,309.6,1.716,36.103,1.848,1.833,0.121,2.062,0,290764,32000,66000.0,regular,0
P01323,4.317,880.0,1.482,14.418,1.3,0.5,0.045,1.478,0,154420,23000,34000.0,recreational,0
P01324,5.017,1751.5,1.337,15.263,1.0,0.333,0.008,1.644,0,377800,59000,97000.0,recreational,0
P01325,1.594,2231.2,1.37,15.982,1.0,0.667,0.049,0.331,0,138700,139000,46000.0,recreational,0
P01326,3.15,988.0,1.457,16.273,1.0,0.167,0.049,2.571,0,134600,7000,18000.0,recreational,0
P01327,119.389,8275.6,1.854,65.198,1.743,2.667,0.268,0.0,3,18023507,484000,0.0,at_risk,1
P01328,0.389,784.3,0.71,18.22,1.0,0.167,0.0,0.0,0,18200,11000,0.0,recreational,0
P01329,3.344,1305.4,1.234,16.211,0.4,0.333,0.058,1.086,0,200300,58000,63000.0,recreational,0
P01330,3.033,755.3,1.306,12.651,1.0,0.167,0.09,0.0,0,118000,28000,0.0,recreational,0
P01331,2.722,905.7,1.184,15.26,1.767,0.167,0.157,1.043,0,122500,23000,24000.0,recreational,0
P01332,14.194,1516.3,1.553,34.753,1.065,1.5,0.145,0.832,0,705936,238000,198000.0,regular,0
P01333,2.644,312.9,1.186,16.887,1.458,0.167,0.0,5.0,0,42000,4000,20000.0,recreational,0
P01334,5.25,1217.8,1.214,15.653,1.0,0.833,0.044,1.0,3,315103,74000,74000.0,recreational,0
P01335,0.583,755.7,0.975,15.593,1.0,0.167,0.0,0.676,0,21900,37000,25000.0,recreational,0
P01336,36.167,1619.7,1.626,34.979,1.765,1.667,0.067,1.596,0,1933166,193000,308000.0,regular,0
P01337,19.172,1825.1,1.666,36.902,1.849,1.0,0.118,1.414,0,1000438,133000,188000.0,regular,0
P01338,3.772,762.3,1.1,14.982,0.764,0.333,0.0,1.2,0,150800,35000,42000.0,recreational,0
P01339,1.361,321.1,1.099,15.791,1.0,0.167,0.0,0.0,0,19500,9000,0.0,recreational,0
P01340,2.489,1233.6,1.402,14.391,1.222,0.5,0.016,0.0,0,111625,44000,0.0,recreational,0
P01341,2.722,133.8,1.304,11.075,0.333,0.333,0.086,0.0,0,17600,5000,0.0,recreational,0
P01342,1.944,125.3,1.625,13.407,1.0,0.333,0.06,0.667,0,11600,9000,6000.0,recreational,0
P01343,1.283,912.5,0.861,16.807,0.5,0.5,0.0,0.0,0,58521,29000,0.0,recreational,0
P01344,64.867,631.5,1.801,70.142,1.915,0.5,0.242,0.0,0,886527,19000,0.0,at_risk,1
P01345,2.372,1417.7,1.184,13.413,1.0,0.167,0.0,0.0,0,155800,19000,0.0,recreational,0
P01346,5.017,383.5,1.327,14.224,0.667,0.5,0.124,0.556,0,78066,18000,10000.0,recreational,0
P01347,151.006,6488.1,2.014,68.659,2.012,0.833,0.264,0.0,0,18686971,88000,0.0,at_risk,1
P01348,1.05,621.6,0.93,21.655,1.0,0.167,0.0,0.0,0,39900,28000,0.0,recreational,0
P01349,93.489,3658.4,1.948,69.888,1.84,2.667,0.327,0.0,0,6770326,271000,0.0,at_risk,1
P01350,5.833,248.1,1.238,14.55,1.0,0.167,0.067,1.5,0,76500,16000,24000.0,recreational,0
P01351,107.294,3556.4,1.999,69.52,1.732,0.833,0.334,0.0,3,7687465,102000,0.0,at_risk,1
P01352,3.85,140.4,1.229,14.673,1.667,0.667,0.0,0.545,0,31965,11000,6000.0,recreational,0
P01353,35.856,2656.3,1.678,35.429,1.563,1.833,0.104,1.926,0,3105219,392000,755000.0,regular,0
P01354,35.894,1388.1,1.565,35.898,1.386,2.167,0.138,1.917,0,1539707,206000,395000.0,regular,0
P01355,4.667,1091.8,1.282,14.644,1.11,0.333,0.0,1.089,0,215300,45000,49000.0,recreational,0
P01356,2.761,944.0,1.24,17.423,1.0,0.167,0.141,1.857,0,121800,21000,39000.0,recreational,0
P01357,3.072,2231.7,1.242,13.202,0.364,0.333,0.0,0.549,0,302300,82000,45000.0,recreational,0
P01358,6.456,773.5,1.174,14.574,1.717,0.5,0.06,0.625,0,282700,32000,20000.0,recreational,0
P01359,768.717,28982.5,2.305,131.65,1.935,0.167,0.421,0.0,0,122841346,21000,0.0,problem,1
P01360,1.361,135.7,1.422,16.78,1.0,0.167,0.0,1.5,0,8500,2000,3000.0,recreational,0
P01361,30.606,3070.6,1.606,34.706,1.519,1.167,0.067,5.557,0,2756962,115000,639000.0,regular,0
P01362,4.55,189.7,1.34,16.003,1.0,0.5,0.077,0.786,0,42169,14000,11000.0,recreational,0
P01363,9.1,333.6,1.327,16.396,1.188,0.667,0.064,0.353,0,135000,17000,6000.0,recreational,0
P01364,496.767,19065.1,2.233,132.88,2.056,3.5,0.404,0.0,0,70724759,251000,0.0,problem,1
P01365,4.628,1131.2,1.336,13.359,0.79,0.333,0.0,0.453,0,267420,64000,29000.0,recreational,0
P01366,2.956,346.0,1.41,16.716,1.0,0.333,0.0,1.5,0,47230,8000,12000.0,recreational,0
P01367,0.428,870.4,2.015,6.376,1.0,0.167,0.0,0.0,0,21100,20000,0.0,recreational,0
P01368,4.433,1008.5,1.329,15.733,1.0,0.5,0.026,1.286,0,204300,35000,45000.0,recreational,0
P01369,2.294,767.4,1.257,16.639,1.0,0.167,0.0,0.368,0,101500,38000,14000.0,recreational,0
P01370,1.283,211.7,1.501,15.915,1.0,0.333,0.0,0.0,0,12091,5000,0.0,recreational,0
P01371,5.678,221.8,1.277,14.832,1.0,0.5,0.027,1.471,0,52500,17000,25000.0,recreational,0
P01372,12.717,300.2,1.553,34.811,1.3,0.333,0.18,2.667,0,132661,15000,40000.0,regular,0
P01373,0.661,107.4,2.111,11.761,1.0,0.167,0.0,0.0,0,3100,2000,0.0,recreational,0
P01374,0.467,317.5,1.138,10.832,1.0,0.167,0.0,0.625,0,12500,40000,25000.0,recreational,0
P01375,0.972,279.9,1.108,11.305,1.0,0.167,0.0,0.0,0,15000,5000,0.0,recreational,0
P01376,1.75,173.4,1.329,16.143,1.667,0.167,0.0,0.0,0,15100,2000,0.0,recreational,0
P01377,15.944,338.5,1.46,32.01,1.151,0.667,0.134,3.5,0,163979,12000,42000.0,regular,0
P01378,3.306,728.7,1.192,15.153,1.0,0.167,0.0,0.5,0,137300,28000,14000.0,recreational,0
P01379,0.972,206.3,1.377,17.434,1.0,0.333,0.12,0.0,0,8600,6000,0.0,recreational,0
P01380,2.333,214.1,1.269,14.992,1.0,0.167,0.05,1.333,0,21600,3000,4000.0,recreational,0
P01381,4.433,901.5,1.193,15.745,1.043,0.833,0.035,0.521,0,204852,96000,50000.0,recreational,0
P01382,2.956,487.7,1.799,14.925,1.0,0.167,0.145,2.4,0,48400,5000,12000.0,recreational,0
P01383,2.683,787.7,1.29,12.801,3.075,0.333,0.0,0.0,0,99500,28000,0.0,recreational,0
P01384,1.167,1028.9,1.401,13.954,0.571,0.167,0.0,0.0,0,51500,16000,0.0,recreational,0
P01385,2.8,264.5,1.304,13.646,1.0,0.333,0.125,0.0,0,38600,9000,0.0,recreational,0
P01386,4.239,739.5,1.217,14.78,1.22,0.333,0.0,1.412,0,175585,17000,24000.0,recreational,0
P01387,3.461,164.6,1.339,16.585,1.0,0.5,0.079,1.25,0,28871,8000,10000.0,recreational,0
P01388,1.672,161.6,1.308,14.64,1.0,0.333,0.0,0.0,0,13900,5000,0.0,recreational,0
P01389,3.111,1102.5,1.441,13.117,1.0,0.167,0.162,0.0,0,147600,30000,0.0,recreational,0
P01390,33.444,1342.1,1.564,35.768,1.438,2.0,0.108,1.431,0,1364790,211000,302000.0,regular,0
P01391,0.311,690.8,1.071,29.106,1.0,0.333,0.0,0.592,0,12000,49000,29000.0,recreational,0
P01392,3.344,896.5,1.167,16.306,1.0,0.167,0.023,0.667,0,157200,27000,18000.0,recreational,0
P01393,0.272,48.8,1.167,10.822,1.0,0.167,0.0,0.0,0,1600,3000,0.0,recreational,0
P01394,1.906,933.1,1.587,12.335,0.611,0.333,0.061,0.388,0,84200,49000,19000.0,recreational,0
P01395,4.939,137.3,1.5,15.813,1.5,0.333,0.087,0.6,0,30099,5000,3000.0,recreational,0
P01396,4.083,1009.8,1.442,15.693,0.391,0.167,0.048,0.0,0,189100,9000,0.0,recreational,0
P01397,0.389,825.7,1.195,17.038,1.0,0.167,0.0,0.0,0,18800,10000,0.0,recreational,0
P01398,2.644,129.5,1.285,13.672,1.083,0.333,0.074,0.6,0,16300,5000,3000.0,recreational,0
P01399,1.206,706.9,1.04,19.715,1.0,0.167,0.0,2.889,0,42300,9000,26000.0,recreational,0
P01400,4.433,226.2,1.438,14.037,1.0,0.167,0.061,2.0,0,41500,2000,4000.0,recreational,0
P01401,2.956,1732.2,1.417,14.608,1.0,0.667,0.092,1.373,0,217800,83000,114000.0,recreational,0
P01402,4.433,1841.8,1.478,15.277,2.826,0.167,0.026,1.773,0,410300,44000,78000.0,recreational,0
P01403,39.356,1779.3,1.532,34.707,1.327,4.333,0.129,0.743,0,2071181,471000,350000.0,regular,0
P01404,136.5,4010.2,2.045,68.337,1.726,0.167,0.289,0.0,0,10209100,58000,0.0,at_risk,1
P01405,3.928,1262.9,1.585,16.328,1.0,0.167,0.089,2.938,0,217900,32000,94000.0,recreational,0
P01406,2.878,815.3,1.57,16.624,1.429,0.5,0.054,1.068,0,122200,73000,78000.0,recreational,0
P01407,5.794,1658.6,1.29,13.193,0.48,0.333,0.054,0.811,0,430300,74000,60000.0,recreational,0
P01408,40.172,327.0,1.593,35.395,1.522,1.333,0.167,2.793,0,412113,29000,81000.0,regular,0
P01409,1.594,201.5,1.238,15.8,1.0,0.167,0.073,1.0,0,15600,5000,5000.0,recreational,0
P01410,2.256,362.9,1.345,17.416,3.25,0.167,0.017,2.5,0,37800,4000,10000.0,recreational,0
P01411,24.656,2119.8,1.439,35.512,1.626,1.333,0.164,1.256,0,1681988,180000,226000.0,regular,0
P01412,3.228,1076.7,1.249,13.14,1.0,0.333,0.012,0.0,0,136200,25000,0.0,recreational,0
P01413,1.906,154.1,1.368,15.578,2.0,0.333,0.0,0.0,0,15400,4000,0.0,recreational,0
P01414,1.556,1700.9,1.365,13.64,1.0,0.167,0.05,0.0,0,136100,16000,0.0,recreational,0
P01415,5.911,1046.9,1.143,15.7,1.796,0.167,0.046,0.0,0,270100,8000,0.0,recreational,0
P01416,7.7,3253.7,1.587,40.834,1.134,1.0,0.172,0.977,0,759712,214000,209000.0,regular,0
P01417,3.889,853.9,1.567,17.364,1.728,0.333,0.19,0.459,0,147200,37000,17000.0,recreational,0
P01418,1.206,958.8,1.384,16.987,1.0,0.333,0.129,1.529,0,58900,17000,26000.0,recreational,0
P01419,1.011,272.8,1.056,17.818,1.0,0.167,0.192,0.0,0,12500,7000,0.0,recreational,0
P01420,4.939,135.8,1.346,13.974,2.0,0.833,0.031,0.0,0,29813,10000,0.0,recreational,0
P01421,27.883,1564.9,1.598,34.702,1.302,3.167,0.208,1.212,0,1384080,349000,423000.0,regular,0
P01422,27.028,2641.4,1.704,33.374,1.13,1.167,0.094,2.032,0,2344328,217000,441000.0,regular,0
P01423,147.428,3624.5,1.981,70.244,1.851,1.833,0.253,0.0,0,10729929,125000,0.0,at_risk,1
P01424,29.011,1680.7,1.425,36.216,1.455,2.667,0.119,0.476,0,1514010,292000,139000.0,regular,0
P01425,2.528,1062.9,1.334,13.356,1.0,0.167,0.138,0.625,0,114700,40000,25000.0,recreational,0
P01426,1.789,269.1,1.229,16.447,1.3,0.5,0.109,0.0,0,25165,16000,0.0,recreational,0
P01427,5.911,1129.3,1.235,15.911,0.762,0.5,0.079,0.0,0,277705,51000,0.0,recreational,0
P01428,2.256,983.4,1.065,16.555,1.0,0.167,0.034,0.0,0,111200,20000,0.0,recreational,0
P01429,2.994,1585.5,1.576,14.588,4.5,0.167,0.0,1.0,0,208300,26000,26000.0,recreational,0
P01430,3.889,893.1,1.565,13.906,0.524,0.167,0.09,2.235,0,165800,17000,38000.0,recreational,0
P01431,1.517,960.7,0.951,16.634,1.0,0.333,0.026,0.857,0,71100,28000,24000.0,recreational,0
P01432,15.75,1600.5,1.716,38.652,2.067,0.667,0.104,2.102,0,834238,49000,103000.0,regular,0
P01433,3.267,369.3,1.272,12.745,1.0,0.333,0.0,0.385,0,50611,13000,5000.0,recreational,0
P01434,2.761,197.6,1.338,15.669,1.0,0.333,0.0,0.6,0,23988,10000,6000.0,recreational,0
P01435,28.622,2804.2,1.511,36.185,1.657,2.333,0.207,1.368,0,2389942,424000,580000.0,regular,0
P01436,1.283,741.5,1.623,15.918,1.0,0.5,0.0,0.412,0,53200,51000,21000.0,recreational,0
P01437,2.956,855.2,1.222,14.308,1.0,0.833,0.026,0.0,0,109800,43000,0.0,recreational,0
P01438,0.233,196.6,1.0,18.83,1.0,0.167,0.333,0.0,0,2800,6000,0.0,recreational,0
P01439,19.328,1395.0,1.621,33.793,1.53,1.0,0.169,1.818,0,921758,121000,220000.0,regular,0
P01440,95.667,4698.0,1.909,67.067,1.744,0.5,0.285,0.0,0,7430045,63000,0.0,at_risk,1
P01441,3.967,984.5,1.261,17.053,1.346,0.333,0.049,0.83,0,195612,53000,44000.0,recreational,0
P01442,0.817,1047.2,1.529,17.083,1.0,0.167,0.048,0.0,0,36100,15000,0.0,recreational,0
P01443,3.733,923.5,1.509,16.298,0.894,0.333,0.031,0.0,0,172500,33000,0.0,recreational,0
P01444,1.439,116.0,1.304,14.941,0.75,0.167,0.054,0.0,0,8700,2000,0.0,recreational,0
P01445,26.172,1128.9,1.452,34.402,1.294,1.5,0.172,1.274,0,1029301,113000,144000.0,regular,0
P01446,1.906,191.6,1.103,14.483,1.0,0.167,0.0,0.0,0,17000,3000,0.0,recreational,0
P01447,50.167,1611.6,1.702,37.611,1.625,2.5,0.188,1.395,0,2545978,286000,399000.0,regular,0
P01448,124.522,895.1,1.827,71.703,1.606,0.833,0.325,0.0,0,1709525,15000,0.0,at_risk,1
P01449,2.061,177.1,1.476,17.557,1.0,0.167,0.057,0.0,0,18300,2000,0.0,recreational,0
P01450,54.25,385.1,1.607,69.016,1.575,3.667,0.24,0.0,3,504442,72000,0.0,at_risk,1
P01451,1.361,515.3,1.332,15.398,1.0,0.167,0.0,0.0,0,49100,14000,0.0,recreational,0
P01452,3.344,405.1,1.362,14.032,1.0,0.167,0.023,0.0,0,53500,3000,0.0,recreational,0
P01453,26.367,1568.5,1.577,33.182,1.333,1.0,0.195,1.758,0,1335404,120000,211000.0,regular,0
P01454,1.167,154.8,1.583,17.687,1.0,0.167,0.0,0.0,0,10500,4000,0.0,recreational,0
P01455,65.411,385.6,1.628,71.877,1.483,9.5,0.306,0.0,0,624193,146000,0.0,at_risk,1
P01456,3.228,164.7,1.392,16.533,1.0,0.167,0.048,1.5,0,28500,2000,3000.0,recreational,0
P01457,3.033,1527.9,1.147,13.101,0.905,0.333,0.09,0.629,0,231742,62000,39000.0,recreational,0
P01458,40.094,3118.4,1.612,34.133,1.094,2.833,0.113,1.533,0,4036725,706000,1082000.0,regular,0
P01459,0.467,165.8,2.133,14.619,1.0,0.167,0.0,1.0,0,3300,2000,2000.0,recreational,0
P01460,0.661,596.9,1.428,10.305,1.0,0.167,0.0,0.98,0,29900,50000,49000.0,recreational,0
P01461,4.356,1085.5,1.419,15.976,1.55,0.667,0.018,0.609,0,201100,69000,42000.0,recreational,0
P01462,4.628,183.6,1.13,17.041,1.0,0.333,0.0,0.0,0,40468,6000,0.0,recreational,0
P01463,2.372,1475.8,1.25,13.474,1.0,0.167,0.0,0.0,0,148300,29000,0.0,recreational,0
P01464,34.728,1298.9,1.617,35.094,1.879,1.333,0.144,4.104,0,1411771,77000,316000.0,regular,0
P01465,2.139,1186.3,1.085,20.522,1.0,0.333,0.073,1.722,0,110400,18000,31000.0,recreational,0
P01466,35.039,305.6,1.654,32.533,1.57,1.167,0.152,2.115,0,360089,26000,55000.0,regular,0
P01467,32.161,1562.3,1.59,33.052,1.494,3.167,0.17,0.572,0,1629592,257000,147000.0,regular,0
P01468,2.528,1058.2,1.311,14.24,0.333,0.167,0.031,2.556,0,126800,18000,46000.0,recreational,0
P01469,2.644,995.4,1.896,12.649,0.517,0.167,0.015,1.188,0,114300,16000,19000.0,recreational,0
P01470,6.378,1230.7,1.302,15.501,0.592,0.333,0.0,0.0,0,319000,30000,0.0,recreational,0
P01471,11.511,2619.9,1.599,36.43,1.567,0.667,0.061,1.193,0,1028585,135000,161000.0,regular,0
P01472,2.139,775.0,1.52,15.866,1.0,0.167,0.0,0.0,0,83100,13000,0.0,recreational,0
P01473,3.344,968.7,1.177,14.392,1.0,0.333,0.012,0.0,0,157500,25000,0.0,recreational,0
P01474,128.878,895.8,1.86,71.022,1.636,0.833,0.275,0.0,0,1945878,29000,0.0,at_risk,1
P01475,4.783,1042.9,1.131,13.737,1.407,0.667,0.033,0.748,0,218210,111000,83000.0,recreational,0
P01476,3.694,1002.6,1.497,14.269,1.0,0.167,0.2,2.5,0,169000,8000,20000.0,recreational,0
P01477,479.306,16539.6,2.246,129.905,1.972,4.333,0.434,0.0,0,67378118,712000,0.0,problem,1
P01478,4.783,991.5,1.464,13.765,1.0,0.167,0.033,3.045,0,201900,22000,67000.0,recreational,0
P01479,0.467,750.6,1.668,14.426,1.043,0.167,0.0,0.0,0,27400,39000,0.0,recreational,0
P01480,0.35,383.3,1.071,20.092,1.0,0.167,0.444,0.0,0,14200,12000,0.0,recreational,0
P01481,13.806,1581.9,1.535,36.697,1.118,0.5,0.228,2.867,0,691675,60000,172000.0,regular,0
P01482,2.761,1678.2,1.829,33.554,1.145,0.333,0.141,0.0,0,141675,23000,0.0,regular,0
P01483,12.056,1908.0,1.907,36.138,1.095,1.0,0.081,1.079,0,623510,139000,150000.0,regular,0
P01484,148.322,8575.8,2.233,138.095,1.853,9.0,0.363,0.0,0,17005079,880000,0.0,problem,1
P01485,1.556,791.4,1.723,13.873,1.0,0.167,0.05,0.0,0,62310,16000,0.0,recreational,0
P01486,2.294,1260.2,1.656,15.589,2.107,0.167,0.22,0.0,0,116900,18000,0.0,recreational,0
P01487,3.967,811.7,1.246,16.629,1.083,0.333,0.078,0.891,0,177700,46000,41000.0,recreational,0
P01488,99.089,7375.6,1.797,67.294,1.633,1.833,0.262,0.0,0,14439823,278000,0.0,at_risk,1
P01489,113.672,4063.7,1.992,67.864,1.948,1.0,0.234,0.0,0,8531907,144000,0.0,at_risk,1
P01490,3.306,1023.1,1.446,15.74,0.161,0.5,0.082,0.78,0,148700,59000,46000.0,recreational,0
P01491,17.733,362.0,1.785,38.251,1.461,1.167,0.125,0.964,0,193225,28000,27000.0,regular,0
P01492,2.061,838.7,1.183,21.049,1.0,0.167,0.0,0.0,0,86500,19000,0.0,recreational,0
P01493,1.4,242.8,1.102,16.443,1.0,0.167,0.139,0.0,0,18500,7000,0.0,recreational,0
P01494,0.35,458.6,1.673,12.556,1.0,0.167,0.0,0.705,0,12200,44000,31000.0,recreational,0
P01495,121.061,2752.0,2.039,68.171,1.93,0.667,0.315,0.0,0,6850553,49000,0.0,at_risk,1
P01496,4.55,118.3,1.315,14.93,2.5,0.667,0.077,0.0,0,24459,9000,0.0,recreational,0
P01497,5.444,885.2,1.385,13.644,0.958,0.333,0.064,0.911,0,249651,56000,51000.0,recreational,0
P01498,172.278,4007.8,2.099,69.395,1.961,0.667,0.264,0.0,0,12531705,124000,0.0,at_risk,1
P01499,3.928,168.0,1.597,18.855,0.842,0.5,0.119,0.0,0,34300,6000,0.0,recreational,0
P01500,1.05,1487.3,1.093,17.198,0.1,0.333,0.0,0.0,0,65398,22000,0.0,recreational,0
P01501,1.128,1081.3,1.519,13.828,1.0,0.167,0.241,0.0,0,53000,25000,0.0,recreational,0
P01502,1.867,132.0,1.24,13.019,0.333,0.5,0.188,0.533,0,15400,15000,8000.0,recreational,0
P01503,3.228,923.2,1.262,16.28,1.25,0.333,0.048,0.0,0,144600,17000,0.0,recreational,0
P01504,5.872,160.4,1.308,16.31,0.556,0.5,0.046,0.0,0,52654,8000,0.0,recreational,0
P01505,21.428,1753.4,1.67,35.504,1.39,1.667,0.143,1.553,0,1138471,161000,250000.0,regular,0
P01506,0.194,192.4,1.5,12.876,1.0,0.333,0.2,0.0,0,1900,5000,0.0,recreational,0
P01507,4.9,921.4,1.309,15.694,0.842,0.333,0.151,0.6,0,220225,30000,18000.0,recreational,0
P01508,25.9,300.0,1.551,33.64,1.508,2.333,0.087,1.0,0,266972,42000,42000.0,regular,0
P01509,4.511,877.0,1.475,13.438,1.0,0.333,0.052,0.63,0,205000,46000,29000.0,recreational,0
P01510,49.467,2817.9,1.579,35.976,1.909,1.167,0.139,2.456,0,4280535,318000,781000.0,regular,0
P01511,19.094,2464.6,1.418,35.609,1.306,0.5,0.1,1.734,0,1527056,192000,333000.0,regular,0
P01512,164.111,1233.7,1.782,69.109,1.624,0.5,0.23,0.0,0,3829029,19000,0.0,at_risk,1
P01513,5.056,1166.8,1.377,17.615,1.386,0.333,0.092,1.6,0,292700,30000,48000.0,recreational,0
P01514,4.239,654.9,1.167,14.828,1.0,0.333,0.055,0.825,0,139700,63000,52000.0,recreational,0
P01515,13.028,325.5,1.376,37.009,1.493,0.833,0.251,0.391,0,135784,23000,9000.0,regular,0
P01516,85.128,4060.1,1.865,70.111,1.942,1.0,0.305,0.0,0,6175284,69000,0.0,at_risk,1
P01517,490.039,38012.2,2.432,130.203,2.037,0.5,0.377,0.0,0,137529459,107000,0.0,problem,1
P01518,5.094,161.3,1.188,15.678,1.75,0.167,0.023,2.5,0,42900,2000,5000.0,recreational,0
P01519,0.894,807.8,0.807,17.959,1.0,0.167,0.0,0.0,0,33600,15000,0.0,recreational,0
P01520,8.167,755.6,1.548,15.465,1.0,0.833,0.043,1.656,0,301904,61000,101000.0,recreational,0
P01521,0.428,2513.7,1.489,16.076,1.0,0.167,0.0,0.0,0,34800,32000,0.0,recreational,0
P01522,38.5,643.0,1.783,36.906,1.654,2.167,0.127,1.712,0,701603,80000,137000.0,regular,0
P01523,26.794,499.8,1.665,35.436,1.763,1.667,0.061,1.667,0,439036,63000,105000.0,regular,0
P01524,4.2,205.7,1.399,15.153,1.0,0.5,0.0,1.25,0,37500,8000,10000.0,recreational,0
P01525,51.606,3570.9,1.856,69.554,1.886,0.167,0.226,0.0,0,3575751,10000,0.0,at_risk,1
P01526,4.278,111.3,1.448,15.379,2.444,0.667,0.091,0.0,0,23500,9000,0.0,recreational,0
P01527,5.561,237.1,1.541,14.049,1.25,0.333,0.014,2.571,0,53717,7000,18000.0,recreational,0
P01528,1.322,263.2,1.132,16.303,1.0,0.167,0.118,0.625,0,11100,8000,5000.0,recreational,0
P01529,2.606,205.6,1.351,16.876,1.0,0.167,0.06,0.667,0,22400,6000,4000.0,recreational,0
P01530,32.511,327.8,1.723,37.024,1.744,2.333,0.176,1.062,0,328694,65000,69000.0,regular,0
P01531,2.256,1184.6,1.379,14.531,0.554,0.167,0.069,0.0,0,153600,25000,0.0,recreational,0
P01532,3.889,160.1,1.319,13.218,0.286,0.333,0.05,1.0,0,32300,5000,5000.0,recreational,0
P01533,4.122,2107.8,1.061,15.349,1.576,0.667,0.028,1.172,0,390200,227000,266000.0,recreational,0
P01534,4.861,259.7,1.372,13.266,1.0,0.667,0.072,0.882,0,66900,51000,45000.0,recreational,0
P01535,0.467,585.9,1.479,17.266,1.0,0.167,0.0,0.0,0,13400,7000,0.0,recreational,0
P01536,3.072,889.3,1.387,15.965,1.0,0.333,0.0,0.581,0,140600,31000,18000.0,recreational,0
P01537,4.006,219.1,1.403,14.332,0.667,0.333,0.049,0.75,0,38900,8000,6000.0,recreational,0
P01538,2.994,182.6,1.311,14.038,1.0,0.167,0.013,5.0,0,30316,2000,10000.0,recreational,0
P01539,31.344,307.3,1.608,33.438,1.58,1.667,0.141,1.822,0,321419,45000,82000.0,regular,0
P01540,1.05,2093.9,2.292,17.215,1.637,0.333,0.0,0.0,0,90900,49000,0.0,recreational,0
P01541,1.983,1157.9,1.588,14.94,0.53,0.167,0.0,3.429,0,102000,7000,24000.0,recreational,0
P01542,5.911,1140.0,1.363,15.68,0.696,0.333,0.013,0.0,0,278196,26000,0.0,recreational,0
P01543,1.128,260.0,1.005,16.015,1.0,0.167,0.0,0.857,0,16000,7000,6000.0,recreational,0
P01544,6.922,136.1,1.264,15.944,1.183,0.833,0.056,0.0,0,43868,14000,0.0,recreational,0
P01545,3.228,1033.3,1.377,14.889,1.0,0.333,0.0,0.658,0,120600,38000,25000.0,recreational,0
P01546,9.333,1545.6,1.502,34.517,1.185,0.833,0.15,1.06,0,483763,133000,141000.0,regular,0
P01547,5.289,699.7,1.245,14.5,1.588,0.667,0.015,0.35,0,186521,60000,21000.0,recreational,0
P01548,5.483,743.6,1.203,15.572,0.571,0.333,0.057,0.0,0,175500,22000,0.0,recreational,0
P01549,402.111,2142.0,2.082,134.222,1.742,2.0,0.423,0.0,0,10492412,39000,0.0,problem,1
P01550,1.011,796.3,1.338,14.147,1.0,0.5,0.308,0.558,0,42890,86000,48000.0,recreational,0
P01551,4.044,971.4,1.303,13.562,0.625,0.167,0.135,0.907,0,172000,43000,39000.0,recreational,0
P01552,2.333,199.1,1.742,15.309,0.75,0.167,0.083,0.0,0,20200,2000,0.0,recreational,0
P01553,5.989,183.6,1.314,15.415,1.5,0.5,0.071,1.1,0,51900,10000,11000.0,recreational,0
P01554,6.183,191.6,1.325,15.595,0.917,0.833,0.006,0.692,0,54000,26000,18000.0,recreational,0
P01555,31.383,1729.2,1.516,33.625,1.349,2.833,0.133,0.819,0,1635580,331000,271000.0,regular,0
P01556,4.589,1050.6,1.162,15.75,0.562,0.667,0.034,0.522,0,213571,115000,60000.0,recreational,0
P01557,38.422,1504.6,1.548,36.177,1.4,2.0,0.121,1.837,0,1907767,209000,384000.0,regular,0
P01558,142.1,366.8,1.659,67.321,1.58,17.5,0.281,0.0,0,1277424,285000,0.0,at_risk,1
P01559,4.122,1095.8,1.389,14.965,3.464,0.167,0.038,0.682,0,179225,22000,15000.0,recreational,0
P01560,16.761,331.7,1.728,35.689,1.562,0.667,0.142,2.714,0,168709,14000,38000.0,regular,0
P01561,4.861,256.7,1.366,17.295,1.0,0.5,0.112,1.429,0,45679,7000,10000.0,recreational,0
P01562,3.694,1748.7,1.199,13.214,1.224,0.167,0.074,0.921,0,340500,38000,35000.0,recreational,0
P01563,36.05,1582.8,1.612,32.162,1.3,2.333,0.147,1.152,0,1879520,264000,304000.0,regular,0
P01564,2.683,645.1,1.136,15.502,0.955,0.333,0.072,0.444,0,94350,27000,12000.0,recreational,0
P01565,420.039,5515.3,2.084,124.995,2.021,1.667,0.434,0.0,2,19089140,52000,0.0,problem,1
P01566,0.544,850.7,1.155,14.62,2.713,0.167,0.0,0.0,0,28113,4000,0.0,recreational,0
P01567,4.044,212.2,1.409,12.769,1.333,0.5,0.087,0.857,0,37900,14000,12000.0,recreational,0
P01568,6.067,1246.7,1.425,15.907,1.285,1.0,0.077,1.397,0,286946,78000,109000.0,recreational,0
P01569,1.128,776.9,1.445,13.345,1.818,0.333,0.034,1.048,0,51400,42000,44000.0,recreational,0
P01570,2.333,1642.8,1.3,15.98,0.837,0.5,0.033,0.0,0,180300,80000,0.0,recreational,0
P01571,5.017,824.9,1.658,13.543,3.0,0.5,0.008,1.0,0,215134,59000,59000.0,recreational,0
P01572,5.056,354.9,1.317,13.948,0.6,0.333,0.031,1.091,0,75700,11000,12000.0,recreational,0
P01573,0.35,906.6,0.949,20.298,1.0,0.167,0.0,0.0,0,20000,35000,0.0,recreational,0
P01574,426.261,3611.7,2.025,133.122,1.67,4.5,0.355,0.0,2,12010704,80000,0.0,problem,1
P01575,1.206,1026.3,1.306,17.244,1.0,0.5,0.0,0.895,0,62212,38000,34000.0,recreational,0
P01576,2.178,1984.3,1.895,13.272,1.0,0.167,0.071,1.458,0,107200,24000,35000.0,recreational,0
P01577,13.183,307.6,1.634,32.145,1.687,0.833,0.097,0.684,0,133864,19000,13000.0,regular,0
P01578,17.578,1293.6,1.588,34.376,1.694,0.833,0.223,1.654,0,715448,52000,86000.0,regular,0
P01579,17.656,587.0,1.449,35.317,1.389,1.0,0.095,0.717,0,317875,46000,33000.0,regular,0
P01580,139.144,3757.0,1.961,69.404,1.77,0.167,0.258,0.0,0,9962970,7000,0.0,at_risk,1
P01581,0.778,134.2,1.895,14.177,1.0,0.333,0.05,0.625,0,6600,8000,5000.0,recreational,0
P01582,6.261,974.8,1.356,15.93,1.0,0.5,0.087,0.271,0,277400,48000,13000.0,recreational,0
P01583,4.939,171.1,1.334,16.496,1.125,0.333,0.055,0.0,0,43488,6000,0.0,recreational,0
P01584,1.05,1061.2,0.965,16.103,1.0,0.167,0.074,0.0,0,55784,7000,0.0,recreational,0
P01585,18.783,1637.5,1.38,35.001,1.201,2.0,0.081,0.565,0,951913,131000,74000.0,regular,0
P01586,2.294,996.8,1.184,15.033,1.0,0.5,0.0,0.0,0,108746,67000,0.0,recreational,0
P01587,120.944,663.7,1.86,69.014,1.618,0.5,0.299,0.0,0,1681757,7000,0.0,at_risk,1
P01588,9.294,1925.6,1.676,30.298,1.568,0.667,0.117,1.45,0,491710,60000,87000.0,regular,0
P01589,5.094,326.9,1.228,14.815,1.057,0.333,0.145,1.0,0,78673,15000,15000.0,recreational,0
P01590,3.383,831.8,1.152,14.61,1.048,0.167,0.057,0.708,0,145400,24000,17000.0,recreational,0
P01591,369.133,2634.9,2.058,128.908,1.925,3.667,0.459,0.0,0,10129892,105000,0.0,problem,1
P01592,23.372,274.6,1.496,32.67,1.255,2.167,0.108,1.429,0,227019,49000,70000.0,regular,0
P01593,16.139,1565.7,1.623,39.103,1.393,1.333,0.154,1.052,0,807996,155000,163000.0,regular,0
P01594,23.294,1711.3,1.46,35.072,1.477,0.833,0.189,1.758,0,1182750,124000,218000.0,regular,0
P01595,2.8,787.2,1.288,15.231,2.0,0.333,0.042,0.75,0,122600,32000,24000.0,recreational,0
P01596,0.35,126.9,0.889,20.392,1.0,0.167,0.0,0.0,0,2800,2000,0.0,recreational,0
P01597,2.567,144.8,1.491,14.249,5.0,0.667,0.045,0.375,0,16100,8000,3000.0,recreational,0
P01598,14.117,2006.0,1.583,37.697,1.665,1.5,0.118,0.505,0,711270,190000,96000.0,regular,0
P01599,2.606,2401.3,1.739,12.478,0.522,0.333,0.06,0.0,0,228862,49000,0.0,recreational,0
P01600,2.372,1454.2,1.481,16.127,1.0,0.167,0.197,1.075,0,185700,40000,43000.0,recreational,0
P01601,689.539,3951.3,2.012,128.091,1.876,0.167,0.395,0.0,0,19946500,7000,0.0,problem,1
P01602,4.783,182.6,1.27,14.023,1.722,0.333,0.0,0.75,0,40900,4000,3000.0,recreational,0
P01603,14.078,197.5,1.566,35.261,1.92,1.167,0.119,0.0,0,93395,24000,0.0,regular,0
P01604,2.8,169.9,1.212,15.329,0.875,0.167,0.167,1.2,0,21900,5000,6000.0,recreational,0
P01605,1.206,495.9,1.499,14.669,1.583,0.167,0.0,0.7,0,18800,10000,7000.0,recreational,0
P01606,0.933,564.1,0.73,15.524,1.0,0.167,0.0,0.0,0,39500,8000,0.0,recreational,0
P01607,7.233,314.5,1.28,17.281,0.919,0.167,0.07,0.714,0,110567,7000,5000.0,recreational,0
P01608,23.8,2086.6,1.556,35.848,1.066,1.333,0.103,2.021,0,1630184,146000,295000.0,regular,0
P01609,4.433,108.3,1.348,12.021,1.0,0.5,0.096,0.0,0,24800,8000,0.0,recreational,0
P01610,3.072,1256.3,1.025,17.953,1.09,0.5,0.0,0.458,0,143200,48000,22000.0,recreational,0
P01611,1.983,159.6,1.128,15.291,1.0,0.333,0.059,0.0,0,22100,4000,0.0,recreational,0
P01612,2.683,805.5,1.221,16.739,1.0,0.333,0.029,1.0,0,117300,31000,31000.0,recreational,0
P01613,3.072,209.8,1.495,16.895,1.333,0.167,0.038,0.793,0,29000,29000,23000.0,recreational,0
P01614,4.161,880.2,1.106,12.589,1.138,0.333,0.093,0.651,0,172400,43000,28000.0,recreational,0
P01615,30.528,347.2,1.537,35.74,1.713,1.833,0.163,1.725,0,322444,40000,69000.0,regular,0
P01616,44.8,1613.6,1.554,34.256,1.68,3.833,0.126,0.689,0,2279748,344000,237000.0,regular,0
P01617,0.583,903.5,1.673,15.983,1.0,0.333,0.2,0.0,0,27400,49000,0.0,recreational,0
P01618,30.917,1648.5,1.659,35.559,1.85,2.167,0.067,0.85,0,1626248,213000,181000.0,regular,0
P01619,4.356,1018.0,1.256,15.686,0.1,0.5,0.071,0.667,0,205512,27000,18000.0,recreational,0
P01620,87.811,2734.6,2.01,71.538,1.689,2.833,0.31,0.0,1,5015607,271000,0.0,at_risk,1
P01621,3.344,352.1,1.221,14.243,1.0,0.333,0.023,0.0,0,49500,11000,0.0,recreational,0
P01622,3.228,1708.0,1.649,17.831,2.391,0.167,0.0,0.0,0,234300,10000,0.0,recreational,0
P01623,55.689,542.1,1.69,36.181,1.41,2.333,0.119,2.38,0,956728,71000,169000.0,regular,0
P01624,4.161,295.9,1.314,14.856,1.339,0.167,0.075,1.4,0,60500,5000,7000.0,recreational,0
P01625,169.672,4482.8,1.994,71.155,1.769,1.0,0.297,0.0,0,12614386,93000,0.0,at_risk,1
P01626,92.478,806.4,1.856,69.81,1.839,1.0,0.302,0.0,0,1289354,19000,0.0,at_risk,1
P01627,5.172,196.1,1.436,16.094,0.5,0.333,0.038,1.0,0,49300,9000,9000.0,recreational,0
P01628,2.294,1256.3,1.274,14.001,1.0,0.167,0.0,0.0,0,98600,26000,0.0,recreational,0
P01629,2.683,162.9,1.324,15.666,1.0,0.5,0.014,0.0,0,21700,14000,0.0,recreational,0
P01630,1.867,1990.9,1.407,15.482,1.0,0.167,0.083,1.641,0,139300,39000,64000.0,recreational,0
P01631,3.85,153.1,1.386,15.354,1.5,0.667,0.051,0.542,0,31506,24000,13000.0,recreational,0
P01632,95.978,6579.0,1.877,69.108,1.991,0.333,0.367,0.0,0,11452054,68000,0.0,at_risk,1
P01633,5.289,894.0,1.207,15.568,1.0,0.167,0.059,4.364,0,246200,11000,48000.0,recreational,0
P01634,3.694,2016.3,1.22,13.326,1.0,0.167,0.0,0.552,0,288500,67000,37000.0,recreational,0
P01635,2.994,1062.3,1.6,15.866,1.0,0.167,0.104,3.647,0,150000,17000,62000.0,recreational,0
P01636,473.006,34024.6,2.475,129.137,1.832,2.333,0.453,0.0,0,130766900,632000,0.0,problem,1
P01637,89.833,3874.7,1.88,69.591,1.505,1.667,0.207,0.0,0,6482792,191000,0.0,at_risk,1
P01638,3.033,685.7,1.2,15.795,1.508,0.167,0.051,0.0,0,104300,11000,0.0,recreational,0
P01639,3.967,1089.2,1.378,15.486,1.172,0.667,0.01,0.847,0,153676,59000,50000.0,recreational,0
P01640,24.889,1520.2,1.663,33.186,1.295,1.167,0.102,2.435,0,1269274,92000,224000.0,regular,0
P01641,1.128,836.1,1.523,12.085,1.0,0.167,0.034,0.513,0,47100,39000,20000.0,recreational,0
P01642,640.656,20461.0,2.251,130.34,1.876,0.333,0.406,0.0,3,93451040,39000,0.0,problem,1
P01643,74.744,647.0,1.76,71.323,1.656,0.5,0.293,0.0,0,1062001,22000,0.0,at_risk,1
P01644,26.989,202.9,1.47,39.032,1.382,3.167,0.196,0.345,0,184728,58000,20000.0,regular,0
P01645,3.578,936.5,1.26,16.511,1.6,0.5,0.207,0.596,0,169844,52000,31000.0,recreational,0
P01646,40.328,322.2,1.519,35.447,1.505,3.333,0.153,1.312,0,415967,64000,84000.0,regular,0
P01647,384.728,7849.2,2.057,128.818,1.861,4.0,0.417,0.0,0,18464853,123000,0.0,problem,1
P01648,0.506,877.4,1.824,27.141,1.0,0.167,0.538,0.0,0,21000,10000,0.0,recreational,0
P01649,113.944,1498.2,1.885,68.276,1.765,0.167,0.324,0.0,0,2740165,5000,0.0,at_risk,1
P01650,5.444,829.7,1.345,12.195,0.769,1.167,0.007,1.01,0,193800,104000,105000.0,recreational,0
P01651,308.039,9430.5,2.156,131.209,1.801,5.167,0.419,0.0,0,32937647,402000,0.0,problem,1
P01652,33.6,1492.5,1.539,35.868,1.537,2.167,0.053,1.081,0,1693646,273000,295000.0,regular,0
P01653,0.7,442.3,1.194,15.574,1.0,0.167,0.0,0.0,0,21900,6000,0.0,recreational,0
P01654,0.739,258.0,0.449,9.598,1.0,0.167,0.158,0.0,0,7800,4000,0.0,recreational,0
P01655,2.1,268.8,1.604,13.443,1.0,0.167,0.148,0.0,0,27100,3000,0.0,recreational,0
P01656,3.85,756.0,1.271,14.932,1.562,0.333,0.081,0.0,0,171500,36000,0.0,recreational,0
P01657,139.728,390.2,1.649,71.902,1.505,13.5,0.241,0.0,0,1310709,232000,0.0,at_risk,1
P01658,1.478,1089.1,1.196,15.839,1.0,0.167,0.026,0.455,0,65900,33000,15000.0,recreational,0
P01659,143.033,2859.7,1.872,68.683,1.58,1.0,0.258,0.0,0,7845878,96000,0.0,at_risk,1
P01660,3.772,1925.0,1.396,14.969,0.262,0.5,0.0,0.505,0,325300,99000,50000.0,recreational,0
P01661,32.239,2969.8,1.607,34.214,1.058,1.833,0.086,1.894,0,3241619,376000,712000.0,regular,0
P01662,472.383,3907.7,2.035,133.498,1.805,4.0,0.391,0.0,0,14337486,108000,0.0,problem,1
P01663,38.539,1563.5,1.64,36.571,1.588,2.167,0.102,1.86,0,1903827,200000,372000.0,regular,0
P01664,29.867,1786.3,1.647,34.231,1.905,2.667,0.135,1.33,0,1608638,309000,411000.0,regular,0
P01665,389.939,14733.4,2.405,124.362,2.053,0.667,0.392,0.0,0,54150059,41000,0.0,problem,1
P01666,1.711,360.8,2.133,15.677,3.75,0.333,0.045,0.5,0,26600,14000,7000.0,recreational,0
P01667,21.544,1620.9,1.676,37.827,1.716,0.833,0.126,1.636,0,1098601,118000,193000.0,regular,0
P01668,0.661,2557.2,1.188,17.191,1.0,0.167,0.176,0.0,0,54100,18000,0.0,recreational,0
P01669,0.7,932.5,0.917,15.913,1.0,0.167,0.0,0.0,0,29900,6000,0.0,recreational,0
P01670,4.628,763.1,1.239,15.236,4.0,1.0,0.042,0.849,0,153012,126000,107000.0,recreational,0
P01671,19.911,1657.8,1.669,38.076,1.249,1.167,0.129,1.762,0,1040509,126000,222000.0,regular,0
P01672,19.056,319.7,1.499,34.388,1.183,1.833,0.169,1.031,0,193824,32000,33000.0,regular,0
P01673,4.861,225.8,1.067,14.865,0.667,0.333,0.072,2.0,0,45526,4000,8000.0,recreational,0
P01674,96.211,5940.2,2.02,70.444,1.82,0.5,0.27,0.0,0,9280012,91000,0.0,at_risk,1
P01675,4.55,1613.5,1.271,16.757,0.783,0.333,0.051,1.769,0,392800,52000,92000.0,recreational,0
P01676,163.956,8532.1,1.975,72.173,1.847,0.333,0.271,0.0,0,19803145,78000,0.0,at_risk,1
P01677,5.056,1041.9,1.136,17.102,0.909,0.5,0.054,0.531,0,248055,32000,17000.0,recreational,0
P01678,0.311,145.8,1.458,12.932,1.0,0.167,0.0,0.0,0,2300,3000,0.0,recreational,0
P01679,4.122,2423.6,1.331,14.128,1.0,0.667,0.038,1.072,0,412400,97000,104000.0,recreational,0
P01680,1.244,1698.3,0.963,18.018,1.0,0.333,0.0,0.0,0,128300,52000,0.0,recreational,0
P01681,4.55,740.8,1.511,14.803,0.438,1.0,0.034,0.0,0,161029,53000,0.0,recreational,0
P01682,18.861,1484.4,1.736,34.479,1.023,0.833,0.159,1.938,0,930278,81000,157000.0,regular,0
P01683,30.878,2637.7,1.59,37.131,1.787,1.0,0.176,2.069,3,2639591,218000,451000.0,regular,0
P01684,1.75,730.7,0.878,14.288,1.0,0.333,0.133,0.0,0,75600,31000,0.0,recreational,0
P01685,5.289,808.2,1.402,14.499,0.762,0.5,0.059,1.338,0,231000,71000,95000.0,recreational,0
P01686,3.928,968.6,1.662,13.92,3.143,0.5,0.04,0.944,0,187093,72000,68000.0,recreational,0
P01687,2.489,231.9,1.351,14.189,0.137,0.667,0.016,0.267,0,25424,15000,4000.0,recreational,0
P01688,0.622,769.4,1.081,15.146,1.0,0.333,0.125,0.0,0,26300,17000,0.0,recreational,0
P01689,1.789,1479.7,1.068,14.142,1.0,0.333,0.0,0.824,0,130600,91000,75000.0,recreational,0
P01690,13.611,315.0,1.64,35.016,1.253,0.667,0.203,1.1,0,132502,10000,11000.0,regular,0
P01691,128.45,759.6,1.887,69.275,1.643,1.833,0.212,0.0,0,1858584,40000,0.0,at_risk,1
P01692,13.3,1464.9,1.475,36.512,1.575,1.333,0.094,0.926,0,676571,175000,162000.0,regular,0
P01693,3.072,131.4,1.433,11.541,1.0,0.5,0.013,0.0,0,18190,6000,0.0,recreational,0
P01694,4.356,1000.4,1.32,15.638,1.0,0.167,0.045,0.0,0,191100,13000,0.0,recreational,0
P01695,2.8,747.5,1.218,14.562,0.155,0.667,0.0,0.36,0,101788,50000,18000.0,recreational,0
P01696,0.389,283.8,1.444,13.714,1.0,0.167,0.0,0.0,0,10500,11000,0.0,recreational,0
P01697,2.606,927.9,1.569,16.011,1.0,0.167,0.03,1.727,0,116900,11000,19000.0,recreational,0
P01698,102.861,851.7,1.747,68.715,1.706,0.833,0.326,0.0,0,1479117,17000,0.0,at_risk,1
P01699,1.867,732.9,1.254,13.061,1.0,0.167,0.083,0.0,0,90900,14000,0.0,recreational,0
P01700,5.678,2261.7,1.412,15.837,8.273,0.833,0.068,0.411,0,531188,163000,67000.0,recreational,0
P01701,2.45,794.8,1.212,16.399,1.154,0.167,0.032,0.0,0,113900,23000,0.0,recreational,0
P01702,89.794,5793.8,2.184,72.422,1.921,0.5,0.321,0.0,0,8699344,108000,0.0,at_risk,1
P01703,5.172,200.3,1.517,15.305,1.0,0.333,0.053,1.333,0,48700,6000,8000.0,recreational,0
P01704,35.506,1770.2,1.64,33.236,1.637,1.833,0.108,1.573,0,1822213,225000,354000.0,regular,0
P01705,2.178,140.5,0.99,14.43,1.75,0.167,0.054,0.0,0,18200,2000,0.0,recreational,0
P01706,3.5,731.0,1.124,14.839,2.25,0.333,0.1,0.0,0,149930,17000,0.0,recreational,0
P01707,28.933,220.2,1.501,34.508,1.359,3.167,0.164,0.263,0,199703,57000,15000.0,regular,0
P01708,2.917,1622.1,1.137,14.685,0.532,0.167,0.12,0.0,0,225900,35000,0.0,recreational,0
P01709,28.428,366.2,1.465,37.772,1.321,2.333,0.201,1.519,0,302261,52000,79000.0,regular,0
P01710,2.489,563.0,1.34,15.688,1.0,0.167,0.078,0.971,0,81800,34000,33000.0,recreational,0
P01711,2.45,1186.9,1.155,14.393,1.0,0.167,0.016,0.659,0,147800,44000,29000.0,recreational,0
P01712,2.722,205.5,1.171,15.77,1.0,0.167,0.014,2.0,0,24300,5000,10000.0,recreational,0
P01713,24.033,269.6,1.445,34.235,1.401,1.333,0.105,1.552,0,231296,29000,45000.0,regular,0
P01714,32.006,1676.3,1.527,38.118,1.338,2.333,0.143,0.886,0,1646288,211000,187000.0,regular,0
P01715,2.644,1115.8,0.946,16.081,1.0,0.167,0.0,0.0,0,124200,9000,0.0,recreational,0
P01716,0.894,2211.5,1.57,10.502,1.0,0.333,0.0,0.0,0,73800,30000,0.0,recreational,0
P01717,4.706,176.1,1.349,15.408,0.286,0.167,0.0,0.5,0,39200,6000,3000.0,recreational,0
P01718,0.817,287.9,1.643,19.999,1.0,0.167,0.0,0.389,0,12100,18000,7000.0,recreational,0
P01719,1.167,204.7,0.981,19.151,1.0,0.167,0.0,1.5,0,12400,4000,6000.0,recreational,0
P01720,1.244,99.8,0.902,18.898,1.0,0.167,0.0,0.6,0,10200,5000,3000.0,recreational,0
P01721,364.817,14448.4,2.229,132.402,1.926,1.0,0.404,0.0,0,43877689,80000,0.0,problem,1
P01722,1.75,2099.7,1.363,15.867,1.0,0.667,0.156,0.0,0,164845,86000,0.0,recreational,0
P01723,0.467,1279.0,0.595,19.404,0.25,0.333,0.25,0.0,0,22771,34000,0.0,recreational,0
P01724,94.811,1389.0,1.976,71.122,1.738,0.167,0.268,0.0,0,2202000,7000,0.0,at_risk,1
P01725,0.894,844.5,0.727,10.294,1.0,0.167,0.0,0.0,0,39200,13000,0.0,recreational,0
P01726,30.217,2579.9,1.592,34.545,1.366,2.0,0.1,1.621,0,2590731,306000,496000.0,regular,0
P01727,4.2,1584.1,1.456,12.908,0.815,0.333,0.046,0.979,0,381695,48000,47000.0,recreational,0
P01728,2.839,1763.9,1.213,16.825,1.0,0.167,0.041,3.174,0,194500,23000,73000.0,recreational,0
P01729,3.578,680.3,1.116,16.225,0.933,0.333,0.076,0.909,0,138900,44000,40000.0,recreational,0
P01730,3.811,1552.5,1.203,16.593,1.0,0.5,0.071,0.0,0,283041,55000,0.0,recreational,0
P01731,15.206,1770.9,1.475,30.551,1.069,1.5,0.059,0.844,0,736216,141000,119000.0,regular,0
P01732,2.878,1118.3,1.223,15.525,1.0,0.333,0.176,1.37,0,139600,27000,37000.0,recreational,0
P01733,4.939,320.6,1.537,16.17,0.571,0.667,0.0,1.057,0,73311,35000,37000.0,recreational,0
P01734,2.8,272.4,1.156,14.269,1.0,0.167,0.042,0.0,0,40500,7000,0.0,recreational,0
P01735,3.967,970.3,1.48,13.882,11.5,0.5,0.137,0.54,0,164400,50000,27000.0,recreational,0
P01736,0.35,101.4,1.05,8.06,1.0,0.167,0.0,0.0,0,2300,3000,0.0,recreational,0
P01737,30.917,1185.5,1.533,37.349,1.092,0.667,0.204,2.172,0,1219669,58000,126000.0,regular,0
P01738,3.033,2496.4,1.227,11.403,1.0,0.167,0.0,1.091,0,287800,55000,60000.0,recreational,0
P01739,0.389,276.7,1.697,18.804,1.0,0.167,0.0,0.0,0,6100,3000,0.0,recreational,0
P01740,5.017,2174.8,1.208,12.355,0.968,0.667,0.039,1.012,0,490400,86000,87000.0,recreational,0
P01741,1.4,415.7,1.045,13.211,0.6,0.167,0.0,0.0,0,23600,14000,0.0,recreational,0
P01742,1.361,991.7,1.083,16.968,1.0,0.167,0.057,1.111,0,79400,36000,40000.0,recreational,0
P01743,162.4,679.0,1.854,69.818,1.648,0.5,0.334,0.0,0,2257238,11000,0.0,at_risk,1
P01744,19.25,1618.3,1.755,37.306,1.698,2.0,0.081,0.418,0,944455,134000,56000.0,regular,0
P01745,15.789,1579.1,1.61,33.195,1.357,1.0,0.069,1.877,0,787135,73000,137000.0,regular,0
P01746,4.006,1331.3,1.44,14.485,0.854,0.5,0.0,0.926,0,273800,108000,100000.0,recreational,0
P01747,0.272,837.5,1.046,12.103,1.0,0.167,0.429,0.0,0,13200,15000,0.0,recreational,0
P01748,26.678,235.3,1.542,36.431,1.382,5.0,0.111,0.133,0,192242,75000,10000.0,regular,0
P01749,1.128,1021.6,0.995,19.538,1.0,0.167,0.0,0.0,0,51300,11000,0.0,recreational,0
P01750,2.956,1556.5,1.095,11.085,1.169,0.167,0.0,0.806,0,252600,36000,29000.0,recreational,0
P01751,166.133,2995.8,1.964,70.982,1.739,1.167,0.321,0.0,0,9408002,111000,0.0,at_risk,1
P01752,2.839,293.0,1.658,15.76,1.0,0.333,0.0,1.167,0,43600,18000,21000.0,recreational,0
P01753,37.45,226.4,1.496,36.781,1.302,4.833,0.097,0.229,0,261372,83000,19000.0,regular,0
P01754,4.161,611.0,1.459,15.068,1.0,0.333,0.075,1.769,0,133700,26000,46000.0,recreational,0
P01755,5.133,1607.3,1.499,17.961,1.121,0.167,0.076,0.955,0,376400,22000,21000.0,recreational,0
P01756,2.528,847.6,1.153,15.993,1.0,0.667,0.108,1.216,0,110700,74000,90000.0,recreational,0
P01757,0.35,379.0,2.185,10.674,1.0,0.167,0.0,0.0,0,5500,5000,0.0,recreational,0
P01758,4.511,370.7,1.241,13.88,0.819,0.667,0.086,0.56,0,70544,25000,14000.0,recreational,0
P01759,25.511,1721.3,1.554,32.38,2.004,0.667,0.128,2.411,0,1316287,73000,176000.0,regular,0
P01760,1.478,844.2,1.404,12.932,1.0,0.167,0.079,0.0,0,61100,11000,0.0,recreational,0
P01761,2.333,508.1,1.265,16.078,1.0,0.333,0.05,0.0,0,68900,17000,0.0,recreational,0
P01762,0.583,1746.4,1.319,14.023,1.0,0.167,0.2,0.0,0,25700,20000,0.0,recreational,0
P01763,2.917,276.5,1.428,16.882,1.5,0.333,0.04,0.588,0,39700,17000,10000.0,recreational,0
P01764,3.578,936.6,1.101,14.089,1.0,0.667,0.043,0.236,0,167300,55000,13000.0,recreational,0
P01765,15.206,197.3,1.401,37.281,1.405,2.333,0.136,0.25,0,104766,36000,9000.0,regular,0
P01766,5.989,1234.0,1.218,13.377,0.4,0.5,0.006,0.95,0,354900,121000,115000.0,recreational,0
P01767,370.806,40804.9,2.402,133.372,2.023,3.0,0.421,0.0,3,105249633,739000,0.0,problem,1
P01768,1.439,348.1,1.159,12.615,1.0,0.5,0.108,0.625,0,15300,8000,5000.0,recreational,0
P01769,4.978,895.9,1.428,15.5,1.0,0.667,0.078,0.804,0,215500,46000,37000.0,recreational,0
P01770,3.189,273.1,1.19,15.477,1.833,0.333,0.073,1.067,0,44600,15000,16000.0,recreational,0
P01771,2.489,2117.0,1.634,12.204,1.0,0.333,0.047,0.0,0,212100,33000,0.0,recreational,0
P01772,5.872,1373.0,1.792,14.827,1.944,0.667,0.046,1.479,0,349600,96000,142000.0,recreational,0
P01773,0.7,817.6,0.894,16.102,0.769,0.167,0.0,0.0,0,31300,9000,0.0,recreational,0
P01774,20.611,1993.3,1.456,34.891,1.441,1.333,0.111,0.919,0,1150774,148000,136000.0,regular,0
P01775,0.272,573.6,0.644,14.082,1.0,0.167,0.0,0.0,0,8200,14000,0.0,recreational,0
P01776,7.039,303.7,1.423,17.333,1.036,0.667,0.088,1.308,0,96957,13000,17000.0,recreational,0
P01777,3.306,820.9,1.203,14.752,1.0,0.333,0.012,0.0,0,142200,36000,0.0,recreational,0
P01778,2.489,3103.3,1.265,13.214,1.0,0.5,0.047,0.836,0,216525,61000,51000.0,recreational,0
P01779,68.794,3269.6,1.925,69.188,1.633,2.667,0.239,0.0,0,4664667,291000,0.0,at_risk,1
P01780,3.033,190.4,1.781,13.76,0.333,0.167,0.141,0.0,0,26700,2000,0.0,recreational,0
P01781,3.889,1170.9,1.455,16.372,1.15,0.5,0.13,0.755,0,177702,94000,71000.0,recreational,0
P01782,4.667,911.6,1.449,15.181,1.721,0.333,0.125,5.714,0,218324,14000,80000.0,recreational,0
P01783,1.439,824.6,1.194,12.647,1.0,0.333,0.108,0.0,0,63600,27000,0.0,recreational,0
P01784,138.6,3847.9,1.943,69.708,1.751,0.167,0.255,0.0,0,9980900,16000,0.0,at_risk,1
P01785,4.511,983.7,1.437,14.714,2.222,0.333,0.0,1.276,0,167351,29000,37000.0,recreational,0
P01786,25.161,1623.7,1.93,35.831,1.728,1.333,0.104,1.039,0,1271817,152000,158000.0,regular,0
P01787,3.228,685.8,1.177,14.381,1.0,0.333,0.024,0.625,0,115138,32000,20000.0,recreational,0
P01788,1.75,341.1,1.584,17.004,1.0,0.167,0.2,1.0,0,18700,5000,5000.0,recreational,0
P01789,1.633,1561.6,1.349,16.015,1.576,0.167,0.095,0.0,0,129100,36000,0.0,recreational,0
P01790,0.389,150.6,0.733,19.428,1.0,0.167,0.4,0.0,0,3400,4000,0.0,recreational,0
P01791,1.867,1240.7,1.605,17.13,1.0,0.167,0.146,0.0,0,102600,15000,0.0,recreational,0
P01792,1.828,1049.8,1.354,14.92,1.0,0.167,0.0,0.0,0,80300,29000,0.0,recreational,0
P01793,128.178,1379.1,1.943,69.257,1.623,0.667,0.295,0.0,0,3160883,24000,0.0,at_risk,1
P01794,24.15,3184.0,1.543,36.199,1.362,1.5,0.164,1.315,0,2385289,298000,392000.0,regular,0
P01795,3.928,1296.6,1.332,13.546,1.529,0.167,0.089,2.242,0,264000,33000,74000.0,recreational,0
P01796,3.15,129.4,1.286,13.96,1.0,0.5,0.0,0.5,0,18400,8000,4000.0,recreational,0
P01797,25.122,311.0,1.689,35.904,1.777,2.167,0.09,1.097,0,251816,62000,68000.0,regular,0
P01798,2.878,1867.0,1.44,11.818,1.933,0.167,0.0,0.0,0,284700,13000,0.0,recreational,0
P01799,5.133,815.0,1.243,13.852,0.738,0.833,0.045,0.269,0,179152,78000,21000.0,recreational,0
P01800,36.283,578.8,1.598,36.615,1.747,2.5,0.138,1.157,0,646630,83000,96000.0,regular,0
P01801,7.894,124.1,1.587,15.177,0.75,0.833,0.064,0.267,0,44800,15000,4000.0,recreational,0
P01802,2.917,271.1,1.046,13.374,0.444,0.167,0.0,1.6,0,44100,5000,8000.0,recreational,0
P01803,4.394,936.5,1.38,15.292,0.889,0.667,0.044,0.683,0,199767,41000,28000.0,recreational,0
P01804,2.178,734.8,1.009,14.036,0.944,0.333,0.196,1.045,0,87000,22000,23000.0,recreational,0
P01805,1.867,741.4,1.214,16.064,1.286,0.333,0.0,0.0,0,82095,21000,0.0,recreational,0
P01806,30.878,1684.0,1.896,31.652,1.342,2.833,0.086,0.894,0,1610814,301000,269000.0,regular,0
P01807,438.394,4666.6,2.13,128.702,1.862,2.5,0.411,0.0,3,19352085,126000,0.0,problem,1
P01808,1.4,1398.4,1.237,14.784,1.0,0.167,0.0,0.841,0,100000,63000,53000.0,recreational,0
P01809,26.989,1580.8,1.641,35.363,1.413,1.0,0.089,0.935,0,1373283,108000,101000.0,regular,0
P01810,213.383,5542.7,1.911,71.446,1.915,0.667,0.318,0.0,0,24422289,131000,0.0,at_risk,1
P01811,6.728,1095.8,1.359,15.335,0.971,1.0,0.075,0.644,0,322500,90000,58000.0,recreational,0
P01812,160.728,684.7,1.847,69.163,1.596,2.833,0.31,0.0,0,2278521,58000,0.0,at_risk,1
P01813,497.622,12590.3,2.206,128.472,2.013,9.333,0.457,0.0,0,65668294,1027000,0.0,problem,1
P01814,45.15,318.9,1.554,37.254,1.42,4.0,0.102,0.527,0,471000,74000,39000.0,regular,0
P01815,693.389,36713.3,2.394,126.453,2.092,1.333,0.377,0.0,0,165473372,220000,0.0,problem,1
P01816,4.783,2097.9,1.416,17.98,1.0,0.5,0.0,2.898,0,375800,49000,142000.0,recreational,0
P01817,3.5,1468.8,1.322,14.22,0.359,0.167,0.089,0.889,0,257000,36000,32000.0,recreational,0
P01818,70.972,3388.6,1.891,71.388,1.646,1.0,0.306,0.0,0,4889621,100000,0.0,at_risk,1
P01819,21.233,2501.3,1.65,33.719,1.158,1.167,0.137,1.195,0,1704227,128000,153000.0,regular,0
P01820,4.122,651.7,1.197,15.338,1.0,0.333,0.0,0.356,0,170900,45000,16000.0,recreational,0
P01821,3.656,729.6,1.164,14.239,1.0,0.167,0.043,0.0,0,127500,11000,0.0,recreational,0
P01822,3.072,167.9,1.103,16.682,1.0,0.333,0.025,1.5,0,26400,6000,9000.0,recreational,0
P01823,29.594,2708.9,1.59,33.839,1.903,2.0,0.172,1.624,0,2485804,457000,742000.0,regular,0
P01824,6.261,119.1,1.358,15.899,1.333,0.667,0.068,0.0,0,36077,9000,0.0,recreational,0
P01825,7.117,887.0,1.189,14.915,1.0,0.333,0.044,0.68,0,327800,25000,17000.0,recreational,0
P01826,2.256,398.9,1.07,14.175,1.0,0.167,0.052,0.0,0,39100,4000,0.0,recreational,0
P01827,3.967,1092.2,1.639,14.04,1.0,0.167,0.01,2.419,0,171100,31000,75000.0,recreational,0
P01828,145.406,714.3,1.865,69.574,1.857,1.0,0.291,0.0,0,2115518,34000,0.0,at_risk,1
P01829,0.856,361.9,1.804,16.037,1.0,0.333,0.136,0.0,0,12400,7000,0.0,recreational,0
P01830,4.044,1754.5,1.637,15.086,0.383,0.5,0.077,0.934,0,314600,91000,85000.0,recreational,0
P01831,3.15,397.3,1.573,13.611,5.333,0.333,0.049,2.071,0,51600,14000,29000.0,recreational,0
P01832,48.533,548.6,1.692,34.166,1.628,2.833,0.128,2.017,0,829249,115000,232000.0,regular,0
P01833,4.472,945.6,1.328,16.488,1.0,0.167,0.043,1.25,0,205100,20000,25000.0,recreational,0
P01834,6.883,1497.4,1.301,14.104,1.745,0.833,0.017,1.282,0,450291,117000,150000.0,recreational,0
P01835,2.839,135.6,1.322,13.638,0.522,0.5,0.0,0.0,0,17100,10000,0.0,recreational,0
P01836,34.261,1309.0,1.501,35.603,1.178,2.167,0.117,0.643,0,1385822,210000,135000.0,regular,0
P01837,20.689,1562.0,1.559,35.846,1.31,1.5,0.135,0.934,0,1021689,137000,128000.0,regular,0
P01838,17.967,1507.1,1.376,36.055,1.288,2.667,0.102,0.707,0,887447,225000,159000.0,regular,0
P01839,5.133,363.3,1.169,14.694,1.0,0.833,0.091,0.96,0,79100,25000,24000.0,recreational,0
P01840,238.039,630.4,1.718,133.412,1.496,48.5,0.432,0.0,0,3140267,772000,0.0,problem,1
P01841,33.678,552.1,1.549,34.92,1.3,1.0,0.156,2.897,0,574888,29000,84000.0,regular,0
P01842,3.15,917.8,1.259,13.978,1.0,0.5,0.049,1.057,0,133800,70000,74000.0,recreational,0
P01843,488.444,17343.0,2.281,125.48,1.966,7.0,0.402,0.0,1,70917311,699000,0.0,problem,1
P01844,137.472,889.8,1.796,68.289,1.562,0.333,0.306,0.0,0,2089868,12000,0.0,at_risk,1
P01845,15.4,1579.1,1.883,31.988,1.137,0.833,0.088,1.525,0,799580,80000,122000.0,regular,0
P01846,23.372,1749.3,1.652,32.928,1.44,1.667,0.105,1.161,0,1222354,155000,180000.0,regular,0
P01847,3.928,894.0,1.528,16.4,1.75,0.333,0.059,1.116,0,172300,112000,125000.0,recreational,0
P01848,1.983,767.0,1.218,14.459,1.32,0.167,0.0,0.0,0,80300,15000,0.0,recreational,0
P01849,1.983,891.7,1.241,15.964,0.375,0.333,0.02,1.037,0,90500,27000,28000.0,recreational,0
P01850,3.578,1510.0,1.348,15.704,2.43,0.333,0.076,0.907,0,258800,54000,49000.0,recreational,0
P01851,4.278,1080.8,1.301,16.42,0.313,0.5,0.0,0.0,0,183232,25000,0.0,recreational,0
P01852,4.083,1005.3,1.636,15.947,1.0,0.333,0.048,0.513,0,149799,39000,20000.0,recreational,0
P01853,148.322,797.6,1.824,68.491,1.499,0.667,0.285,0.0,0,2172367,15000,0.0,at_risk,1
P01854,3.733,111.7,1.194,15.052,1.0,0.833,0.0,0.0,0,22200,11000,0.0,recreational,0
P01855,39.356,2529.4,1.51,36.765,1.721,2.167,0.125,1.03,0,3279446,394000,406000.0,regular,0
P01856,3.189,224.5,1.54,16.222,1.0,0.333,0.0,0.714,0,31600,7000,5000.0,recreational,0
P01857,4.744,1271.2,1.112,17.963,2.381,0.333,0.025,0.535,0,351900,71000,38000.0,recreational,0
P01858,3.5,1453.2,1.42,16.269,1.531,0.333,0.022,0.449,0,249280,89000,40000.0,recreational,0
P01859,2.217,1943.2,1.225,14.374,1.0,0.5,0.07,0.0,0,192539,42000,0.0,recreational,0
P01860,5.6,700.3,1.203,14.516,1.0,0.667,0.014,0.608,0,192242,74000,45000.0,recreational,0
P01861,1.556,213.6,1.798,15.784,1.0,0.333,0.15,0.0,0,14200,4000,0.0,recreational,0
P01862,3.5,599.8,1.342,16.899,0.833,0.5,0.1,0.0,0,118100,37000,0.0,recreational,0
P01863,1.517,1212.0,1.281,14.71,1.173,0.333,0.179,0.0,0,83700,17000,0.0,recreational,0
P01864,1.283,1392.7,1.758,16.549,1.0,0.167,0.0,0.0,0,69900,19000,0.0,recreational,0
P01865,5.056,743.0,1.121,16.715,0.667,0.5,0.031,0.0,0,209200,32000,0.0,recreational,0
P01866,1.789,782.8,1.32,18.731,1.0,0.333,0.0,0.0,0,63267,11000,0.0,recreational,0
P01867,2.528,148.8,1.018,15.791,1.0,0.833,0.077,0.211,0,20400,19000,4000.0,recreational,0
P01868,3.189,938.6,1.986,15.288,0.464,0.333,0.11,0.413,0,118500,46000,19000.0,recreational,0
P01869,24.85,1562.6,1.482,35.01,1.319,1.5,0.117,1.051,0,1282017,136000,143000.0,regular,0
P01870,0.272,542.9,0.703,18.785,1.0,0.333,0.143,0.0,0,11300,19000,0.0,recreational,0
P01871,16.411,1529.4,1.544,37.699,1.474,1.333,0.135,0.339,0,883881,121000,41000.0,regular,0
P01872,38.189,2538.2,1.648,35.649,1.509,2.5,0.192,0.599,0,3192700,449000,269000.0,regular,0
P01873,2.45,718.8,1.138,15.993,1.0,0.167,0.032,0.818,0,100200,22000,18000.0,recreational,0
P01874,2.411,1126.5,1.37,14.007,1.0,0.167,0.032,0.0,0,116100,15000,0.0,recreational,0
P01875,6.572,923.8,1.221,14.267,0.463,0.833,0.089,1.078,0,276917,102000,110000.0,recreational,0
P01876,4.122,780.8,1.253,17.252,1.0,0.333,0.075,0.571,0,146100,21000,12000.0,recreational,0
P01877,3.656,1224.3,1.363,14.326,1.36,0.333,0.032,0.383,0,164750,47000,18000.0,recreational,0
P01878,5.017,788.2,1.466,14.083,0.5,0.667,0.031,1.088,0,190800,34000,37000.0,recreational,0
P01879,456.789,3974.4,2.011,126.568,1.793,4.5,0.404,0.0,0,13269326,121000,0.0,problem,1
P01880,2.683,135.3,1.38,13.496,1.0,0.167,0.043,0.0,0,15100,3000,0.0,recreational,0
P01881,2.022,223.6,1.245,17.04,1.0,0.333,0.058,0.0,0,18300,4000,0.0,recreational,0
P01882,194.678,3567.3,1.999,72.345,1.887,0.333,0.313,0.0,0,13701760,44000,0.0,at_risk,1
P01883,0.233,462.2,0.682,13.465,1.0,0.167,0.0,0.0,0,8500,26000,0.0,recreational,0
P01884,2.606,268.5,1.058,15.105,1.0,0.5,0.0,0.667,0,33569,18000,12000.0,recreational,0
P01885,3.733,1008.5,1.363,13.965,0.5,0.5,0.083,0.583,0,166500,84000,49000.0,recreational,0
P01886,7.233,122.7,1.254,13.555,1.267,1.0,0.054,0.429,0,41468,14000,6000.0,recreational,0
P01887,240.372,2343.7,1.934,131.005,1.731,4.167,0.448,0.0,0,6414860,83000,0.0,problem,1
P01888,4.628,1024.2,1.096,15.508,1.0,0.167,0.042,1.6,0,218104,10000,16000.0,recreational,0
P01889,2.722,952.4,1.508,14.379,1.0,0.333,0.0,1.341,0,122200,44000,59000.0,recreational,0
P01890,4.433,1906.9,1.264,14.007,0.63,0.667,0.009,0.896,0,412400,134000,120000.0,recreational,0
P01891,1.05,958.1,1.476,15.536,1.0,0.333,0.0,0.648,0,52700,54000,35000.0,recreational,0
P01892,2.956,347.1,1.319,16.639,1.0,0.667,0.0,0.5,0,43859,34000,17000.0,recreational,0
P01893,4.317,823.3,1.128,14.408,1.0,0.667,0.027,1.159,0,181700,44000,51000.0,recreational,0
P01894,1.944,1700.5,1.337,11.983,1.0,0.333,0.0,0.0,0,131262,48000,0.0,recreational,0
P01895,2.489,1020.8,1.246,15.535,1.0,0.167,0.031,0.952,0,104600,21000,20000.0,recreational,0
P01896,30.45,1540.5,1.632,36.84,1.62,0.667,0.129,3.383,0,1541002,60000,203000.0,regular,0
P01897,123.083,5705.3,2.045,71.014,1.97,1.0,0.27,0.0,0,14434463,187000,0.0,at_risk,1
P01898,14.311,196.9,1.414,37.364,1.637,1.833,0.008,0.115,0,97137,26000,3000.0,regular,0
P01899,5.678,723.8,1.412,15.802,1.024,0.667,0.062,0.889,0,205500,72000,64000.0,recreational,0
P01900,41.572,1386.6,1.643,34.534,1.425,3.333,0.107,0.805,0,1796063,298000,240000.0,regular,0
P01901,7.972,1623.3,1.646,30.764,1.42,0.667,0.054,0.712,0,422750,66000,47000.0,regular,0
P01902,2.722,1066.2,1.465,15.397,0.944,0.667,0.114,0.348,0,128600,46000,16000.0,recreational,0
P01903,1.556,1128.0,1.008,12.076,1.0,0.5,0.0,0.686,0,83500,51000,35000.0,recreational,0
P01904,0.428,304.2,2.167,8.072,1.0,0.167,0.0,1.25,0,6200,12000,15000.0,recreational,0
P01905,569.022,20236.4,2.28,131.256,1.891,3.5,0.398,0.0,0,83776168,394000,0.0,problem,1
P01906,211.517,6025.7,1.893,68.507,1.699,0.667,0.28,0.0,1,25354675,171000,0.0,at_risk,1
P01907,8.361,1664.6,1.427,36.082,1.623,0.333,0.14,1.059,0,448031,68000,72000.0,regular,0
P01908,2.178,631.2,1.157,15.362,0.176,0.333,0.071,0.48,0,76900,25000,12000.0,recreational,0
P01909,189.622,4226.9,2.019,68.105,1.908,0.5,0.259,0.0,2,14356751,33000,0.0,at_risk,1
P01910,4.2,1246.8,1.445,16.973,0.82,0.5,0.009,1.132,0,212800,53000,60000.0,recreational,0
P01911,2.917,182.2,1.361,15.552,2.5,0.5,0.053,0.562,0,25463,16000,9000.0,recreational,0
P01912,0.894,121.4,1.119,18.531,1.0,0.167,0.087,0.909,0,6300,11000,10000.0,recreational,0
P01913,14.506,234.3,1.358,38.891,1.173,2.833,0.158,0.07,0,99617,43000,3000.0,regular,0
P01914,40.406,1830.7,1.537,32.778,1.523,2.333,0.151,1.361,0,2133049,238000,324000.0,regular,0
P01915,1.4,174.8,1.539,16.298,1.0,0.167,0.028,0.0,0,12400,3000,0.0,recreational,0
P01916,1.128,1934.3,2.085,13.294,1.0,0.167,0.0,0.0,0,106500,20000,0.0,recreational,0
P01917,6.106,755.3,1.206,15.103,1.0,0.333,0.045,0.761,0,257900,46000,35000.0,recreational,0
P01918,1.944,246.9,1.539,13.497,1.0,0.167,0.0,0.0,0,25800,7000,0.0,recreational,0
P01919,119.428,383.2,1.637,67.136,1.473,12.167,0.272,0.0,0,1090506,198000,0.0,at_risk,1
P01920,4.394,288.2,1.262,16.292,0.877,0.5,0.195,0.75,0,65426,20000,15000.0,recreational,0
P01921,7.35,187.3,1.465,14.68,2.1,0.833,0.021,0.545,0,65649,22000,12000.0,recreational,0
P01922,0.544,1264.1,0.811,5.793,1.0,0.167,0.0,0.0,0,39800,34000,0.0,recreational,0
P01923,32.433,1354.7,1.452,31.627,1.248,1.833,0.116,1.034,0,1360259,145000,150000.0,regular,0
P01924,49.156,307.7,1.541,35.063,1.311,3.167,0.142,0.882,0,504665,68000,60000.0,regular,0
P01925,4.083,1174.3,1.31,13.637,1.0,0.333,0.0,1.471,0,244500,51000,75000.0,recreational,0
P01926,2.411,1011.2,1.235,14.57,1.0,0.5,0.065,0.0,0,111784,37000,0.0,recreational,0
P01927,143.539,1354.1,1.92,68.27,1.806,0.167,0.312,0.0,0,3601900,5000,0.0,at_risk,1
P01928,4.55,218.2,1.071,16.876,1.0,0.167,0.111,2.444,0,39900,9000,22000.0,recreational,0
P01929,3.811,1165.6,1.173,16.657,1.356,0.167,0.112,0.0,0,184000,17000,0.0,recreational,0
P01930,2.8,213.5,1.593,14.447,0.5,0.167,0.028,2.5,0,26500,4000,10000.0,recreational,0
P01931,430.967,7679.1,2.207,128.023,1.869,4.0,0.406,0.0,3,21060078,147000,0.0,problem,1
P01932,44.294,348.6,1.618,35.561,1.301,2.333,0.094,0.945,0,447659,55000,52000.0,regular,0
P01933,4.939,331.9,1.271,14.375,1.0,0.167,0.087,3.8,0,72600,5000,19000.0,recreational,0
P01934,5.483,1116.9,1.311,14.097,1.341,0.667,0.021,0.345,0,244500,84000,29000.0,recreational,0
P01935,1.439,119.1,1.111,14.048,1.0,0.333,0.108,0.0,0,9000,5000,0.0,recreational,0
P01936,3.5,208.8,1.794,15.599,1.0,0.333,0.056,0.846,0,30900,13000,11000.0,recreational,0
P01937,3.578,326.6,1.218,16.846,0.6,0.5,0.13,0.0,0,57000,11000,0.0,recreational,0
P01938,1.867,1160.6,1.043,14.909,1.0,0.5,0.042,1.111,0,91365,27000,30000.0,recreational,0
P01939,1.983,1405.8,1.359,14.211,1.333,0.167,0.098,0.0,0,85700,18000,0.0,recreational,0
P01940,3.189,2066.0,1.353,17.237,2.722,0.333,0.085,0.0,0,297600,36000,0.0,recreational,0
P01941,3.967,793.4,1.351,13.909,2.273,0.667,0.02,0.857,0,173001,98000,84000.0,recreational,0
P01942,2.411,1056.7,0.921,15.69,1.0,0.333,0.145,0.0,0,102600,17000,0.0,recreational,0
P01943,31.694,516.0,1.597,37.688,1.645,2.667,0.081,1.369,0,541867,103000,141000.0,regular,0
P01944,5.522,1643.1,1.294,17.156,0.471,0.167,0.085,1.037,0,403200,107000,111000.0,recreational,0
P01945,18.122,526.5,1.835,30.77,1.854,1.333,0.082,1.756,0,312158,45000,79000.0,regular,0
P01946,177.372,6151.5,2.12,69.489,1.879,0.167,0.262,0.0,0,21000900,25000,0.0,at_risk,1
P01947,285.833,797.6,1.695,128.19,1.594,46.167,0.434,0.0,0,3837659,739000,0.0,problem,1
P01948,3.383,869.2,1.147,14.953,3.0,0.333,0.08,0.204,0,117500,49000,10000.0,recreational,0
P01949,3.85,182.0,1.17,16.761,1.0,0.333,0.232,0.0,0,35200,6000,0.0,recreational,0
P01950,0.506,333.2,1.607,19.417,1.0,0.167,0.385,0.0,0,8400,3000,0.0,recreational,0
P01951,1.944,894.1,1.102,21.771,1.0,0.333,0.12,0.536,0,123200,69000,37000.0,recreational,0
P01952,1.633,1267.5,1.524,14.55,1.0,0.167,0.095,0.0,0,82100,16000,0.0,recreational,0
P01953,2.45,1015.9,1.3,14.583,1.0,0.167,0.0,3.091,0,117200,11000,34000.0,recreational,0
P01954,2.217,159.7,1.217,15.397,1.5,0.667,0.053,0.2,0,19128,15000,3000.0,recreational,0
P01955,30.567,2189.7,1.542,33.64,1.582,1.833,0.089,1.077,0,2430696,247000,266000.0,regular,0
P01956,5.522,216.6,1.531,15.729,1.0,0.333,0.014,0.0,0,51400,4000,0.0,recreational,0
P01957,85.828,1203.4,1.797,73.903,1.824,0.5,0.234,0.0,0,2136618,23000,0.0,at_risk,1
P01958,13.339,507.5,1.484,35.451,1.412,1.0,0.128,0.692,0,235932,39000,27000.0,regular,0
P01959,2.45,1036.1,1.307,13.634,1.311,0.333,0.127,0.658,0,106700,38000,25000.0,recreational,0
P01960,4.939,172.1,1.188,14.885,0.667,0.333,0.031,0.75,0,42000,8000,6000.0,recreational,0
P01961,0.622,198.3,1.222,19.921,1.0,0.333,0.0,0.0,0,4400,4000,0.0,recreational,0
P01962,133.506,4043.3,1.871,70.672,1.696,0.833,0.289,0.0,0,9280905,71000,0.0,at_risk,1
P01963,35.544,1328.7,1.416,36.837,1.512,1.833,0.198,1.473,0,1478408,186000,274000.0,regular,0
P01964,28.156,314.8,1.616,34.982,1.374,1.167,0.112,2.208,0,290758,24000,53000.0,regular,0
P01965,1.05,319.1,1.178,18.079,1.0,0.5,0.148,0.0,0,17409,15000,0.0,recreational,0
P01966,2.022,710.8,1.452,14.947,1.0,0.167,0.096,0.588,0,67900,34000,20000.0,recreational,0
P01967,175.389,3383.2,1.947,71.697,1.889,0.667,0.309,0.0,0,12190286,76000,0.0,at_risk,1
P01968,115.539,2777.8,1.894,71.235,1.535,0.5,0.241,0.0,0,6376765,42000,0.0,at_risk,1
P01969,6.261,662.5,1.815,36.863,1.572,1.0,0.155,0.833,0,121584,24000,20000.0,regular,0
P01970,2.372,153.9,1.235,10.24,1.0,0.333,0.131,0.0,0,20500,7000,0.0,recreational,0
P01971,1.089,766.6,0.981,15.304,1.0,0.167,0.0,0.0,0,49328,6000,0.0,recreational,0
P01972,2.567,120.2,1.533,13.178,1.0,0.167,0.03,1.5,0,15200,2000,3000.0,recreational,0
P01973,3.928,909.8,1.173,14.893,1.083,0.333,0.02,0.0,0,174300,40000,0.0,recreational,0
P01974,3.267,1194.1,1.216,14.665,0.694,0.5,0.0,0.0,0,158300,31000,0.0,recreational,0
P01975,16.644,1388.4,1.949,39.027,1.593,0.667,0.093,1.961,0,712148,51000,100000.0,regular,0
P01976,144.511,7096.8,1.959,70.811,1.882,0.167,0.276,0.0,0,16713700,53000,0.0,at_risk,1
P01977,5.25,312.2,1.267,13.633,1.583,0.667,0.074,0.733,0,79700,30000,22000.0,recreational,0
P01978,5.483,922.7,1.294,16.153,1.113,0.333,0.064,0.0,0,235058,21000,0.0,recreational,0
P01979,3.461,280.1,1.288,14.625,1.0,0.5,0.034,1.176,0,49414,17000,20000.0,recreational,0
P01980,467.756,22498.7,2.407,131.247,2.003,0.333,0.39,0.0,2,105943393,28000,0.0,problem,1
P01981,39.278,3215.2,1.664,34.289,1.438,2.0,0.131,1.624,0,3862244,532000,864000.0,regular,0
P01982,1.711,1433.0,1.152,15.887,1.615,0.333,0.068,0.0,0,150300,81000,0.0,recreational,0
P01983,1.556,334.7,1.497,14.722,1.167,0.5,0.025,0.524,0,23900,21000,11000.0,recreational,0
P01984,3.85,1163.0,1.91,15.885,2.904,0.667,0.03,0.638,0,179800,47000,30000.0,recreational,0
P01985,4.278,1124.4,1.407,17.16,1.378,0.333,0.036,0.0,0,197900,25000,0.0,recreational,0
P01986,0.389,82.3,1.2,21.103,2.0,0.167,0.0,0.0,0,1700,2000,0.0,recreational,0
P01987,4.667,194.5,1.216,13.0,0.25,0.333,0.033,0.8,0,40965,5000,4000.0,recreational,0
P01988,2.178,176.5,1.606,17.228,1.0,0.167,0.107,0.0,0,18000,3000,0.0,recreational,0
P01989,2.917,118.5,1.454,14.996,1.0,0.333,0.0,0.444,0,18000,9000,4000.0,recreational,0
P01990,5.017,1832.6,1.191,12.322,1.073,0.333,0.0,1.09,0,463600,100000,109000.0,recreational,0
P01991,20.456,2181.1,1.593,36.238,1.1,0.833,0.116,2.559,0,1665327,143000,366000.0,regular,0
P01992,4.822,1672.8,1.374,13.522,0.263,0.5,0.0,0.821,0,427268,67000,55000.0,recreational,0
P01993,4.356,991.9,1.408,16.464,1.0,0.5,0.098,0.237,0,196300,93000,22000.0,recreational,0
P01994,335.417,22233.3,2.427,128.764,1.952,1.167,0.442,0.0,0,74525502,207000,0.0,problem,1
P01995,3.772,157.3,1.38,15.575,1.0,0.667,0.082,0.417,0,22739,12000,5000.0,recreational,0
P01996,6.961,920.7,1.347,15.808,1.733,0.333,0.073,1.0,0,301565,32000,32000.0,recreational,0
P01997,4.511,914.5,1.474,14.555,1.0,0.667,0.0,0.981,0,187283,53000,52000.0,recreational,0
P01998,29.439,535.8,1.598,37.545,1.531,1.667,0.178,1.667,0,499974,51000,85000.0,regular,0
P01999,2.372,176.6,1.09,14.346,1.0,0.167,0.115,0.0,0,21000,2000,0.0,recreational,0
P02000,5.911,1234.3,1.413,15.832,1.417,0.5,0.086,0.525,0,265200,40000,21000.0,recreational,0
