player_id,age,gender,region,monthly_income_amd,preferred_game,account_created,risk_level,risk_label
P00001,35,M,Yerevan,181068,crash_aviator,2024-02-17,recreational,0
P00002,37,M,Yerevan,339578,sports_other,2022-01-13,recreational,0
P00003,43,M,Yerevan,226896,sports_football,2024-06-26,recreational,0
P00004,38,F,Yerevan,311469,sports_other,2024-07-02,regular,0
P00005,45,M,Yerevan,138182,sports_basketball,2023-09-30,recreational,0
P00006,49,M,Yerevan,291462,table_games,2023-10-22,regular,0
P00007,38,F,Yerevan,238551,casino_live,2022-03-28,recreational,0
P00008,30,M,Vanadzor,227020,casino_live,2024-03-24,recreational,0
P00009,41,F,Yerevan,171288,casino_slots,2023-09-15,recreational,0
P00010,51,M,Yerevan,319008,casino_live,2024-01-28,regular,0
P00011,31,F,Yerevan,139260,casino_live,2024-03-11,at_risk,1
P00012,39,M,Gyumri,124685,sports_football,2023-12-25,recreational,0
P00013,49,M,Gyumri,793980,sports_football,2024-03-04,problem,1
P00014,34,M,Gyumri,274232,sports_football,2022-10-29,recreational,0
P00015,39,M,Yerevan,188624,casino_slots,2022-08-14,recreational,0
P00016,34,F,Yerevan,680052,poker,2024-05-28,regular,0
P00017,30,M,Yerevan,232053,casino_slots,2023-06-23,recreational,0
P00018,30,M,Yerevan,297301,casino_slots,2024-02-25,at_risk,1
P00019,40,M,Gyumri,97815,keno_lottery,2022-05-24,recreational,0
P00020,39,F,Yerevan,663832,sports_football,2024-08-17,regular,0
P00021,41,M,Yerevan,264573,sports_football,2023-09-24,recreational,0
P00022,31,F,Vanadzor,442355,keno_lottery,2023-12-15,recreational,0
P00023,44,M,Yerevan,531860,poker,2023-11-11,recreational,0
P00024,28,F,Vanadzor,142177,casino_live,2022-03-06,at_risk,1
P00025,42,M,Yerevan,94707,sports_football,2023-05-07,recreational,0
P00026,39,M,Yerevan,43007,keno_lottery,2023-10-25,recreational,0
P00027,27,M,Yerevan,284900,casino_live,2022-07-26,recreational,0
P00028,44,M,Yerevan,249934,casino_slots,2022-08-28,recreational,0
P00029,36,F,Yerevan,189019,sports_football,2024-07-01,recreational,0
P00030,55,F,Yerevan,134170,casino_slots,2023-07-30,regular,0
P00031,34,M,Yerevan,172163,crash_aviator,2023-09-21,recreational,0
P00032,52,F,Yerevan,197415,crash_aviator,2023-08-12,recreational,0
P00033,31,M,Vanadzor,266219,casino_slots,2023-11-27,recreational,0
P00034,25,M,Yerevan,206325,casino_slots,2022-07-09,recreational,0
P00035,49,M,Yerevan,250851,casino_live,2022-01-07,recreational,0
P00036,24,M,Yerevan,169168,casino_slots,2024-11-04,recreational,0
P00037,28,M,Armavir_region,324959,sports_basketball,2022-06-04,recreational,0
P00038,47,M,Vanadzor,409046,sports_football,2022-05-26,regular,0
P00039,35,M,Other,99434,sports_football,2023-11-09,recreational,0
P00040,38,M,Armavir_region,644401,casino_live,2023-07-05,regular,0
P00041,47,F,Yerevan,332202,sports_football,2024-08-16,recreational,0
P00042,45,M,Yerevan,484814,sports_football,2023-11-25,at_risk,1
P00043,33,M,Yerevan,540719,poker,2024-03-24,problem,1
P00044,24,M,Ararat_region,412511,casino_live,2022-04-12,recreational,0
P00045,30,M,Yerevan,79543,sports_football,2024-08-10,recreational,0
P00046,31,M,Yerevan,334812,sports_football,2023-12-07,recreational,0
P00047,48,M,Armavir_region,210412,casino_live,2023-07-09,regular,0
P00048,52,M,Kapan,311234,sports_basketball,2022-01-26,recreational,0
P00049,26,M,Lori_region,191166,sports_other,2022-07-16,recreational,0
P00050,35,F,Yerevan,96688,sports_other,2022-03-11,recreational,0
P00051,53,F,Yerevan,140428,sports_football,2024-01-07,recreational,0
P00052,34,M,Yerevan,516888,casino_live,2024-02-21,regular,0
P00053,43,F,Yerevan,162042,sports_football,2023-04-04,recreational,0
P00054,42,F,Yerevan,192847,casino_slots,2023-12-06,regular,0
P00055,42,M,Yerevan,192075,sports_football,2024-11-16,regular,0
P00056,34,M,Vanadzor,248162,sports_football,2022-07-22,recreational,0
P00057,28,M,Yerevan,431935,sports_football,2024-08-23,recreational,0
P00058,38,M,Yerevan,78204,crash_aviator,2024-05-08,at_risk,1
P00059,44,M,Kapan,1502973,sports_football,2022-03-04,regular,0
P00060,24,F,Yerevan,316410,sports_football,2022-10-15,regular,0
P00061,57,M,Yerevan,708009,sports_football,2023-01-18,problem,1
P00062,22,M,Yerevan,144724,casino_live,2024-07-18,recreational,0
P00063,23,M,Yerevan,279410,sports_other,2024-03-10,regular,0
P00064,28,M,Gyumri,314284,keno_lottery,2024-04-28,regular,0
P00065,32,M,Yerevan,106528,casino_slots,2023-01-19,recreational,0
P00066,37,F,Yerevan,120315,casino_slots,2023-06-18,recreational,0
P00067,36,M,Other,325460,casino_slots,2023-11-15,recreational,0
P00068,37,M,Yerevan,82829,sports_football,2022-09-30,recreational,0
P00069,31,M,Kapan,224410,keno_lottery,2022-08-27,recreational,0
P00070,53,M,Yerevan,224187,keno_lottery,2022-10-07,regular,0
P00071,33,M,Lori_region,157333,sports_football,2024-08-12,regular,0
P00072,35,M,Yerevan,482472,casino_slots,2023-02-23,recreational,0
P00073,27,M,Yerevan,111688,sports_football,2024-04-23,recreational,0
P00074,35,M,Ararat_region,102300,casino_slots,2024-02-17,recreational,0
P00075,49,F,Ararat_region,163935,crash_aviator,2022-01-26,recreational,0
P00076,52,M,Yerevan,122569,keno_lottery,2023-09-17,recreational,0
P00077,44,M,Yerevan,180575,sports_basketball,2022-08-17,recreational,0
P00078,38,M,Yerevan,307363,casino_live,2024-03-15,regular,0
P00079,35,F,Gyumri,202408,casino_live,2022-02-01,recreational,0
P00080,45,M,Kapan,169188,sports_football,2024-02-11,recreational,0
P00081,32,M,Yerevan,214095,casino_slots,2024-05-23,at_risk,1
P00082,42,M,Yerevan,248305,casino_slots,2023-12-24,recreational,0
P00083,38,M,Yerevan,261851,casino_live,2024-06-01,regular,0
P00084,39,M,Gyumri,140492,table_games,2023-03-06,recreational,0
P00085,49,M,Yerevan,377267,sports_football,2024-07-02,recreational,0
P00086,26,M,Yerevan,169406,sports_football,2024-04-25,recreational,0
P00087,39,M,Other,310738,sports_football,2022-11-16,recreational,0
P00088,55,M,Yerevan,826103,sports_football,2024-10-18,at_risk,1
P00089,34,M,Yerevan,606311,sports_other,2023-08-21,regular,0
P00090,38,M,Yerevan,254305,poker,2022-11-26,recreational,0
P00091,37,M,Yerevan,179943,sports_other,2023-08-16,recreational,0
P00092,33,M,Ararat_region,334656,casino_slots,2024-11-09,at_risk,1
P00093,25,M,Yerevan,159317,sports_basketball,2024-06-17,recreational,0
P00094,27,M,Yerevan,60917,sports_football,2022-02-03,recreational,0
P00095,42,M,Yerevan,802058,crash_aviator,2022-09-02,problem,1
P00096,64,M,Yerevan,203403,casino_slots,2023-11-25,recreational,0
P00097,28,F,Yerevan,271977,sports_basketball,2022-05-17,recreational,0
P00098,30,F,Yerevan,169772,keno_lottery,2024-11-25,recreational,0
P00099,40,M,Yerevan,250979,sports_other,2024-10-13,recreational,0
P00100,39,M,Yerevan,122521,sports_football,2022-05-05,regular,0
P00101,43,M,Other,100316,sports_other,2022-12-15,recreational,0
P00102,40,M,Yerevan,61842,casino_slots,2023-03-05,at_risk,1
P00103,31,M,Kapan,168306,sports_basketball,2023-12-02,recreational,0
P00104,40,F,Yerevan,122327,crash_aviator,2022-07-16,recreational,0
P00105,41,F,Yerevan,114579,casino_slots,2023-02-24,recreational,0
P00106,52,M,Other,212785,sports_other,2023-08-27,recreational,0
P00107,35,M,Yerevan,145504,crash_aviator,2023-10-24,recreational,0
P00108,36,M,Vanadzor,87919,sports_other,2023-11-21,recreational,0
P00109,53,M,Yerevan,642483,sports_basketball,2023-03-31,recreational,0
P00110,29,M,Yerevan,341049,sports_football,2023-01-05,at_risk,1
P00111,47,F,Yerevan,104729,sports_basketball,2022-07-29,recreational,0
P00112,32,F,Yerevan,128771,sports_basketball,2023-09-27,recreational,0
P00113,41,M,Yerevan,165073,sports_football,2024-03-07,recreational,0
P00114,38,M,Yerevan,164899,casino_slots,2023-04-20,recreational,0
P00115,28,M,Yerevan,345171,sports_football,2023-03-22,recreational,0
P00116,32,F,Yerevan,331071,sports_football,2024-02-11,at_risk,1
P00117,37,M,Ararat_region,455120,casino_slots,2024-09-15,recreational,0
P00118,28,M,Yerevan,145002,sports_football,2023-12-14,recreational,0
P00119,30,M,Kapan,222778,casino_slots,2024-09-18,recreational,0
P00120,41,M,Yerevan,300049,casino_live,2024-09-06,recreational,0
P00121,36,M,Yerevan,327187,sports_football,2022-02-08,recreational,0
P00122,35,M,Yerevan,346850,sports_football,2022-08-23,recreational,0
P00123,37,M,Armavir_region,157111,sports_other,2024-10-26,recreational,0
P00124,34,F,Yerevan,179507,sports_football,2023-11-27,recreational,0
P00125,35,M,Armavir_region,63253,casino_slots,2024-03-06,regular,0
P00126,36,M,Yerevan,163196,casino_live,2022-01-29,recreational,0
P00127,30,M,Yerevan,310624,casino_slots,2023-08-24,recreational,0
P00128,52,M,Gyumri,281850,sports_other,2024-03-01,recreational,0
P00129,57,M,Other,172382,keno_lottery,2023-01-26,recreational,0
P00130,25,M,Yerevan,420955,sports_football,2023-07-16,recreational,0
P00131,39,M,Lori_region,148555,poker,2024-05-17,recreational,0
P00132,50,F,Yerevan,125824,crash_aviator,2024-01-12,recreational,0
P00133,39,M,Kapan,142434,sports_basketball,2024-07-20,recreational,0
P00134,46,M,Yerevan,102691,sports_football,2022-11-24,recreational,0
P00135,36,M,Yerevan,406761,sports_football,2022-02-03,regular,0
P00136,27,M,Yerevan,544511,keno_lottery,2022-07-26,problem,1
P00137,24,M,Vanadzor,536421,sports_football,2023-10-30,at_risk,1
P00138,40,F,Yerevan,146316,poker,2023-07-03,recreational,0
P00139,34,F,Yerevan,270412,casino_slots,2024-09-29,regular,0
P00140,38,F,Yerevan,60567,sports_other,2023-11-08,recreational,0
P00141,40,M,Gyumri,217255,casino_slots,2024-10-29,recreational,0
P00142,29,M,Yerevan,375074,sports_football,2022-10-01,at_risk,1
P00143,35,F,Yerevan,144673,sports_other,2022-04-09,regular,0
P00144,45,M,Yerevan,170823,keno_lottery,2024-05-13,recreational,0
P00145,51,M,Yerevan,292200,sports_football,2022-12-16,at_risk,1
P00146,37,F,Yerevan,434899,keno_lottery,2023-03-05,recreational,0
P00147,48,M,Yerevan,105889,table_games,2023-09-14,recreational,0
P00148,31,M,Vanadzor,212442,sports_football,2022-10-13,recreational,0
P00149,27,F,Yerevan,104331,casino_slots,2022-12-10,recreational,0
P00150,24,M,Yerevan,254212,sports_football,2024-02-20,problem,1
P00151,41,M,Yerevan,206720,casino_slots,2022-08-05,recreational,0
P00152,31,M,Yerevan,161948,table_games,2023-01-04,recreational,0
P00153,34,F,Yerevan,278995,poker,2024-01-05,regular,0
P00154,29,M,Vanadzor,441792,keno_lottery,2022-10-11,at_risk,1
P00155,27,M,Yerevan,247733,sports_football,2023-01-20,at_risk,1
P00156,29,M,Yerevan,649911,casino_slots,2024-07-30,at_risk,1
P00157,46,M,Other,282618,sports_football,2024-06-08,at_risk,1
P00158,32,M,Yerevan,171431,poker,2023-12-24,recreational,0
P00159,43,M,Yerevan,215640,sports_football,2024-10-16,recreational,0
P00160,25,M,Yerevan,410277,sports_football,2023-09-27,at_risk,1
P00161,35,M,Yerevan,248408,sports_football,2023-07-30,recreational,0
P00162,32,M,Gyumri,210912,sports_football,2022-08-29,recreational,0
P00163,23,M,Gyumri,227573,sports_football,2024-06-03,recreational,0
P00164,31,M,Yerevan,152974,sports_football,2023-04-08,recreational,0
P00165,27,F,Yerevan,105485,crash_aviator,2022-12-26,recreational,0
P00166,41,M,Yerevan,128842,crash_aviator,2023-08-12,at_risk,1
P00167,47,M,Yerevan,78070,sports_football,2022-04-11,recreational,0
P00168,58,M,Yerevan,434554,crash_aviator,2023-12-29,recreational,0
P00169,30,M,Yerevan,59535,sports_other,2023-09-25,recreational,0
P00170,26,M,Yerevan,573079,crash_aviator,2024-11-28,regular,0
P00171,47,M,Vanadzor,119405,sports_basketball,2023-09-22,recreational,0
P00172,32,M,Gyumri,325765,casino_slots,2024-11-11,recreational,0
P00173,35,M,Yerevan,59841,sports_basketball,2022-01-20,recreational,0
P00174,49,F,Yerevan,160038,sports_football,2024-03-21,recreational,0
P00175,46,M,Yerevan,372400,casino_slots,2022-07-22,recreational,0
P00176,34,M,Yerevan,257125,casino_live,2024-07-31,recreational,0
P00177,46,M,Yerevan,152067,casino_live,2024-02-14,recreational,0
P00178,26,M,Yerevan,87270,sports_basketball,2024-07-28,regular,0
P00179,26,M,Armavir_region,92918,casino_slots,2023-11-06,recreational,0
P00180,30,M,Yerevan,360514,casino_live,2023-03-02,recreational,0
P00181,43,M,Yerevan,227203,sports_football,2023-09-12,regular,0
P00182,45,M,Yerevan,268190,sports_football,2023-02-27,regular,0
P00183,34,M,Yerevan,207416,sports_basketball,2022-07-28,recreational,0
P00184,23,M,Yerevan,128135,sports_football,2024-10-16,regular,0
P00185,47,M,Yerevan,220655,sports_basketball,2023-09-08,recreational,0
P00186,37,F,Armavir_region,145933,sports_football,2023-03-11,recreational,0
P00187,35,F,Vanadzor,208473,casino_slots,2023-05-25,recreational,0
P00188,24,M,Armavir_region,134819,casino_slots,2024-06-30,recreational,0
P00189,28,M,Yerevan,81974,crash_aviator,2024-04-26,recreational,0
P00190,52,M,Yerevan,216668,casino_slots,2023-10-28,regular,0
P00191,43,F,Yerevan,247979,sports_basketball,2023-01-09,recreational,0
P00192,56,F,Yerevan,354683,keno_lottery,2022-01-13,regular,0
P00193,35,F,Yerevan,285245,casino_live,2023-11-06,regular,0
P00194,40,M,Vanadzor,282033,casino_slots,2023-05-27,recreational,0
P00195,46,M,Yerevan,162578,sports_football,2024-01-11,recreational,0
P00196,48,F,Yerevan,185137,casino_slots,2024-10-27,recreational,0
P00197,44,M,Yerevan,141610,casino_slots,2023-10-05,recreational,0
P00198,37,M,Yerevan,290402,casino_live,2023-11-28,recreational,0
P00199,50,M,Yerevan,208246,crash_aviator,2024-06-25,recreational,0
P00200,44,M,Yerevan,136248,keno_lottery,2022-12-19,recreational,0
P00201,29,M,Yerevan,114591,keno_lottery,2024-03-02,regular,0
P00202,23,M,Yerevan,312760,casino_slots,2024-04-07,recreational,0
P00203,50,F,Lori_region,124080,keno_lottery,2023-10-15,recreational,0
P00204,33,F,Yerevan,292372,keno_lottery,2022-02-09,regular,0
P00205,37,F,Yerevan,583624,sports_football,2023-01-25,recreational,0
P00206,33,M,Yerevan,268731,casino_slots,2023-09-07,recreational,0
P00207,33,M,Gyumri,402837,sports_football,2022-07-12,recreational,0
P00208,42,M,Yerevan,240146,sports_football,2024-11-10,at_risk,1
P00209,37,F,Yerevan,307491,sports_football,2023-12-10,recreational,0
P00210,31,M,Yerevan,182416,sports_other,2023-05-07,recreational,0
P00211,47,F,Yerevan,452209,sports_football,2023-07-01,at_risk,1
P00212,32,M,Yerevan,494416,sports_football,2022-12-13,recreational,0
P00213,40,M,Yerevan,156590,sports_football,2022-11-16,recreational,0
P00214,49,F,Yerevan,181741,casino_slots,2023-08-05,recreational,0
P00215,60,M,Vanadzor,114589,poker,2022-03-18,recreational,0
P00216,30,F,Yerevan,280673,table_games,2022-03-20,recreational,0
P00217,37,M,Yerevan,135998,sports_other,2023-07-15,recreational,0
P00218,29,M,Yerevan,300159,sports_football,2022-04-17,recreational,0
P00219,39,M,Yerevan,78886,crash_aviator,2023-01-20,recreational,0
P00220,31,F,Yerevan,389153,sports_football,2024-07-08,regular,0
P00221,56,M,Yerevan,190295,table_games,2024-07-28,regular,0
P00222,37,M,Yerevan,259360,casino_live,2024-09-08,recreational,0
P00223,46,F,Other,277731,casino_slots,2024-04-21,regular,0
P00224,25,M,Yerevan,137729,sports_football,2024-01-05,recreational,0
P00225,32,F,Armavir_region,148365,sports_football,2024-09-20,recreational,0
P00226,38,F,Armavir_region,117656,casino_slots,2023-02-24,recreational,0
P00227,38,M,Yerevan,462877,sports_basketball,2023-09-22,regular,0
P00228,39,M,Yerevan,106553,crash_aviator,2023-03-03,recreational,0
P00229,34,M,Yerevan,157499,casino_slots,2023-06-16,recreational,0
P00230,28,M,Other,213915,sports_other,2024-02-17,recreational,0
P00231,36,M,Yerevan,403309,sports_football,2023-02-17,recreational,0
P00232,49,F,Yerevan,179165,sports_other,2022-02-24,recreational,0
P00233,38,M,Yerevan,159445,sports_football,2023-12-31,recreational,0
P00234,36,M,Kapan,329960,casino_slots,2024-01-10,regular,0
P00235,31,M,Yerevan,80698,casino_slots,2023-06-02,regular,0
P00236,47,M,Yerevan,98853,crash_aviator,2022-07-30,recreational,0
P00237,43,F,Yerevan,149198,sports_other,2023-05-16,recreational,0
P00238,39,F,Yerevan,182547,sports_football,2022-06-30,regular,0
P00239,37,M,Ararat_region,114131,crash_aviator,2024-09-15,at_risk,1
P00240,24,M,Vanadzor,276399,casino_live,2024-08-20,recreational,0
P00241,33,F,Yerevan,204964,casino_live,2023-09-27,recreational,0
P00242,30,M,Yerevan,304585,casino_slots,2024-03-30,regular,0
P00243,29,M,Vanadzor,127226,poker,2024-11-08,recreational,0
P00244,30,F,Yerevan,187289,sports_football,2024-04-17,recreational,0
P00245,33,F,Yerevan,232800,sports_basketball,2024-02-18,recreational,0
P00246,26,M,Yerevan,157671,crash_aviator,2022-03-29,recreational,0
P00247,25,M,Yerevan,224807,sports_football,2022-08-22,recreational,0
P00248,36,F,Other,120896,crash_aviator,2023-11-25,recreational,0
P00249,27,M,Yerevan,188991,sports_basketball,2022-02-16,recreational,0
P00250,34,M,Yerevan,555733,sports_football,2022-06-26,regular,0
P00251,32,F,Yerevan,333275,sports_football,2024-03-11,recreational,0
P00252,38,M,Yerevan,621007,crash_aviator,2023-07-12,regular,0
P00253,33,M,Ararat_region,332331,crash_aviator,2022-03-27,regular,0
P00254,37,M,Yerevan,182868,sports_football,2023-08-04,recreational,0
P00255,29,M,Yerevan,143820,sports_football,2023-11-03,recreational,0
P00256,28,M,Yerevan,72909,sports_football,2022-04-15,recreational,0
P00257,32,M,Yerevan,136524,sports_football,2022-12-30,at_risk,1
P00258,56,M,Yerevan,165493,casino_live,2023-08-21,recreational,0
P00259,31,F,Yerevan,170513,sports_football,2022-05-21,recreational,0
P00260,35,M,Gyumri,364698,sports_football,2022-10-01,recreational,0
P00261,39,M,Kapan,347358,sports_football,2023-11-28,recreational,0
P00262,27,M,Yerevan,127704,casino_slots,2023-09-08,recreational,0
P00263,33,M,Yerevan,457504,casino_live,2024-10-13,regular,0
P00264,35,F,Yerevan,141801,casino_slots,2024-08-16,recreational,0
P00265,47,M,Yerevan,421728,casino_slots,2022-02-20,regular,0
P00266,37,M,Yerevan,269338,keno_lottery,2024-10-07,recreational,0
P00267,38,F,Ararat_region,334957,sports_other,2022-06-25,recreational,0
P00268,37,M,Other,208347,crash_aviator,2024-04-25,regular,0
P00269,49,M,Yerevan,298900,casino_slots,2023-05-06,recreational,0
P00270,40,F,Vanadzor,91022,sports_football,2022-10-25,regular,0
P00271,50,M,Yerevan,344146,crash_aviator,2022-01-12,recreational,0
P00272,36,M,Yerevan,177763,casino_slots,2023-11-01,recreational,0
P00273,47,F,Yerevan,179665,casino_slots,2022-03-23,recreational,0
P00274,46,F,Yerevan,64990,sports_football,2023-08-07,recreational,0
P00275,47,M,Yerevan,221759,sports_other,2022-05-24,regular,0
P00276,33,F,Other,354496,poker,2024-08-16,recreational,0
P00277,42,M,Yerevan,145417,sports_football,2024-02-21,recreational,0
P00278,37,M,Yerevan,429605,sports_football,2023-02-08,regular,0
P00279,27,F,Yerevan,285866,sports_football,2022-11-11,regular,0
P00280,35,M,Lori_region,529743,sports_other,2022-07-31,regular,0
P00281,39,F,Yerevan,314093,crash_aviator,2023-11-17,regular,0
P00282,29,M,Armavir_region,112962,casino_slots,2023-02-06,recreational,0
P00283,36,M,Ararat_region,185153,keno_lottery,2023-02-10,recreational,0
P00284,51,M,Yerevan,1774635,sports_other,2022-01-19,problem,1
P00285,29,F,Yerevan,230853,sports_basketball,2024-07-31,recreational,0
P00286,46,M,Yerevan,169819,sports_football,2024-11-15,recreational,0
P00287,54,M,Gyumri,1697571,sports_football,2023-03-31,at_risk,1
P00288,29,M,Yerevan,321361,casino_live,2024-11-16,recreational,0
P00289,29,M,Yerevan,619955,sports_football,2024-05-08,at_risk,1
P00290,48,M,Yerevan,210951,sports_football,2023-06-19,recreational,0
P00291,31,M,Yerevan,583547,poker,2024-02-21,at_risk,1
P00292,27,M,Gyumri,263571,casino_slots,2024-02-23,recreational,0
P00293,28,M,Gyumri,75573,sports_football,2023-11-30,regular,0
P00294,52,M,Yerevan,354870,casino_live,2022-12-02,regular,0
P00295,26,M,Yerevan,166094,casino_slots,2023-11-09,recreational,0
P00296,25,F,Yerevan,140200,crash_aviator,2022-08-11,recreational,0
P00297,35,F,Vanadzor,249019,casino_live,2024-06-16,regular,0
P00298,51,M,Yerevan,117782,sports_football,2024-08-15,at_risk,1
P00299,40,M,Vanadzor,98959,sports_football,2024-06-08,at_risk,1
P00300,40,M,Yerevan,335697,sports_football,2022-04-01,recreational,0
P00301,57,F,Yerevan,226793,casino_live,2024-02-11,recreational,0
P00302,30,M,Armavir_region,53863,casino_slots,2024-11-01,recreational,0
P00303,40,M,Yerevan,134931,casino_live,2024-01-02,recreational,0
P00304,28,F,Yerevan,279564,casino_slots,2022-11-30,recreational,0
P00305,36,M,Yerevan,156483,sports_basketball,2023-11-13,recreational,0
P00306,38,M,Yerevan,335445,sports_football,2023-10-20,recreational,0
P00307,39,M,Lori_region,304245,sports_football,2024-09-01,recreational,0
P00308,40,M,Armavir_region,91341,sports_basketball,2022-12-23,recreational,0
P00309,30,M,Gyumri,167552,casino_slots,2024-04-12,recreational,0
P00310,28,F,Yerevan,143870,keno_lottery,2024-08-21,recreational,0
P00311,28,M,Yerevan,121662,sports_football,2022-11-02,regular,0
P00312,55,M,Ararat_region,126462,casino_slots,2022-03-11,at_risk,1
P00313,32,F,Yerevan,120295,sports_football,2023-02-21,recreational,0
P00314,28,F,Lori_region,223472,casino_live,2022-03-10,at_risk,1
P00315,46,M,Yerevan,331865,sports_football,2023-10-01,regular,0
P00316,31,M,Yerevan,303403,casino_slots,2023-05-29,recreational,0
P00317,32,M,Yerevan,232707,sports_football,2023-11-18,recreational,0
P00318,33,M,Yerevan,261947,sports_football,2023-06-09,recreational,0
P00319,38,M,Yerevan,157535,casino_slots,2022-04-27,recreational,0
P00320,45,M,Yerevan,243339,sports_basketball,2023-01-26,recreational,0
P00321,30,F,Yerevan,167130,sports_other,2024-11-04,recreational,0
P00322,51,M,Yerevan,256955,sports_football,2023-03-26,at_risk,1
P00323,41,M,Yerevan,464754,keno_lottery,2023-10-28,recreational,0
P00324,32,M,Yerevan,56133,sports_football,2023-05-04,recreational,0
P00325,48,F,Gyumri,94313,casino_slots,2023-04-18,at_risk,1
P00326,48,M,Yerevan,457521,crash_aviator,2023-03-16,at_risk,1
P00327,42,M,Lori_region,238842,casino_slots,2022-05-25,regular,0
P00328,61,M,Armavir_region,118226,sports_basketball,2022-06-02,regular,0
P00329,48,M,Yerevan,162569,casino_slots,2022-02-02,problem,1
P00330,40,M,Yerevan,113381,sports_football,2023-02-21,recreational,0
P00331,48,F,Gyumri,478278,casino_slots,2024-02-03,regular,0
P00332,49,M,Yerevan,330023,sports_other,2024-05-08,recreational,0
P00333,24,M,Kapan,408601,casino_live,2022-06-12,recreational,0
P00334,24,M,Yerevan,81325,crash_aviator,2022-04-04,recreational,0
P00335,27,M,Yerevan,90867,sports_football,2024-10-24,recreational,0
P00336,46,M,Yerevan,87807,sports_football,2024-04-17,recreational,0
P00337,33,M,Yerevan,342882,sports_basketball,2022-12-10,recreational,0
P00338,26,M,Armavir_region,221754,casino_slots,2024-06-10,recreational,0
P00339,31,M,Yerevan,187365,sports_basketball,2024-10-10,recreational,0
P00340,39,F,Armavir_region,201900,casino_slots,2022-01-06,recreational,0
P00341,43,M,Yerevan,270622,casino_slots,2024-08-22,regular,0
P00342,30,F,Gyumri,102759,keno_lottery,2024-04-19,recreational,0
P00343,41,M,Armavir_region,232652,sports_basketball,2022-01-14,recreational,0
P00344,41,M,Yerevan,164003,sports_football,2024-08-18,recreational,0
P00345,55,M,Yerevan,136264,sports_football,2022-08-04,regular,0
P00346,38,M,Vanadzor,239871,casino_slots,2023-04-14,recreational,0
P00347,65,F,Kapan,145484,sports_football,2023-05-08,recreational,0
P00348,34,M,Yerevan,201683,sports_football,2022-07-06,recreational,0
P00349,32,M,Yerevan,320681,sports_basketball,2024-11-10,at_risk,1
P00350,45,F,Vanadzor,936824,casino_live,2024-09-29,problem,1
P00351,51,M,Yerevan,319542,keno_lottery,2024-05-08,regular,0
P00352,27,M,Yerevan,164773,sports_basketball,2023-06-30,regular,0
P00353,30,M,Yerevan,211444,sports_football,2022-02-12,recreational,0
P00354,39,F,Yerevan,214928,sports_other,2024-09-21,recreational,0
P00355,45,M,Kapan,232438,sports_basketball,2023-09-12,recreational,0
P00356,27,M,Yerevan,302141,table_games,2023-09-03,recreational,0
P00357,38,F,Armavir_region,227408,sports_other,2024-05-07,at_risk,1
P00358,53,M,Yerevan,766164,casino_slots,2023-12-02,problem,1
P00359,39,F,Yerevan,75986,keno_lottery,2024-05-02,recreational,0
P00360,38,F,Yerevan,169519,casino_slots,2024-07-09,recreational,0
P00361,60,M,Yerevan,156903,sports_football,2023-05-27,recreational,0
P00362,43,F,Vanadzor,371251,casino_slots,2022-03-17,recreational,0
P00363,46,M,Yerevan,166466,sports_basketball,2023-09-29,recreational,0
P00364,52,M,Gyumri,243947,sports_other,2023-01-26,recreational,0
P00365,43,M,Yerevan,74595,table_games,2022-12-20,recreational,0
P00366,35,M,Yerevan,150970,sports_football,2022-06-19,recreational,0
P00367,44,M,Yerevan,117893,sports_other,2022-07-08,recreational,0
P00368,40,M,Gyumri,1236569,sports_football,2022-04-13,regular,0
P00369,34,M,Yerevan,128967,sports_football,2022-07-19,recreational,0
P00370,61,M,Yerevan,186717,casino_slots,2022-03-18,recreational,0
P00371,45,M,Yerevan,191760,casino_live,2022-02-08,recreational,0
P00372,46,F,Yerevan,107889,casino_slots,2022-09-28,regular,0
P00373,44,M,Yerevan,138371,sports_basketball,2023-06-26,recreational,0
P00374,26,M,Yerevan,356969,sports_football,2024-01-11,regular,0
P00375,43,M,Other,187883,sports_other,2023-04-04,recreational,0
P00376,33,M,Yerevan,56983,casino_slots,2022-07-04,recreational,0
P00377,30,M,Yerevan,135566,crash_aviator,2022-09-22,recreational,0
P00378,36,M,Yerevan,715161,casino_slots,2023-05-29,at_risk,1
P00379,35,M,Vanadzor,713124,poker,2024-09-12,problem,1
P00380,56,F,Yerevan,581499,crash_aviator,2024-02-17,regular,0
P00381,32,M,Yerevan,175560,sports_basketball,2023-03-29,at_risk,1
P00382,30,M,Vanadzor,341525,casino_slots,2023-10-19,recreational,0
P00383,32,M,Yerevan,272638,casino_live,2023-08-05,regular,0
P00384,47,M,Yerevan,399043,keno_lottery,2024-01-17,recreational,0
P00385,25,M,Yerevan,180298,sports_other,2024-09-12,recreational,0
P00386,44,M,Yerevan,64665,casino_slots,2023-07-25,recreational,0
P00387,39,M,Ararat_region,466073,sports_basketball,2023-08-17,regular,0
P00388,44,M,Gyumri,214580,casino_live,2022-08-23,regular,0
P00389,37,M,Gyumri,223420,keno_lottery,2024-08-05,regular,0
P00390,43,M,Ararat_region,87044,keno_lottery,2023-07-05,recreational,0
P00391,45,F,Vanadzor,741081,sports_football,2022-06-07,regular,0
P00392,31,M,Yerevan,243025,sports_football,2024-02-21,at_risk,1
P00393,26,M,Yerevan,720403,casino_live,2024-01-01,regular,0
P00394,45,M,Yerevan,145087,casino_slots,2024-08-31,recreational,0
P00395,42,M,Armavir_region,113192,poker,2023-04-01,recreational,0
P00396,39,M,Lori_region,618012,sports_football,2022-06-05,regular,0
P00397,24,M,Gyumri,393174,crash_aviator,2023-07-09,problem,1
P00398,42,M,Yerevan,174368,casino_live,2023-09-15,recreational,0
P00399,29,M,Yerevan,94836,sports_football,2022-09-27,recreational,0
P00400,46,M,Ararat_region,143186,sports_football,2023-08-20,recreational,0
P00401,55,M,Yerevan,223030,casino_live,2023-10-05,recreational,0
P00402,46,M,Yerevan,128417,sports_football,2022-09-11,regular,0
P00403,35,M,Yerevan,137471,crash_aviator,2024-02-04,recreational,0
P00404,34,M,Yerevan,145873,casino_slots,2022-06-12,recreational,0
P00405,26,M,Yerevan,291388,sports_other,2024-02-21,regular,0
P00406,31,M,Lori_region,377185,sports_football,2023-06-07,recreational,0
P00407,37,M,Gyumri,154931,table_games,2024-03-11,recreational,0
P00408,51,F,Yerevan,127448,casino_live,2023-01-29,recreational,0
P00409,31,M,Yerevan,710623,crash_aviator,2023-08-28,recreational,0
P00410,45,M,Armavir_region,284402,casino_live,2024-03-23,problem,1
P00411,43,M,Yerevan,249734,casino_slots,2022-10-02,regular,0
P00412,26,M,Yerevan,304354,keno_lottery,2022-03-13,problem,1
P00413,38,M,Yerevan,156737,casino_slots,2024-11-03,recreational,0
P00414,42,M,Yerevan,293372,casino_slots,2023-04-08,regular,0
P00415,35,F,Yerevan,285247,sports_football,2022-10-29,recreational,0
P00416,54,M,Kapan,356802,sports_football,2022-10-28,regular,0
P00417,44,F,Yerevan,308433,casino_live,2024-04-12,recreational,0
P00418,39,M,Yerevan,303375,sports_basketball,2024-08-03,recreational,0
P00419,39,M,Yerevan,199783,casino_live,2023-06-05,recreational,0
P00420,49,M,Other,350926,keno_lottery,2023-01-24,regular,0
P00421,27,M,Yerevan,544589,sports_other,2024-01-29,regular,0
P00422,34,M,Yerevan,103271,sports_football,2023-11-06,recreational,0
P00423,38,M,Yerevan,627700,casino_slots,2023-05-16,recreational,0
P00424,38,M,Lori_region,205869,sports_football,2023-08-11,regular,0
P00425,30,M,Ararat_region,151029,crash_aviator,2023-07-07,recreational,0
P00426,41,M,Yerevan,98200,casino_slots,2022-12-07,recreational,0
P00427,22,M,Yerevan,152998,sports_other,2022-01-19,at_risk,1
P00428,39,M,Yerevan,292942,casino_slots,2022-08-07,recreational,0
P00429,23,F,Kapan,1093245,casino_slots,2024-11-24,regular,0
P00430,41,M,Vanadzor,135549,sports_basketball,2023-11-26,recreational,0
P00431,32,M,Other,344874,sports_football,2024-11-22,regular,0
P00432,50,M,Yerevan,200947,sports_basketball,2022-05-18,recreational,0
P00433,32,M,Yerevan,704934,poker,2023-01-16,at_risk,1
P00434,46,M,Yerevan,545834,sports_football,2024-04-13,recreational,0
P00435,45,M,Vanadzor,697410,sports_basketball,2022-06-23,regular,0
P00436,31,M,Yerevan,296152,sports_football,2023-04-13,at_risk,1
P00437,29,M,Yerevan,384541,sports_other,2024-10-09,regular,0
P00438,34,M,Gyumri,246407,sports_football,2024-06-24,recreational,0
P00439,34,F,Yerevan,178201,casino_live,2022-07-25,recreational,0
P00440,31,F,Vanadzor,104062,sports_football,2024-01-29,recreational,0
P00441,42,M,Yerevan,120731,casino_slots,2023-05-24,recreational,0
P00442,29,M,Yerevan,319588,sports_football,2022-04-24,recreational,0
P00443,31,M,Yerevan,336504,sports_other,2024-01-30,recreational,0
P00444,33,M,Yerevan,348432,sports_football,2024-11-20,problem,1
P00445,47,M,Gyumri,205097,casino_live,2024-09-04,recreational,0
P00446,31,M,Yerevan,327533,keno_lottery,2022-04-02,recreational,0
P00447,44,M,Yerevan,76771,sports_football,2023-03-05,recreational,0
P00448,57,M,Yerevan,143995,keno_lottery,2023-12-19,recreational,0
P00449,44,M,Yerevan,493682,sports_basketball,2024-09-10,recreational,0
P00450,36,F,Other,335082,casino_slots,2022-11-22,regular,0
P00451,38,F,Gyumri,102345,casino_live,2024-10-21,recreational,0
P00452,43,M,Yerevan,190871,sports_football,2024-08-27,recreational,0
P00453,51,M,Yerevan,299968,sports_other,2023-03-11,recreational,0
P00454,39,M,Yerevan,50385,sports_football,2023-01-20,recreational,0
P00455,45,M,Yerevan,311239,casino_live,2023-04-06,regular,0
P00456,39,M,Yerevan,149418,sports_basketball,2022-04-09,recreational,0
P00457,34,F,Yerevan,79199,poker,2024-02-20,recreational,0
P00458,34,M,Yerevan,187527,sports_football,2023-04-21,recreational,0
P00459,39,M,Vanadzor,168127,keno_lottery,2024-01-12,recreational,0
P00460,40,F,Yerevan,177845,sports_football,2023-11-13,recreational,0
P00461,47,M,Gyumri,151234,casino_slots,2024-06-25,recreational,0
P00462,25,M,Lori_region,167511,sports_football,2022-08-10,problem,1
P00463,40,M,Yerevan,86969,sports_football,2022-11-14,recreational,0
P00464,46,M,Yerevan,127436,sports_football,2022-11-04,recreational,0
P00465,54,M,Gyumri,468877,casino_slots,2024-07-04,regular,0
P00466,26,M,Yerevan,202247,sports_football,2024-07-30,recreational,0
P00467,34,M,Yerevan,173881,casino_slots,2022-08-23,recreational,0
P00468,42,M,Yerevan,150044,table_games,2022-12-25,regular,0
P00469,37,M,Kapan,223730,sports_football,2024-11-01,regular,0
P00470,60,M,Vanadzor,586366,sports_football,2022-12-26,at_risk,1
P00471,47,F,Kapan,231678,sports_football,2022-01-24,recreational,0
P00472,37,M,Yerevan,141791,sports_football,2022-09-24,recreational,0
P00473,46,M,Yerevan,56258,sports_other,2024-02-11,at_risk,1
P00474,24,F,Vanadzor,128449,casino_live,2024-01-01,recreational,0
P00475,48,M,Ararat_region,141402,sports_football,2022-09-24,recreational,0
P00476,46,M,Yerevan,162475,sports_football,2023-10-02,regular,0
P00477,27,F,Other,218521,casino_slots,2022-10-10,regular,0
P00478,37,M,Ararat_region,619875,sports_football,2022-02-14,at_risk,1
P00479,55,M,Yerevan,176674,casino_slots,2023-09-28,recreational,0
P00480,38,M,Yerevan,507049,keno_lottery,2023-04-02,regular,0
P00481,31,M,Yerevan,84671,sports_football,2023-06-30,recreational,0
P00482,45,F,Gyumri,233166,casino_slots,2023-06-10,regular,0
P00483,38,M,Yerevan,87477,crash_aviator,2024-09-13,regular,0
P00484,31,M,Yerevan,145426,casino_live,2022-01-17,recreational,0
P00485,54,M,Yerevan,149515,casino_live,2023-05-07,regular,0
P00486,26,M,Ararat_region,341580,crash_aviator,2024-04-02,recreational,0
P00487,50,M,Kapan,220923,casino_slots,2023-04-01,recreational,0
P00488,37,M,Gyumri,1046913,casino_slots,2023-10-06,problem,1
P00489,29,M,Yerevan,216411,casino_live,2022-07-11,regular,0
P00490,32,M,Yerevan,108104,casino_live,2022-09-15,recreational,0
P00491,41,M,Yerevan,106397,casino_slots,2023-10-23,recreational,0
P00492,45,M,Yerevan,205547,sports_basketball,2022-11-04,recreational,0
P00493,45,M,Yerevan,444984,crash_aviator,2024-10-28,recreational,0
P00494,35,M,Other,221218,sports_football,2022-02-07,recreational,0
P00495,33,M,Yerevan,149243,sports_football,2023-06-07,recreational,0
P00496,38,M,Yerevan,163788,sports_basketball,2023-01-06,recreational,0
P00497,25,M,Yerevan,274791,sports_football,2023-01-15,regular,0
P00498,42,M,Kapan,495852,casino_slots,2024-01-04,recreational,0
P00499,28,M,Yerevan,333539,sports_football,2022-11-29,recreational,0
P00500,30,F,Yerevan,419853,casino_slots,2023-10-06,at_risk,1
P00501,53,M,Yerevan,190152,casino_slots,2022-12-09,recreational,0
P00502,33,M,Yerevan,335091,sports_football,2024-08-29,regular,0
P00503,35,M,Yerevan,230464,sports_football,2024-06-30,recreational,0
P00504,29,M,Yerevan,146402,casino_slots,2022-03-25,recreational,0
P00505,30,M,Gyumri,168737,casino_live,2022-10-11,regular,0
P00506,41,M,Yerevan,301590,sports_basketball,2024-07-18,recreational,0
P00507,35,M,Yerevan,181989,sports_football,2024-04-19,recreational,0
P00508,30,F,Yerevan,494737,sports_football,2023-05-01,regular,0
P00509,42,M,Yerevan,409950,sports_football,2024-11-26,recreational,0
P00510,47,M,Yerevan,382664,sports_football,2023-10-02,regular,0
P00511,27,M,Yerevan,215343,table_games,2023-12-21,recreational,0
P00512,33,M,Other,891654,sports_football,2024-07-13,recreational,0
P00513,55,F,Other,199630,sports_football,2024-01-18,recreational,0
P00514,36,F,Yerevan,104343,poker,2024-01-25,recreational,0
P00515,25,M,Yerevan,156389,casino_slots,2024-09-22,recreational,0
P00516,30,M,Gyumri,1697261,sports_other,2023-01-28,problem,1
P00517,43,M,Ararat_region,94243,casino_slots,2024-02-16,recreational,0
P00518,23,M,Yerevan,178273,keno_lottery,2024-10-30,regular,0
P00519,53,M,Yerevan,312990,sports_football,2024-11-09,recreational,0
P00520,48,M,Yerevan,157141,sports_football,2022-02-08,recreational,0
P00521,45,M,Other,262078,crash_aviator,2024-07-30,regular,0
P00522,31,M,Yerevan,533156,crash_aviator,2022-04-09,regular,0
P00523,37,M,Yerevan,125781,table_games,2024-06-08,recreational,0
P00524,42,M,Yerevan,116004,sports_football,2024-09-03,regular,0
P00525,32,M,Yerevan,89883,keno_lottery,2023-05-02,recreational,0
P00526,52,F,Gyumri,240771,sports_basketball,2022-05-23,recreational,0
P00527,35,M,Yerevan,327101,casino_live,2024-09-17,regular,0
P00528,40,M,Lori_region,127316,poker,2023-12-19,recreational,0
P00529,35,M,Vanadzor,100843,sports_football,2022-09-23,recreational,0
P00530,30,M,Yerevan,238042,sports_football,2024-09-22,regular,0
P00531,50,M,Vanadzor,314573,casino_slots,2024-06-05,recreational,0
P00532,39,M,Gyumri,194973,crash_aviator,2024-01-11,at_risk,1
P00533,29,M,Yerevan,188139,sports_football,2022-07-27,regular,0
P00534,39,M,Yerevan,99255,crash_aviator,2022-07-25,recreational,0
P00535,59,F,Kapan,149792,sports_basketball,2022-11-08,recreational,0
P00536,30,M,Yerevan,569367,sports_basketball,2022-12-24,problem,1
P00537,41,M,Yerevan,996143,sports_basketball,2024-11-05,regular,0
P00538,36,M,Yerevan,200707,keno_lottery,2024-03-23,recreational,0
P00539,45,M,Yerevan,175233,sports_football,2022-03-27,recreational,0
P00540,43,F,Yerevan,277113,casino_slots,2022-10-29,recreational,0
P00541,35,F,Yerevan,425183,sports_football,2024-03-21,regular,0
P00542,32,M,Yerevan,233591,keno_lottery,2022-11-10,at_risk,1
P00543,37,M,Yerevan,1114349,crash_aviator,2022-10-23,regular,0
P00544,62,M,Kapan,177819,sports_football,2022-10-03,recreational,0
P00545,25,M,Yerevan,412979,sports_football,2022-01-24,at_risk,1
P00546,47,M,Armavir_region,237135,sports_basketball,2023-05-07,recreational,0
P00547,28,M,Armavir_region,213982,sports_basketball,2024-09-30,recreational,0
P00548,36,M,Yerevan,385930,crash_aviator,2022-07-14,recreational,0
P00549,32,M,Yerevan,134022,casino_slots,2024-11-17,recreational,0
P00550,48,M,Yerevan,266307,sports_other,2023-01-19,recreational,0
P00551,37,M,Vanadzor,195438,casino_live,2022-08-07,recreational,0
P00552,52,M,Yerevan,294217,sports_other,2024-07-22,recreational,0
P00553,40,M,Yerevan,246115,sports_football,2022-08-06,regular,0
P00554,37,F,Yerevan,151071,sports_football,2022-07-24,recreational,0
P00555,28,F,Yerevan,259561,sports_basketball,2023-01-06,recreational,0
P00556,49,M,Vanadzor,215283,casino_slots,2023-12-24,recreational,0
P00557,30,M,Vanadzor,119439,sports_football,2024-05-01,recreational,0
P00558,42,M,Yerevan,352751,casino_slots,2022-11-13,recreational,0
P00559,56,F,Yerevan,259618,sports_football,2024-06-18,recreational,0
P00560,52,M,Yerevan,173444,casino_live,2022-12-14,recreational,0
P00561,43,M,Yerevan,142429,sports_football,2024-06-05,recreational,0
P00562,36,M,Yerevan,348371,sports_other,2023-12-11,regular,0
P00563,34,M,Yerevan,250435,sports_football,2023-06-12,recreational,0
P00564,22,M,Ararat_region,107592,sports_basketball,2024-06-13,regular,0
P00565,37,F,Yerevan,217195,sports_football,2022-08-09,recreational,0
P00566,36,F,Gyumri,414189,sports_other,2022-11-23,regular,0
P00567,46,M,Yerevan,55519,casino_live,2024-11-15,recreational,0
P00568,28,M,Yerevan,198552,sports_football,2022-06-12,recreational,0
P00569,42,M,Yerevan,254745,casino_live,2022-10-31,recreational,0
P00570,37,F,Yerevan,240663,casino_slots,2022-06-24,recreational,0
P00571,34,M,Yerevan,453166,casino_slots,2023-03-03,regular,0
P00572,33,M,Other,152807,casino_slots,2023-02-04,recreational,0
P00573,35,M,Ararat_region,107019,sports_basketball,2023-10-21,recreational,0
P00574,31,M,Gyumri,99297,casino_live,2024-04-04,at_risk,1
P00575,42,M,Yerevan,539220,crash_aviator,2024-03-27,regular,0
P00576,44,M,Yerevan,255824,crash_aviator,2024-01-01,recreational,0
P00577,27,F,Yerevan,322854,sports_football,2024-01-28,recreational,0
P00578,34,F,Armavir_region,181219,casino_slots,2022-09-21,regular,0
P00579,26,F,Vanadzor,453544,sports_football,2023-05-24,regular,0
P00580,44,M,Yerevan,113657,sports_other,2023-09-22,regular,0
P00581,42,M,Lori_region,166184,sports_football,2022-10-22,regular,0
P00582,49,M,Yerevan,191703,sports_football,2022-10-14,recreational,0
P00583,61,M,Yerevan,250776,casino_slots,2022-03-13,recreational,0
P00584,44,M,Yerevan,416740,poker,2024-01-08,recreational,0
P00585,44,M,Yerevan,159641,sports_football,2024-03-18,recreational,0
P00586,44,M,Lori_region,166557,casino_slots,2024-11-26,regular,0
P00587,32,M,Ararat_region,113793,casino_slots,2024-06-15,recreational,0
P00588,51,M,Yerevan,127617,keno_lottery,2023-03-01,recreational,0
P00589,48,M,Yerevan,546465,casino_slots,2022-07-25,recreational,0
P00590,35,M,Yerevan,262800,sports_football,2023-03-04,recreational,0
P00591,37,M,Yerevan,313947,sports_football,2022-01-11,recreational,0
P00592,40,F,Yerevan,159727,casino_slots,2023-02-03,recreational,0
P00593,45,M,Yerevan,279723,sports_football,2022-05-08,regular,0
P00594,54,M,Yerevan,255338,keno_lottery,2024-02-21,recreational,0
P00595,59,F,Yerevan,139778,keno_lottery,2023-12-24,recreational,0
P00596,27,F,Yerevan,155602,keno_lottery,2022-07-23,recreational,0
P00597,36,F,Armavir_region,128458,sports_football,2022-12-30,recreational,0
P00598,32,F,Yerevan,255875,casino_live,2023-07-02,at_risk,1
P00599,29,F,Yerevan,184462,casino_slots,2022-02-19,recreational,0
P00600,23,M,Yerevan,196908,sports_football,2022-09-13,at_risk,1
P00601,23,F,Yerevan,207669,sports_football,2024-01-23,recreational,0
P00602,28,F,Yerevan,207524,sports_football,2023-02-21,recreational,0
P00603,22,M,Yerevan,164569,sports_basketball,2023-10-08,recreational,0
P00604,29,F,Gyumri,170428,keno_lottery,2023-09-16,regular,0
P00605,47,F,Gyumri,376684,crash_aviator,2022-07-29,at_risk,1
P00606,29,M,Yerevan,139841,sports_football,2022-12-10,recreational,0
P00607,26,F,Yerevan,184243,casino_slots,2024-11-19,recreational,0
P00608,43,M,Lori_region,311694,sports_football,2023-03-31,recreational,0
P00609,45,M,Yerevan,96206,sports_football,2023-01-13,recreational,0
P00610,46,M,Yerevan,533629,sports_football,2023-06-08,recreational,0
P00611,43,M,Yerevan,332675,casino_slots,2024-01-18,at_risk,1
P00612,57,F,Yerevan,221158,casino_slots,2023-01-12,recreational,0
P00613,27,F,Yerevan,178242,crash_aviator,2022-02-27,regular,0
P00614,33,M,Yerevan,555638,poker,2024-09-02,regular,0
P00615,45,F,Yerevan,169041,sports_football,2023-03-01,recreational,0
P00616,45,M,Yerevan,147806,casino_live,2022-04-08,recreational,0
P00617,23,F,Yerevan,198240,sports_football,2023-10-03,regular,0
P00618,49,M,Gyumri,157387,sports_basketball,2023-12-12,recreational,0
P00619,35,M,Yerevan,221879,casino_slots,2024-03-14,recreational,0
P00620,46,M,Yerevan,310591,sports_football,2024-04-07,regular,0
P00621,38,M,Yerevan,176448,sports_football,2023-10-13,recreational,0
P00622,46,M,Yerevan,182717,sports_football,2022-09-03,regular,0
P00623,30,M,Yerevan,122532,sports_football,2024-05-23,recreational,0
P00624,38,M,Yerevan,142954,keno_lottery,2024-03-31,recreational,0
P00625,43,M,Yerevan,226579,sports_football,2022-01-04,recreational,0
P00626,31,M,Yerevan,250657,casino_slots,2022-01-07,recreational,0
P00627,37,M,Gyumri,268132,table_games,2024-04-05,recreational,0
P00628,42,M,Gyumri,179868,casino_slots,2023-09-12,recreational,0
P00629,28,M,Yerevan,218053,sports_basketball,2023-09-30,recreational,0
P00630,31,M,Yerevan,165460,keno_lottery,2024-01-22,recreational,0
P00631,44,M,Vanadzor,75325,sports_football,2024-06-23,recreational,0
P00632,40,M,Yerevan,161579,sports_football,2024-09-27,recreational,0
P00633,24,M,Armavir_region,149201,casino_slots,2023-02-18,recreational,0
P00634,35,F,Yerevan,107065,sports_other,2024-10-19,recreational,0
P00635,26,M,Yerevan,135539,crash_aviator,2023-02-10,recreational,0
P00636,41,F,Vanadzor,192578,sports_football,2024-08-23,recreational,0
P00637,24,F,Yerevan,102139,casino_slots,2024-06-21,recreational,0
P00638,35,M,Yerevan,126162,casino_live,2024-11-27,recreational,0
P00639,30,M,Yerevan,708770,table_games,2023-10-06,regular,0
P00640,28,M,Yerevan,107036,sports_football,2023-12-20,regular,0
P00641,37,M,Gyumri,164246,sports_football,2023-12-15,recreational,0
P00642,36,M,Ararat_region,139074,keno_lottery,2024-01-07,regular,0
P00643,26,M,Yerevan,123611,casino_slots,2022-03-09,recreational,0
P00644,42,F,Yerevan,163055,sports_football,2023-09-01,recreational,0
P00645,37,F,Yerevan,109856,sports_football,2022-07-25,recreational,0
P00646,32,M,Yerevan,239828,crash_aviator,2024-03-29,recreational,0
P00647,48,M,Yerevan,353729,casino_slots,2023-07-07,recreational,0
P00648,33,M,Yerevan,274183,casino_slots,2024-09-27,recreational,0
P00649,46,M,Gyumri,300445,poker,2024-03-02,recreational,0
P00650,30,F,Yerevan,90296,sports_football,2024-09-18,recreational,0
P00651,25,M,Yerevan,159401,sports_football,2024-11-10,recreational,0
P00652,37,M,Yerevan,227390,casino_slots,2024-05-23,recreational,0
P00653,35,M,Yerevan,278259,poker,2024-06-16,recreational,0
P00654,30,M,Yerevan,432522,sports_football,2023-12-31,recreational,0
P00655,29,M,Yerevan,307193,casino_live,2022-10-03,recreational,0
P00656,42,M,Yerevan,281801,sports_football,2024-06-28,recreational,0
P00657,31,M,Other,671662,sports_football,2023-02-21,recreational,0
P00658,38,M,Yerevan,188880,poker,2023-11-10,recreational,0
P00659,42,F,Yerevan,235416,sports_football,2023-10-01,regular,0
P00660,38,M,Vanadzor,311439,sports_football,2022-03-26,regular,0
P00661,63,M,Yerevan,113912,crash_aviator,2023-07-26,recreational,0
P00662,32,M,Other,186191,sports_basketball,2024-02-28,recreational,0
P00663,28,M,Yerevan,99353,sports_basketball,2024-03-24,regular,0
P00664,39,F,Yerevan,203788,crash_aviator,2024-06-06,regular,0
P00665,39,M,Yerevan,169914,sports_football,2022-08-01,recreational,0
P00666,27,M,Yerevan,289390,casino_slots,2022-12-26,recreational,0
P00667,38,M,Gyumri,545359,sports_football,2024-02-21,regular,0
P00668,38,M,Yerevan,111180,sports_football,2023-06-29,recreational,0
P00669,39,F,Kapan,973025,casino_live,2023-06-13,regular,0
P00670,39,M,Gyumri,193861,sports_football,2024-10-13,recreational,0
P00671,26,M,Ararat_region,202954,crash_aviator,2022-04-10,recreational,0
P00672,30,M,Ararat_region,106078,keno_lottery,2022-08-16,regular,0
P00673,43,M,Yerevan,132017,crash_aviator,2023-05-12,recreational,0
P00674,25,M,Yerevan,304256,sports_basketball,2022-11-02,recreational,0
P00675,58,M,Kapan,310026,sports_football,2024-08-08,regular,0
P00676,32,M,Yerevan,377437,poker,2022-01-27,at_risk,1
P00677,28,M,Yerevan,201652,sports_other,2023-01-21,recreational,0
P00678,45,F,Yerevan,114591,casino_live,2022-03-09,problem,1
P00679,45,M,Yerevan,171512,crash_aviator,2022-05-27,recreational,0
P00680,34,M,Ararat_region,363988,sports_football,2023-03-21,recreational,0
P00681,32,M,Yerevan,537438,sports_football,2024-01-30,regular,0
P00682,35,M,Yerevan,169077,casino_slots,2022-12-03,recreational,0
P00683,29,M,Lori_region,1045762,casino_slots,2023-06-06,at_risk,1
P00684,55,M,Yerevan,95910,sports_football,2023-09-23,recreational,0
P00685,49,M,Gyumri,110731,casino_slots,2022-11-06,recreational,0
P00686,45,M,Yerevan,457039,crash_aviator,2022-05-01,recreational,0
P00687,45,M,Yerevan,240313,sports_basketball,2024-06-03,recreational,0
P00688,35,M,Yerevan,235440,sports_football,2023-04-24,regular,0
P00689,24,F,Yerevan,175090,casino_live,2022-08-26,recreational,0
P00690,26,F,Yerevan,120258,crash_aviator,2023-12-22,recreational,0
P00691,39,M,Yerevan,206697,keno_lottery,2023-12-04,recreational,0
P00692,27,F,Yerevan,198671,sports_football,2024-11-22,recreational,0
P00693,38,M,Yerevan,181799,poker,2023-12-24,recreational,0
P00694,28,M,Yerevan,139622,casino_live,2023-03-19,regular,0
P00695,37,F,Yerevan,205477,casino_live,2022-02-02,recreational,0
P00696,33,M,Vanadzor,138131,sports_football,2023-05-23,recreational,0
P00697,30,M,Armavir_region,109944,sports_football,2024-01-28,recreational,0
P00698,38,M,Yerevan,339111,casino_slots,2022-07-22,recreational,0
P00699,51,M,Yerevan,532625,sports_football,2024-05-17,recreational,0
P00700,52,M,Yerevan,475452,sports_football,2024-05-17,recreational,0
P00701,27,M,Yerevan,249141,keno_lottery,2023-05-27,recreational,0
P00702,35,M,Armavir_region,157616,sports_football,2022-07-18,recreational,0
P00703,38,M,Lori_region,173778,keno_lottery,2024-04-20,recreational,0
P00704,46,M,Yerevan,357148,casino_slots,2024-11-16,regular,0
P00705,28,M,Yerevan,145887,crash_aviator,2022-10-24,recreational,0
P00706,48,F,Vanadzor,617745,sports_football,2023-03-18,regular,0
P00707,29,M,Yerevan,65046,casino_slots,2022-12-03,recreational,0
P00708,38,M,Yerevan,155259,casino_slots,2023-10-07,recreational,0
P00709,41,M,Yerevan,452792,keno_lottery,2024-07-29,regular,0
P00710,31,M,Yerevan,117964,sports_football,2023-12-15,recreational,0
P00711,36,M,Yerevan,159634,sports_football,2023-07-21,recreational,0
P00712,31,M,Yerevan,242204,keno_lottery,2023-08-29,recreational,0
P00713,43,M,Yerevan,384557,sports_football,2022-05-01,recreational,0
P00714,29,M,Yerevan,94253,casino_slots,2024-04-08,recreational,0
P00715,24,F,Armavir_region,123217,sports_football,2024-01-05,regular,0
P00716,46,M,Ararat_region,112162,sports_football,2024-05-21,recreational,0
P00717,31,M,Yerevan,83445,casino_slots,2023-04-05,recreational,0
P00718,30,M,Yerevan,86467,casino_slots,2022-07-29,recreational,0
P00719,37,M,Vanadzor,110678,casino_slots,2022-05-07,recreational,0
P00720,38,M,Gyumri,586918,sports_other,2024-04-04,regular,0
P00721,32,F,Yerevan,153995,casino_live,2023-09-02,recreational,0
P00722,38,F,Yerevan,285321,table_games,2022-10-10,regular,0
P00723,33,F,Yerevan,111634,sports_football,2024-10-15,recreational,0
P00724,28,M,Vanadzor,247083,sports_basketball,2022-11-06,recreational,0
P00725,37,M,Yerevan,459822,sports_basketball,2024-07-12,recreational,0
P00726,32,M,Yerevan,164385,casino_live,2024-10-28,regular,0
P00727,22,F,Armavir_region,426380,sports_basketball,2024-08-04,recreational,0
P00728,45,M,Yerevan,215976,casino_slots,2022-05-09,recreational,0
P00729,42,M,Armavir_region,354156,sports_other,2022-12-08,at_risk,1
P00730,42,M,Yerevan,219866,casino_slots,2022-08-15,recreational,0
P00731,30,M,Yerevan,218814,crash_aviator,2022-11-29,recreational,0
P00732,64,F,Armavir_region,853250,casino_slots,2022-08-08,regular,0
P00733,52,M,Lori_region,233473,sports_other,2023-06-23,recreational,0
P00734,48,M,Lori_region,235924,sports_football,2022-07-25,recreational,0
P00735,36,M,Vanadzor,145796,casino_slots,2024-10-03,recreational,0
P00736,41,M,Yerevan,463236,sports_football,2023-03-23,regular,0
P00737,50,M,Yerevan,111557,crash_aviator,2022-09-20,recreational,0
P00738,40,M,Yerevan,298925,sports_basketball,2022-01-10,regular,0
P00739,26,M,Armavir_region,1579336,sports_football,2023-11-16,regular,0
P00740,30,M,Yerevan,51463,sports_football,2024-05-26,recreational,0
P00741,45,F,Gyumri,202255,casino_slots,2022-10-27,recreational,0
P00742,35,M,Armavir_region,329562,keno_lottery,2024-09-16,regular,0
P00743,33,M,Other,160599,sports_football,2022-08-28,recreational,0
P00744,37,M,Lori_region,162503,sports_football,2022-11-14,recreational,0
P00745,24,M,Yerevan,188418,sports_basketball,2022-11-28,recreational,0
P00746,41,M,Yerevan,240709,keno_lottery,2024-01-24,regular,0
P00747,36,M,Other,201129,crash_aviator,2024-07-27,recreational,0
P00748,25,M,Yerevan,141055,sports_football,2023-02-24,recreational,0
P00749,31,M,Yerevan,494800,casino_slots,2023-11-12,recreational,0
P00750,27,M,Lori_region,158690,crash_aviator,2023-10-12,recreational,0
P00751,40,M,Yerevan,701278,casino_live,2024-05-17,problem,1
P00752,33,M,Yerevan,128823,sports_other,2023-12-13,recreational,0
P00753,28,M,Yerevan,490132,casino_live,2022-06-30,regular,0
P00754,53,M,Yerevan,434793,casino_slots,2022-04-26,regular,0
P00755,46,M,Lori_region,221980,sports_football,2023-11-27,recreational,0
P00756,35,F,Yerevan,151167,sports_football,2024-07-04,regular,0
P00757,37,M,Yerevan,206696,sports_basketball,2024-10-27,at_risk,1
P00758,36,F,Yerevan,418235,sports_football,2024-05-15,recreational,0
P00759,38,M,Ararat_region,177098,sports_basketball,2024-11-22,regular,0
P00760,31,F,Armavir_region,247995,crash_aviator,2022-12-22,recreational,0
P00761,54,M,Yerevan,158854,crash_aviator,2023-01-18,regular,0
P00762,43,M,Yerevan,298016,sports_football,2022-08-22,recreational,0
P00763,34,M,Yerevan,185481,sports_football,2023-12-14,regular,0
P00764,37,M,Yerevan,111204,casino_slots,2022-06-30,recreational,0
P00765,34,F,Yerevan,126063,sports_other,2024-06-05,recreational,0
P00766,29,M,Yerevan,237525,sports_football,2024-03-31,at_risk,1
P00767,48,M,Yerevan,220367,crash_aviator,2022-04-02,recreational,0
P00768,23,M,Yerevan,186354,sports_football,2022-05-08,recreational,0
P00769,30,M,Yerevan,145140,sports_football,2023-03-06,regular,0
P00770,49,M,Yerevan,343220,casino_live,2023-02-22,at_risk,1
P00771,49,F,Yerevan,101617,casino_slots,2022-11-17,recreational,0
P00772,36,M,Yerevan,411959,sports_basketball,2022-07-10,regular,0
P00773,29,M,Yerevan,459864,casino_live,2024-03-31,regular,0
P00774,28,M,Yerevan,344182,keno_lottery,2024-09-21,at_risk,1
P00775,36,F,Other,206187,sports_football,2024-05-19,recreational,0
P00776,26,M,Yerevan,432256,casino_slots,2023-11-18,recreational,0
P00777,38,M,Ararat_region,254736,sports_football,2024-03-27,regular,0
P00778,43,F,Yerevan,158894,sports_other,2023-05-24,regular,0
P00779,35,M,Yerevan,240460,sports_other,2024-07-08,recreational,0
P00780,38,M,Yerevan,102169,sports_basketball,2023-03-29,recreational,0
P00781,44,M,Yerevan,162012,sports_football,2022-11-07,recreational,0
P00782,38,M,Kapan,195468,crash_aviator,2024-08-19,regular,0
P00783,35,F,Vanadzor,183772,sports_basketball,2024-02-01,regular,0
P00784,55,F,Yerevan,158842,poker,2023-05-09,recreational,0
P00785,40,M,Gyumri,282281,sports_basketball,2024-09-23,recreational,0
P00786,44,F,Yerevan,312871,crash_aviator,2022-12-25,recreational,0
P00787,40,M,Armavir_region,488096,casino_slots,2022-09-22,regular,0
P00788,38,F,Vanadzor,212966,sports_basketball,2023-11-13,recreational,0
P00789,37,M,Yerevan,158238,casino_live,2024-11-23,recreational,0
P00790,43,M,Ararat_region,55370,crash_aviator,2023-06-18,recreational,0
P00791,26,M,Lori_region,349110,sports_other,2022-05-22,regular,0
P00792,50,M,Gyumri,57587,sports_other,2024-01-26,recreational,0
P00793,36,M,Yerevan,68805,casino_slots,2022-06-12,recreational,0
P00794,25,M,Vanadzor,166022,casino_slots,2022-05-20,recreational,0
P00795,29,M,Yerevan,532922,sports_other,2024-02-07,problem,1
P00796,29,M,Yerevan,143655,casino_live,2023-03-05,recreational,0
P00797,25,M,Ararat_region,387890,sports_basketball,2024-10-19,recreational,0
P00798,37,M,Yerevan,226786,sports_other,2023-04-25,recreational,0
P00799,39,M,Kapan,158896,casino_slots,2022-05-11,recreational,0
P00800,32,F,Yerevan,643277,table_games,2022-03-03,regular,0
P00801,32,M,Yerevan,716127,sports_football,2024-05-04,regular,0
P00802,27,F,Other,232580,sports_football,2022-12-25,recreational,0
P00803,40,F,Yerevan,175851,sports_football,2024-09-23,regular,0
P00804,51,M,Yerevan,136704,casino_live,2024-02-08,recreational,0
P00805,32,M,Yerevan,127131,sports_other,2022-06-27,at_risk,1
P00806,33,M,Yerevan,176223,sports_basketball,2023-01-19,recreational,0
P00807,43,F,Yerevan,106478,sports_football,2023-10-12,recreational,0
P00808,37,M,Yerevan,229831,poker,2022-02-12,regular,0
P00809,31,F,Armavir_region,420041,sports_other,2022-09-17,at_risk,1
P00810,37,F,Lori_region,66760,casino_slots,2024-11-07,recreational,0
P00811,26,M,Gyumri,131177,sports_football,2024-09-08,regular,0
P00812,32,M,Yerevan,206579,sports_football,2023-02-04,regular,0
P00813,32,M,Yerevan,271313,sports_football,2022-05-14,regular,0
P00814,40,M,Yerevan,140613,sports_basketball,2024-06-18,recreational,0
P00815,46,F,Vanadzor,157228,sports_other,2023-05-09,recreational,0
P00816,41,M,Yerevan,126452,sports_football,2022-07-17,recreational,0
P00817,36,M,Armavir_region,87205,sports_basketball,2022-05-29,recreational,0
P00818,40,M,Yerevan,203149,sports_football,2023-01-20,regular,0
P00819,30,F,Yerevan,161802,sports_basketball,2022-01-03,recreational,0
P00820,41,M,Other,154125,sports_football,2022-03-11,recreational,0
P00821,52,F,Yerevan,190348,sports_football,2022-06-28,recreational,0
P00822,36,M,Ararat_region,360008,sports_football,2022-12-20,regular,0
P00823,42,M,Armavir_region,253109,casino_live,2022-01-18,recreational,0
P00824,29,F,Yerevan,191456,keno_lottery,2024-11-14,regular,0
P00825,41,M,Yerevan,81864,casino_slots,2024-08-29,recreational,0
P00826,45,M,Yerevan,339935,sports_football,2023-06-08,recreational,0
P00827,41,M,Kapan,352855,table_games,2022-12-19,regular,0
P00828,48,M,Lori_region,111679,table_games,2022-04-15,recreational,0
P00829,45,M,Yerevan,330766,sports_other,2022-12-11,regular,0
P00830,41,M,Gyumri,307033,sports_football,2024-03-30,recreational,0
P00831,38,M,Yerevan,427325,casino_live,2022-04-10,recreational,0
P00832,38,M,Yerevan,204029,keno_lottery,2024-09-05,recreational,0
P00833,32,M,Vanadzor,734877,crash_aviator,2024-08-23,at_risk,1
P00834,24,M,Ararat_region,98313,casino_slots,2022-10-28,recreational,0
P00835,44,M,Yerevan,176798,casino_slots,2022-02-11,recreational,0
P00836,44,F,Yerevan,152239,table_games,2023-06-16,recreational,0
P00837,45,M,Yerevan,571673,sports_football,2024-07-12,problem,1
P00838,21,M,Yerevan,736203,sports_football,2024-10-13,regular,0
P00839,29,M,Yerevan,325292,crash_aviator,2022-01-24,regular,0
P00840,35,F,Ararat_region,112630,sports_football,2024-02-08,recreational,0
P00841,35,F,Yerevan,95702,sports_basketball,2023-01-22,recreational,0
P00842,44,F,Yerevan,751640,sports_football,2023-12-21,regular,0
P00843,33,F,Gyumri,381101,sports_football,2024-04-18,regular,0
P00844,28,M,Yerevan,366368,sports_football,2022-12-22,regular,0
P00845,51,F,Yerevan,227819,casino_slots,2022-10-07,regular,0
P00846,47,M,Armavir_region,328819,sports_basketball,2023-07-19,regular,0
P00847,31,F,Yerevan,109890,casino_slots,2023-06-11,recreational,0
P00848,47,F,Yerevan,218450,sports_football,2023-07-03,recreational,0
P00849,44,F,Yerevan,153780,keno_lottery,2023-03-14,at_risk,1
P00850,24,M,Yerevan,150402,casino_slots,2022-07-27,recreational,0
P00851,31,F,Yerevan,130518,keno_lottery,2022-11-06,recreational,0
P00852,35,M,Yerevan,35314,sports_basketball,2024-02-10,recreational,0
P00853,45,M,Yerevan,151347,sports_football,2024-03-14,recreational,0
P00854,36,M,Ararat_region,163281,crash_aviator,2022-12-17,regular,0
P00855,32,M,Yerevan,246794,crash_aviator,2023-01-15,regular,0
P00856,31,M,Yerevan,180155,sports_football,2023-11-07,recreational,0
P00857,42,M,Yerevan,435686,casino_slots,2022-06-23,recreational,0
P00858,32,M,Lori_region,209623,casino_slots,2023-09-14,recreational,0
P00859,51,M,Yerevan,342153,sports_football,2023-12-11,regular,0
P00860,48,M,Ararat_region,230618,casino_slots,2023-04-20,recreational,0
P00861,42,M,Yerevan,278345,sports_football,2024-05-11,recreational,0
P00862,42,M,Lori_region,225901,sports_football,2022-11-23,recreational,0
P00863,40,M,Yerevan,207227,crash_aviator,2022-04-22,recreational,0
P00864,46,F,Yerevan,256873,sports_other,2022-03-02,recreational,0
P00865,34,M,Yerevan,65288,crash_aviator,2023-08-15,regular,0
P00866,58,M,Yerevan,511569,casino_live,2024-02-20,recreational,0
P00867,54,M,Gyumri,398546,table_games,2023-07-11,recreational,0
P00868,22,M,Yerevan,200643,sports_other,2024-08-14,recreational,0
P00869,29,M,Yerevan,88806,sports_other,2022-12-22,recreational,0
P00870,39,M,Yerevan,329683,sports_football,2023-09-03,recreational,0
P00871,45,M,Yerevan,184650,casino_slots,2024-07-26,regular,0
P00872,29,M,Yerevan,235069,sports_other,2023-04-30,recreational,0
P00873,46,M,Other,129677,casino_live,2022-10-29,regular,0
P00874,32,M,Gyumri,547937,sports_basketball,2024-04-04,recreational,0
P00875,39,F,Yerevan,117856,sports_football,2023-09-28,regular,0
P00876,38,M,Ararat_region,186317,crash_aviator,2022-04-29,recreational,0
P00877,30,M,Yerevan,62294,crash_aviator,2022-11-07,recreational,0
P00878,40,M,Yerevan,176328,sports_basketball,2022-08-05,recreational,0
P00879,32,M,Yerevan,145520,casino_live,2023-08-12,recreational,0
P00880,28,M,Yerevan,317840,sports_other,2023-06-26,recreational,0
P00881,23,M,Yerevan,216927,casino_live,2023-06-22,regular,0
P00882,44,M,Yerevan,318069,sports_basketball,2023-08-11,recreational,0
P00883,39,M,Vanadzor,170895,casino_slots,2024-07-02,at_risk,1
P00884,39,M,Yerevan,236421,sports_football,2024-10-20,regular,0
P00885,28,M,Yerevan,157906,sports_football,2022-06-30,recreational,0
P00886,34,M,Yerevan,376961,crash_aviator,2023-05-11,regular,0
P00887,39,F,Yerevan,216403,sports_basketball,2023-05-15,recreational,0
P00888,32,M,Kapan,258286,sports_football,2023-03-09,recreational,0
P00889,51,M,Yerevan,205690,sports_football,2023-09-20,recreational,0
P00890,43,M,Yerevan,416372,sports_basketball,2022-04-28,regular,0
P00891,36,M,Yerevan,114896,casino_live,2023-07-21,recreational,0
P00892,40,M,Ararat_region,218625,sports_basketball,2023-06-18,recreational,0
P00893,47,M,Yerevan,402244,casino_live,2023-05-17,recreational,0
P00894,52,M,Vanadzor,77708,crash_aviator,2024-06-18,recreational,0
P00895,50,M,Yerevan,229858,sports_basketball,2024-06-01,recreational,0
P00896,28,F,Yerevan,252484,crash_aviator,2024-05-25,recreational,0
P00897,30,M,Yerevan,672836,sports_football,2024-03-07,regular,0
P00898,27,F,Yerevan,258781,sports_basketball,2024-06-15,recreational,0
P00899,43,M,Yerevan,189259,sports_football,2024-04-08,recreational,0
P00900,48,M,Yerevan,618514,sports_football,2022-03-09,problem,1
P00901,32,M,Yerevan,209224,sports_football,2023-11-14,at_risk,1
P00902,33,M,Yerevan,148261,sports_football,2022-08-11,recreational,0
P00903,32,F,Yerevan,92306,crash_aviator,2023-10-11,recreational,0
P00904,28,M,Yerevan,378597,casino_slots,2022-07-08,recreational,0
P00905,57,M,Yerevan,479644,keno_lottery,2022-09-22,at_risk,1
P00906,35,M,Yerevan,113852,casino_slots,2022-06-21,recreational,0
P00907,44,F,Yerevan,206156,casino_slots,2024-01-30,recreational,0
P00908,56,M,Armavir_region,321382,sports_football,2024-08-23,recreational,0
P00909,53,F,Yerevan,295702,casino_slots,2024-01-09,recreational,0
P00910,27,F,Yerevan,113198,sports_basketball,2022-11-16,recreational,0
P00911,35,M,Yerevan,42712,keno_lottery,2023-01-06,regular,0
P00912,40,F,Lori_region,219346,keno_lottery,2022-11-13,recreational,0
P00913,51,F,Yerevan,115529,sports_football,2022-01-10,recreational,0
P00914,38,M,Yerevan,406745,casino_slots,2024-04-07,regular,0
P00915,28,M,Yerevan,289482,casino_slots,2023-08-17,recreational,0
P00916,35,M,Yerevan,314119,casino_slots,2023-06-29,recreational,0
P00917,22,M,Vanadzor,430664,sports_football,2024-06-27,recreational,0
P00918,41,M,Yerevan,587928,casino_slots,2022-12-28,regular,0
P00919,44,M,Yerevan,431700,crash_aviator,2024-10-11,recreational,0
P00920,36,M,Yerevan,640485,sports_basketball,2022-04-22,regular,0
P00921,47,M,Other,374677,casino_slots,2024-08-30,recreational,0
P00922,29,M,Vanadzor,176359,sports_football,2024-08-07,recreational,0
P00923,43,M,Armavir_region,94471,keno_lottery,2024-06-01,recreational,0
P00924,33,M,Ararat_region,622717,sports_football,2022-04-27,recreational,0
P00925,32,M,Armavir_region,185756,sports_football,2022-05-30,recreational,0
P00926,31,M,Yerevan,585236,sports_football,2022-03-26,regular,0
P00927,43,M,Yerevan,136704,crash_aviator,2022-06-29,recreational,0
P00928,38,M,Yerevan,291464,casino_live,2022-03-25,recreational,0
P00929,37,F,Yerevan,63210,sports_football,2023-07-19,at_risk,1
P00930,43,M,Yerevan,146604,sports_football,2024-11-27,recreational,0
P00931,35,M,Yerevan,171357,casino_live,2023-08-24,recreational,0
P00932,36,M,Yerevan,226844,sports_basketball,2024-04-11,recreational,0
P00933,51,M,Yerevan,307652,sports_football,2024-03-17,recreational,0
P00934,28,M,Yerevan,156887,keno_lottery,2022-11-27,problem,1
P00935,30,M,Yerevan,760690,sports_football,2024-06-08,problem,1
P00936,51,M,Yerevan,332384,casino_slots,2023-12-26,recreational,0
P00937,46,M,Yerevan,1808171,sports_football,2023-10-11,at_risk,1
P00938,33,M,Yerevan,256280,casino_live,2024-09-28,recreational,0
P00939,31,M,Yerevan,277744,crash_aviator,2022-11-17,problem,1
P00940,32,M,Yerevan,130547,sports_basketball,2022-09-12,regular,0
P00941,47,F,Gyumri,449240,casino_slots,2023-04-18,recreational,0
P00942,34,M,Yerevan,260246,poker,2024-11-02,recreational,0
P00943,30,F,Yerevan,276332,crash_aviator,2022-08-17,regular,0
P00944,46,M,Armavir_region,80082,sports_basketball,2023-08-15,recreational,0
P00945,28,M,Ararat_region,112997,sports_other,2024-02-23,recreational,0
P00946,34,M,Yerevan,246810,poker,2022-02-27,recreational,0
P00947,49,M,Yerevan,214836,sports_football,2022-06-01,recreational,0
P00948,41,M,Yerevan,68019,sports_football,2023-08-22,recreational,0
P00949,59,F,Yerevan,246969,sports_football,2023-08-18,recreational,0
P00950,35,M,Yerevan,109260,crash_aviator,2022-04-06,regular,0
P00951,35,M,Armavir_region,354235,sports_football,2024-05-13,recreational,0
P00952,33,M,Vanadzor,199784,sports_football,2023-09-24,recreational,0
P00953,43,M,Yerevan,142772,casino_slots,2023-04-05,recreational,0
P00954,38,M,Yerevan,295312,sports_football,2023-11-29,recreational,0
P00955,42,M,Ararat_region,214800,sports_football,2024-01-01,recreational,0
P00956,30,M,Gyumri,349122,sports_other,2024-08-10,recreational,0
P00957,44,M,Vanadzor,187390,sports_football,2024-02-22,recreational,0
P00958,43,M,Yerevan,192938,table_games,2023-11-17,recreational,0
P00959,38,M,Yerevan,156074,sports_football,2022-06-25,recreational,0
P00960,32,M,Vanadzor,205293,crash_aviator,2023-12-10,recreational,0
P00961,51,M,Lori_region,775540,sports_other,2024-06-14,regular,0
P00962,45,F,Yerevan,139991,sports_football,2022-06-15,recreational,0
P00963,41,F,Yerevan,413048,sports_football,2023-11-24,regular,0
P00964,26,M,Yerevan,115901,casino_slots,2022-03-29,recreational,0
P00965,39,M,Yerevan,64045,sports_basketball,2024-08-08,recreational,0
P00966,40,M,Armavir_region,199674,sports_football,2024-11-09,recreational,0
P00967,32,M,Yerevan,216623,keno_lottery,2022-03-27,recreational,0
P00968,32,M,Yerevan,170363,sports_other,2024-08-20,recreational,0
P00969,46,M,Yerevan,114114,keno_lottery,2024-11-23,regular,0
P00970,37,M,Yerevan,336087,sports_football,2023-01-17,regular,0
P00971,30,F,Ararat_region,205637,sports_football,2023-12-31,recreational,0
P00972,35,M,Yerevan,188737,casino_slots,2023-07-05,problem,1
P00973,27,F,Yerevan,91488,sports_football,2023-09-25,recreational,0
P00974,36,M,Lori_region,158660,sports_football,2024-01-21,recreational,0
P00975,61,M,Yerevan,414282,sports_football,2023-07-09,regular,0
P00976,38,M,Yerevan,221691,sports_football,2024-03-01,recreational,0
P00977,42,M,Yerevan,115878,casino_live,2024-04-07,recreational,0
P00978,37,M,Yerevan,192755,sports_football,2024-04-07,recreational,0
P00979,28,M,Yerevan,280485,table_games,2024-07-29,recreational,0
P00980,36,M,Yerevan,100145,sports_football,2023-05-23,recreational,0
P00981,35,M,Yerevan,185775,sports_basketball,2023-04-28,recreational,0
P00982,50,M,Yerevan,351700,sports_basketball,2024-11-14,recreational,0
P00983,32,M,Yerevan,130299,casino_slots,2023-08-01,regular,0
P00984,47,M,Yerevan,785878,poker,2022-10-08,at_risk,1
P00985,31,M,Yerevan,404459,crash_aviator,2024-12-01,recreational,0
P00986,41,M,Yerevan,161072,sports_football,2024-01-18,recreational,0
P00987,27,M,Yerevan,151631,sports_basketball,2022-02-13,recreational,0
P00988,42,M,Gyumri,301721,crash_aviator,2023-09-05,recreational,0
P00989,31,F,Yerevan,164004,sports_football,2024-11-15,recreational,0
P00990,25,M,Yerevan,55501,casino_slots,2023-05-21,recreational,0
P00991,30,M,Yerevan,263885,sports_football,2023-09-22,regular,0
P00992,40,M,Yerevan,227730,sports_basketball,2024-04-21,recreational,0
P00993,38,F,Yerevan,260603,sports_other,2024-09-15,recreational,0
P00994,25,M,Yerevan,115890,sports_basketball,2022-05-06,recreational,0
P00995,41,M,Yerevan,238152,poker,2022-07-21,regular,0
P00996,36,M,Vanadzor,293363,casino_slots,2022-12-07,recreational,0
P00997,30,M,Yerevan,270100,poker,2024-11-14,regular,0
P00998,32,F,Yerevan,111893,casino_live,2022-05-21,regular,0
P00999,39,M,Gyumri,334212,sports_basketball,2023-07-17,recreational,0
P01000,36,M,Yerevan,161726,sports_other,2023-07-15,recreational,0
P01001,31,M,Yerevan,538895,sports_basketball,2022-05-13,regular,0
P01002,33,M,Yerevan,89589,crash_aviator,2023-08-30,recreational,0
P01003,29,M,Yerevan,169434,sports_football,2024-03-26,recreational,0
P01004,32,F,Ararat_region,232252,keno_lottery,2024-03-25,recreational,0
P01005,26,F,Yerevan,265736,casino_slots,2022-03-21,regular,0
P01006,25,F,Yerevan,99629,casino_slots,2023-05-02,recreational,0
P01007,30,M,Gyumri,54574,casino_slots,2023-03-27,recreational,0
P01008,42,F,Yerevan,385519,casino_slots,2023-03-12,recreational,0
P01009,36,M,Yerevan,203767,casino_slots,2024-04-12,recreational,0
P01010,41,M,Yerevan,322582,casino_slots,2023-09-12,recreational,0
P01011,36,M,Yerevan,286372,sports_football,2022-02-23,recreational,0
P01012,40,M,Yerevan,242592,casino_slots,2024-07-01,recreational,0
P01013,30,F,Yerevan,153283,sports_basketball,2022-02-23,recreational,0
P01014,30,F,Yerevan,229945,casino_slots,2024-02-16,recreational,0
P01015,35,M,Yerevan,661369,casino_slots,2024-01-23,regular,0
P01016,44,F,Yerevan,187628,sports_football,2024-11-17,recreational,0
P01017,29,M,Gyumri,876389,casino_live,2022-12-27,regular,0
P01018,32,M,Yerevan,113879,sports_other,2023-12-29,regular,0
P01019,32,F,Other,106767,casino_slots,2023-08-01,regular,0
P01020,57,M,Yerevan,295006,casino_slots,2023-03-25,recreational,0
P01021,38,F,Vanadzor,119532,casino_slots,2023-01-27,recreational,0
P01022,37,M,Gyumri,500009,casino_live,2022-02-19,recreational,0
P01023,32,M,Yerevan,892541,sports_football,2023-04-21,at_risk,1
P01024,22,M,Yerevan,725842,sports_football,2024-05-27,regular,0
P01025,45,M,Gyumri,280108,casino_slots,2022-11-14,recreational,0
P01026,27,F,Gyumri,161070,sports_football,2024-10-04,regular,0
P01027,34,F,Yerevan,78515,sports_football,2022-06-18,recreational,0
P01028,27,M,Vanadzor,380165,sports_football,2024-01-22,recreational,0
P01029,46,M,Yerevan,113869,sports_football,2022-10-25,regular,0
P01030,42,M,Yerevan,397581,table_games,2024-06-19,recreational,0
P01031,25,M,Yerevan,767323,sports_football,2023-09-26,problem,1
P01032,29,M,Vanadzor,331808,sports_football,2022-11-23,at_risk,1
P01033,37,M,Yerevan,476928,keno_lottery,2023-02-10,at_risk,1
P01034,22,M,Yerevan,370171,keno_lottery,2024-11-26,regular,0
P01035,23,M,Yerevan,162675,sports_football,2024-10-27,recreational,0
P01036,32,M,Yerevan,367161,poker,2022-01-23,recreational,0
P01037,44,F,Yerevan,360920,sports_football,2023-05-19,recreational,0
P01038,32,M,Yerevan,307411,casino_live,2022-06-05,regular,0
P01039,46,M,Vanadzor,133348,sports_football,2024-09-16,recreational,0
P01040,37,M,Yerevan,612998,sports_basketball,2023-06-29,regular,0
P01041,33,M,Yerevan,65476,sports_football,2023-03-30,recreational,0
P01042,44,F,Yerevan,224731,casino_live,2022-03-28,recreational,0
P01043,28,M,Yerevan,260537,sports_football,2022-11-07,recreational,0
P01044,42,M,Yerevan,170337,sports_other,2023-02-03,regular,0
P01045,47,F,Yerevan,292905,casino_live,2024-01-25,recreational,0
P01046,32,M,Yerevan,177641,sports_football,2022-01-09,recreational,0
P01047,24,M,Yerevan,137017,poker,2023-12-20,recreational,0
P01048,22,F,Yerevan,291363,sports_basketball,2024-02-10,recreational,0
P01049,30,M,Ararat_region,163687,sports_football,2022-10-24,at_risk,1
P01050,32,M,Yerevan,277981,sports_football,2022-01-06,recreational,0
P01051,35,F,Yerevan,66805,sports_basketball,2022-06-04,recreational,0
P01052,37,M,Yerevan,207641,sports_football,2024-05-25,recreational,0
P01053,33,M,Yerevan,183990,casino_slots,2022-07-18,recreational,0
P01054,29,M,Yerevan,137429,casino_slots,2023-11-22,recreational,0
P01055,27,F,Yerevan,218715,sports_other,2024-04-10,recreational,0
P01056,26,F,Yerevan,172979,sports_other,2022-03-12,recreational,0
P01057,38,F,Yerevan,304998,crash_aviator,2022-02-25,recreational,0
P01058,44,M,Yerevan,238181,sports_football,2023-11-04,recreational,0
P01059,28,M,Yerevan,367383,casino_slots,2024-11-05,regular,0
P01060,42,F,Lori_region,208281,poker,2024-04-23,recreational,0
P01061,32,M,Yerevan,210922,sports_football,2023-05-06,regular,0
P01062,41,M,Yerevan,154788,casino_slots,2024-09-30,recreational,0
P01063,46,M,Yerevan,324966,keno_lottery,2024-04-05,regular,0
P01064,36,F,Yerevan,165055,casino_slots,2024-06-27,recreational,0
P01065,27,M,Yerevan,545477,table_games,2022-02-23,regular,0
P01066,26,M,Yerevan,373661,sports_football,2023-11-20,at_risk,1
P01067,35,F,Yerevan,455370,casino_slots,2023-10-25,at_risk,1
P01068,28,F,Yerevan,120684,sports_football,2023-09-11,regular,0
P01069,45,F,Yerevan,288464,sports_football,2024-11-19,recreational,0
P01070,31,M,Yerevan,248937,table_games,2023-05-05,problem,1
P01071,38,M,Yerevan,149784,sports_football,2022-04-06,regular,0
P01072,38,M,Ararat_region,409956,table_games,2022-07-20,recreational,0
P01073,52,M,Yerevan,255129,casino_slots,2024-03-10,recreational,0
P01074,31,F,Lori_region,693603,poker,2024-11-18,at_risk,1
P01075,37,M,Armavir_region,225925,keno_lottery,2022-09-01,recreational,0
P01076,39,M,Yerevan,264780,casino_slots,2022-06-21,regular,0
P01077,33,M,Yerevan,156515,table_games,2022-03-27,recreational,0
P01078,32,M,Kapan,446865,casino_live,2023-03-29,regular,0
P01079,28,F,Yerevan,317100,casino_slots,2023-07-17,recreational,0
P01080,41,M,Yerevan,268776,casino_slots,2022-09-19,regular,0
P01081,41,M,Yerevan,507364,sports_football,2022-11-28,recreational,0
P01082,40,M,Yerevan,304847,sports_football,2022-09-18,at_risk,1
P01083,52,M,Kapan,89654,sports_football,2024-02-04,recreational,0
P01084,39,M,Gyumri,76111,sports_other,2022-04-16,recreational,0
P01085,28,F,Ararat_region,77406,sports_football,2024-10-24,recreational,0
P01086,34,M,Gyumri,146357,casino_slots,2024-08-25,recreational,0
P01087,26,M,Yerevan,340849,casino_slots,2023-01-05,problem,1
P01088,31,F,Yerevan,253219,casino_slots,2023-04-04,recreational,0
P01089,50,M,Other,177444,poker,2023-04-22,recreational,0
P01090,41,M,Lori_region,464431,keno_lottery,2022-04-09,regular,0
P01091,29,M,Kapan,184086,poker,2022-05-20,recreational,0
P01092,54,M,Gyumri,181221,casino_slots,2022-10-29,recreational,0
P01093,27,M,Yerevan,198003,sports_football,2024-06-10,regular,0
P01094,36,F,Yerevan,366593,keno_lottery,2024-08-22,recreational,0
P01095,45,F,Ararat_region,111709,sports_football,2024-07-07,regular,0
P01096,45,M,Yerevan,209267,sports_football,2023-02-18,recreational,0
P01097,27,M,Yerevan,164372,sports_football,2022-11-04,recreational,0
P01098,29,M,Yerevan,266090,casino_slots,2022-08-04,recreational,0
P01099,31,M,Yerevan,344934,casino_live,2024-08-15,at_risk,1
P01100,32,M,Yerevan,180780,sports_football,2024-02-14,recreational,0
P01101,43,M,Yerevan,238604,crash_aviator,2023-12-09,regular,0
P01102,30,M,Yerevan,361255,sports_football,2023-01-29,recreational,0
P01103,34,F,Yerevan,180217,sports_football,2024-10-14,recreational,0
P01104,29,F,Yerevan,912858,sports_basketball,2022-06-21,regular,0
P01105,39,M,Yerevan,206248,sports_basketball,2024-09-08,recreational,0
P01106,33,M,Yerevan,181969,casino_live,2023-05-25,recreational,0
P01107,34,M,Yerevan,167384,sports_football,2022-03-15,recreational,0
P01108,50,M,Yerevan,392815,sports_football,2024-05-10,regular,0
P01109,24,M,Yerevan,134123,sports_football,2022-12-02,recreational,0
P01110,28,M,Yerevan,193607,crash_aviator,2023-04-27,recreational,0
P01111,38,M,Kapan,180734,table_games,2022-07-13,recreational,0
P01112,29,M,Yerevan,439486,casino_slots,2023-03-17,at_risk,1
P01113,33,M,Yerevan,214428,casino_slots,2022-06-13,recreational,0
P01114,40,M,Yerevan,220072,poker,2023-09-30,recreational,0
P01115,43,M,Yerevan,188747,sports_football,2024-06-11,recreational,0
P01116,33,M,Vanadzor,394425,sports_football,2022-12-10,recreational,0
P01117,40,M,Lori_region,222347,casino_slots,2022-02-06,recreational,0
P01118,31,M,Yerevan,1337264,sports_football,2023-08-29,regular,0
P01119,35,M,Lori_region,184543,sports_other,2022-07-13,recreational,0
P01120,37,M,Yerevan,290735,sports_other,2022-05-13,recreational,0
P01121,39,M,Yerevan,125202,sports_football,2023-01-15,recreational,0
P01122,36,M,Yerevan,362619,sports_other,2022-08-12,recreational,0
P01123,23,F,Yerevan,126572,sports_basketball,2023-04-13,recreational,0
P01124,40,M,Yerevan,226082,sports_football,2022-07-29,recreational,0
P01125,55,M,Yerevan,157708,crash_aviator,2023-12-10,recreational,0
P01126,42,M,Yerevan,367232,casino_live,2023-05-22,regular,0
P01127,27,M,Yerevan,160062,sports_football,2024-09-11,recreational,0
P01128,48,M,Yerevan,121308,sports_football,2024-05-07,recreational,0
P01129,41,M,Yerevan,328922,sports_football,2023-03-27,problem,1
P01130,45,F,Yerevan,389065,sports_football,2022-10-23,recreational,0
P01131,31,M,Yerevan,227374,sports_football,2024-11-01,recreational,0
P01132,50,M,Yerevan,94494,sports_football,2024-09-20,recreational,0
P01133,38,M,Yerevan,753479,crash_aviator,2024-11-26,at_risk,1
P01134,40,M,Gyumri,115261,crash_aviator,2023-05-31,recreational,0
P01135,29,F,Yerevan,261030,crash_aviator,2023-12-11,recreational,0
P01136,33,M,Yerevan,237351,casino_slots,2024-10-07,recreational,0
P01137,49,M,Lori_region,244964,casino_live,2022-08-10,recreational,0
P01138,48,M,Yerevan,454661,casino_live,2023-05-20,recreational,0
P01139,39,M,Yerevan,118942,poker,2024-11-22,recreational,0
P01140,36,M,Yerevan,403940,casino_live,2022-12-03,regular,0
P01141,21,M,Yerevan,596180,casino_live,2022-04-07,regular,0
P01142,30,M,Yerevan,130489,crash_aviator,2023-09-13,recreational,0
P01143,34,M,Yerevan,123975,casino_slots,2022-02-25,recreational,0
P01144,31,F,Yerevan,155923,sports_football,2023-09-15,recreational,0
P01145,33,M,Armavir_region,211732,sports_football,2024-09-11,recreational,0
P01146,32,M,Yerevan,120122,sports_basketball,2024-07-25,regular,0
P01147,25,M,Yerevan,237142,sports_football,2024-09-22,recreational,0
P01148,50,M,Vanadzor,120272,sports_football,2024-01-16,regular,0
P01149,35,M,Yerevan,343650,sports_football,2023-10-20,recreational,0
P01150,31,M,Ararat_region,381095,sports_football,2023-08-17,regular,0
P01151,34,M,Yerevan,1335594,keno_lottery,2023-07-10,at_risk,1
P01152,32,M,Yerevan,418242,sports_basketball,2022-05-28,regular,0
P01153,27,M,Armavir_region,282761,sports_football,2024-11-20,at_risk,1
P01154,26,M,Yerevan,173397,sports_basketball,2022-04-21,regular,0
P01155,27,F,Vanadzor,202837,sports_football,2024-03-23,recreational,0
P01156,32,M,Yerevan,177298,casino_slots,2022-02-21,recreational,0
P01157,35,M,Vanadzor,325716,casino_slots,2024-07-12,recreational,0
P01158,37,F,Yerevan,160392,sports_football,2024-08-18,regular,0
P01159,33,M,Yerevan,494431,casino_slots,2024-07-26,recreational,0
P01160,31,M,Yerevan,854295,sports_football,2024-01-22,at_risk,1
P01161,32,F,Lori_region,162584,casino_slots,2022-03-06,recreational,0
P01162,33,M,Yerevan,823433,keno_lottery,2023-07-28,regular,0
P01163,30,M,Yerevan,121680,poker,2024-06-10,recreational,0
P01164,33,F,Ararat_region,404174,sports_football,2023-01-19,at_risk,1
P01165,43,M,Yerevan,95080,casino_live,2023-06-10,recreational,0
P01166,37,M,Yerevan,453158,crash_aviator,2022-11-15,recreational,0
P01167,39,M,Yerevan,104205,crash_aviator,2022-10-05,regular,0
P01168,31,M,Yerevan,87596,sports_football,2022-08-18,recreational,0
P01169,39,M,Yerevan,131053,sports_other,2024-06-24,recreational,0
P01170,46,M,Yerevan,619049,sports_football,2023-06-23,regular,0
P01171,53,F,Yerevan,496556,sports_football,2023-01-31,regular,0
P01172,39,M,Yerevan,191327,casino_slots,2023-04-20,recreational,0
P01173,30,M,Yerevan,299592,sports_other,2022-02-01,recreational,0
P01174,39,F,Yerevan,169907,sports_football,2022-02-13,recreational,0
P01175,36,F,Yerevan,222332,crash_aviator,2022-07-22,recreational,0
P01176,56,M,Yerevan,411093,sports_other,2024-03-22,recreational,0
P01177,40,M,Yerevan,159118,table_games,2023-05-19,recreational,0
P01178,29,M,Yerevan,122703,crash_aviator,2022-07-30,recreational,0
P01179,49,F,Yerevan,227726,crash_aviator,2024-02-21,recreational,0
P01180,42,M,Yerevan,436572,crash_aviator,2022-11-05,regular,0
P01181,22,M,Yerevan,190220,sports_football,2024-03-12,recreational,0
P01182,40,M,Ararat_region,297272,sports_football,2024-07-06,recreational,0
P01183,40,M,Yerevan,304007,keno_lottery,2024-03-22,at_risk,1
P01184,55,M,Kapan,302269,sports_football,2022-03-22,regular,0
P01185,28,F,Yerevan,217075,sports_basketball,2022-01-07,recreational,0
P01186,35,F,Yerevan,427984,casino_slots,2022-06-06,at_risk,1
P01187,31,M,Other,403264,sports_football,2024-02-18,recreational,0
P01188,26,M,Vanadzor,216531,sports_football,2022-08-25,recreational,0
P01189,32,M,Yerevan,154625,sports_other,2024-04-14,recreational,0
P01190,44,M,Yerevan,234381,sports_basketball,2024-07-20,recreational,0
P01191,36,M,Yerevan,298086,casino_slots,2024-03-02,recreational,0
P01192,53,M,Yerevan,265091,sports_football,2024-07-07,recreational,0
P01193,25,M,Yerevan,578882,sports_other,2023-01-20,at_risk,1
P01194,46,M,Yerevan,85109,sports_football,2022-12-06,recreational,0
P01195,51,M,Yerevan,51764,casino_slots,2024-10-26,recreational,0
P01196,31,M,Yerevan,340559,sports_football,2024-08-10,recreational,0
P01197,50,M,Yerevan,224166,sports_football,2023-07-11,recreational,0
P01198,34,M,Yerevan,411922,crash_aviator,2024-08-04,problem,1
P01199,41,M,Yerevan,424698,sports_football,2022-07-04,regular,0
P01200,46,M,Vanadzor,889959,casino_live,2023-10-03,regular,0
P01201,40,F,Yerevan,364936,sports_football,2023-09-20,recreational,0
P01202,27,F,Lori_region,291217,sports_football,2024-11-27,recreational,0
P01203,31,M,Gyumri,115537,sports_football,2022-11-16,recreational,0
P01204,35,M,Gyumri,123293,poker,2022-10-26,recreational,0
P01205,47,M,Yerevan,66883,sports_basketball,2022-09-19,regular,0
P01206,28,M,Vanadzor,247080,sports_football,2023-05-07,recreational,0
P01207,45,F,Lori_region,313334,casino_slots,2024-02-19,recreational,0
P01208,55,M,Gyumri,326375,sports_basketball,2024-09-10,recreational,0
P01209,36,M,Yerevan,252313,crash_aviator,2024-01-01,recreational,0
P01210,22,M,Yerevan,166655,table_games,2023-05-04,recreational,0
P01211,49,M,Yerevan,135750,casino_slots,2024-07-31,recreational,0
P01212,32,M,Yerevan,119137,sports_other,2024-10-06,recreational,0
P01213,32,F,Yerevan,165877,sports_basketball,2024-04-15,recreational,0
P01214,53,M,Kapan,155725,table_games,2024-09-18,regular,0
P01215,27,M,Yerevan,803006,sports_other,2024-11-17,regular,0
P01216,24,M,Yerevan,93857,sports_football,2023-07-04,recreational,0
P01217,34,F,Ararat_region,248777,keno_lottery,2022-10-01,regular,0
P01218,59,M,Yerevan,87624,keno_lottery,2023-06-19,regular,0
P01219,30,M,Yerevan,334529,sports_other,2024-08-27,regular,0
P01220,41,M,Gyumri,349416,sports_basketball,2023-12-07,at_risk,1
P01221,35,M,Kapan,226041,casino_live,2024-10-26,regular,0
P01222,39,M,Yerevan,112907,crash_aviator,2023-02-09,recreational,0
P01223,32,M,Yerevan,180222,sports_other,2024-03-29,recreational,0
P01224,31,M,Yerevan,137102,sports_basketball,2023-10-17,recreational,0
P01225,39,M,Yerevan,168094,sports_football,2022-04-17,recreational,0
P01226,29,M,Gyumri,2445346,sports_basketball,2023-03-18,problem,1
P01227,46,M,Kapan,196183,sports_football,2022-09-10,recreational,0
P01228,29,M,Yerevan,234954,crash_aviator,2023-11-26,recreational,0
P01229,58,F,Yerevan,252853,sports_football,2022-03-17,at_risk,1
P01230,41,M,Yerevan,174885,sports_basketball,2022-11-02,regular,0
P01231,48,M,Yerevan,177946,crash_aviator,2023-06-02,recreational,0
P01232,38,M,Yerevan,2019654,sports_basketball,2023-03-27,at_risk,1
P01233,33,M,Yerevan,155904,sports_football,2023-02-08,recreational,0
P01234,32,M,Vanadzor,215654,keno_lottery,2024-06-15,recreational,0
P01235,40,M,Yerevan,118956,sports_football,2024-03-09,recreational,0
P01236,35,M,Yerevan,50868,poker,2022-12-03,at_risk,1
P01237,47,M,Yerevan,121273,sports_football,2023-08-21,recreational,0
P01238,46,F,Kapan,591885,sports_basketball,2022-08-21,recreational,0
P01239,45,M,Lori_region,242415,casino_slots,2023-05-22,recreational,0
P01240,46,F,Yerevan,749453,sports_basketball,2024-09-23,regular,0
P01241,43,M,Yerevan,151274,casino_slots,2022-12-25,recreational,0
P01242,35,M,Gyumri,55398,sports_football,2023-02-22,recreational,0
P01243,31,M,Yerevan,154844,casino_slots,2023-11-10,problem,1
P01244,32,M,Yerevan,355315,sports_football,2022-08-14,regular,0
P01245,42,M,Yerevan,202707,crash_aviator,2023-11-25,recreational,0
P01246,29,M,Ararat_region,179064,casino_slots,2024-08-02,recreational,0
P01247,43,F,Yerevan,138080,sports_other,2024-07-26,recreational,0
P01248,27,F,Yerevan,287958,sports_football,2022-04-17,recreational,0
P01249,42,M,Yerevan,140090,sports_other,2023-10-29,recreational,0
P01250,38,M,Yerevan,336797,casino_slots,2023-09-18,regular,0
P01251,30,M,Yerevan,198467,sports_football,2024-01-12,recreational,0
P01252,27,F,Ararat_region,224458,casino_slots,2022-10-09,regular,0
P01253,53,M,Gyumri,115851,sports_football,2023-02-27,recreational,0
P01254,39,M,Yerevan,216673,sports_football,2022-04-20,regular,0
P01255,29,M,Yerevan,459329,casino_live,2022-04-25,recreational,0
P01256,52,M,Vanadzor,313933,sports_football,2022-01-14,recreational,0
P01257,49,M,Gyumri,299811,sports_football,2023-12-18,recreational,0
P01258,43,M,Yerevan,121477,casino_slots,2023-03-22,recreational,0
P01259,28,M,Yerevan,87717,casino_live,2023-11-29,recreational,0
P01260,31,M,Yerevan,540604,sports_football,2022-11-13,regular,0
P01261,23,M,Yerevan,659360,sports_football,2022-09-28,at_risk,1
P01262,29,M,Yerevan,192786,sports_other,2024-03-09,recreational,0
P01263,34,F,Yerevan,149558,casino_slots,2022-06-01,recreational,0
P01264,38,M,Yerevan,86573,sports_other,2024-01-29,recreational,0
P01265,44,M,Kapan,471175,casino_slots,2022-01-20,regular,0
P01266,30,M,Vanadzor,325716,casino_live,2022-06-10,recreational,0
P01267,24,M,Kapan,128177,keno_lottery,2024-11-13,recreational,0
P01268,27,F,Yerevan,122935,sports_basketball,2023-10-05,recreational,0
P01269,43,M,Yerevan,334785,sports_football,2023-10-16,recreational,0
P01270,50,F,Yerevan,130585,sports_football,2022-07-11,recreational,0
P01271,34,M,Yerevan,438117,sports_football,2022-10-23,recreational,0
P01272,36,M,Yerevan,170448,sports_basketball,2024-10-10,recreational,0
P01273,48,M,Yerevan,222039,poker,2022-06-21,regular,0
P01274,35,M,Lori_region,184106,sports_basketball,2024-04-14,recreational,0
P01275,33,M,Ararat_region,148360,sports_football,2023-11-05,recreational,0
P01276,44,F,Yerevan,316101,casino_slots,2024-06-04,recreational,0
P01277,45,F,Gyumri,476409,table_games,2024-06-18,regular,0
P01278,35,M,Yerevan,537890,sports_football,2023-05-21,regular,0
P01279,44,F,Yerevan,197397,crash_aviator,2024-09-03,recreational,0
P01280,30,F,Yerevan,212933,crash_aviator,2024-09-08,regular,0
P01281,36,M,Yerevan,179186,sports_basketball,2022-08-19,recreational,0
P01282,39,M,Yerevan,145490,casino_slots,2023-12-02,recreational,0
P01283,29,M,Yerevan,675024,sports_other,2023-01-12,regular,0
P01284,30,M,Yerevan,510890,sports_football,2022-01-17,regular,0
P01285,33,M,Other,171949,sports_other,2024-10-09,recreational,0
P01286,44,F,Yerevan,113264,sports_football,2022-08-10,recreational,0
P01287,48,M,Yerevan,388921,casino_live,2024-08-08,recreational,0
P01288,48,M,Yerevan,192732,crash_aviator,2022-09-14,recreational,0
P01289,46,M,Yerevan,319519,sports_football,2024-01-12,at_risk,1
P01290,32,M,Yerevan,390639,casino_slots,2024-07-12,recreational,0
P01291,55,M,Yerevan,265417,sports_football,2024-04-03,problem,1
P01292,23,M,Ararat_region,153468,sports_football,2023-11-10,recreational,0
P01293,45,M,Yerevan,243797,casino_slots,2022-10-17,regular,0
P01294,40,M,Yerevan,139259,sports_football,2022-12-09,at_risk,1
P01295,26,M,Yerevan,338401,crash_aviator,2022-10-19,regular,0
P01296,34,M,Kapan,122951,sports_football,2024-11-09,recreational,0
P01297,38,M,Yerevan,135314,crash_aviator,2022-01-29,recreational,0
P01298,27,M,Yerevan,126563,sports_basketball,2023-08-28,recreational,0
P01299,36,M,Other,134212,sports_basketball,2024-08-06,recreational,0
P01300,28,M,Yerevan,197400,casino_live,2022-03-20,problem,1
P01301,40,F,Yerevan,203683,casino_slots,2022-08-11,recreational,0
P01302,41,M,Yerevan,166527,sports_football,2024-09-06,recreational,0
P01303,25,F,Yerevan,184373,crash_aviator,2023-08-25,recreational,0
P01304,37,F,Other,583971,sports_basketball,2022-04-12,recreational,0
P01305,42,M,Yerevan,166530,sports_football,2022-12-06,recreational,0
P01306,23,M,Yerevan,243576,sports_basketball,2024-05-09,recreational,0
P01307,41,M,Yerevan,430970,casino_slots,2022-11-18,regular,0
P01308,45,F,Yerevan,174431,casino_slots,2024-05-15,recreational,0
P01309,53,M,Yerevan,206408,crash_aviator,2023-11-24,recreational,0
P01310,40,M,Ararat_region,181873,casino_slots,2024-05-08,recreational,0
P01311,28,M,Yerevan,199185,sports_football,2022-11-25,recreational,0
P01312,39,M,Ararat_region,134249,sports_football,2022-03-17,recreational,0
P01313,40,M,Vanadzor,140590,sports_football,2024-10-16,recreational,0
P01314,45,M,Yerevan,181529,casino_live,2023-03-01,recreational,0
P01315,51,M,Gyumri,85768,sports_football,2024-03-13,regular,0
P01316,38,F,Gyumri,380312,casino_slots,2022-09-25,recreational,0
P01317,37,M,Yerevan,530270,casino_slots,2024-07-07,recreational,0
P01318,37,M,Yerevan,394326,crash_aviator,2023-11-08,at_risk,1
P01319,35,M,Yerevan,557667,sports_football,2024-04-27,at_risk,1
P01320,40,F,Yerevan,309045,sports_football,2022-05-17,recreational,0
P01321,28,M,Gyumri,127492,poker,2024-09-06,problem,1
P01322,45,F,Yerevan,488704,casino_slots,2023-03-24,regular,0
P01323,41,M,Yerevan,145436,sports_other,2024-07-27,recreational,0
P01324,38,F,Yerevan,565844,casino_live,2023-03-05,recreational,0
P01325,28,M,Yerevan,163830,poker,2022-09-07,recreational,0
P01326,27,M,Vanadzor,283453,sports_football,2022-09-23,recreational,0
P01327,47,M,Vanadzor,308908,poker,2024-10-28,at_risk,1
P01328,53,F,Kapan,539856,sports_football,2022-09-01,recreational,0
P01329,40,F,Yerevan,139321,table_games,2024-01-21,recreational,0
P01330,57,M,Yerevan,322306,sports_football,2022-12-07,recreational,0
P01331,46,M,Kapan,246237,sports_football,2022-02-10,recreational,0
P01332,29,M,Yerevan,356871,sports_football,2024-07-29,regular,0
P01333,38,M,Yerevan,201837,crash_aviator,2023-11-12,recreational,0
P01334,33,M,Yerevan,128953,table_games,2022-05-24,recreational,0
P01335,41,M,Yerevan,49399,sports_football,2024-07-05,recreational,0
P01336,37,M,Yerevan,533482,sports_basketball,2024-02-29,regular,0
P01337,44,M,Yerevan,208823,sports_football,2023-04-28,regular,0
P01338,44,F,Yerevan,323034,sports_football,2022-01-07,recreational,0
P01339,31,M,Ararat_region,214606,crash_aviator,2024-01-24,recreational,0
P01340,37,M,Yerevan,328023,sports_football,2023-10-19,recreational,0
P01341,39,M,Yerevan,268783,keno_lottery,2022-08-08,recreational,0
P01342,41,M,Yerevan,52489,keno_lottery,2024-07-28,recreational,0
P01343,48,M,Yerevan,244791,sports_football,2023-12-20,recreational,0
P01344,28,M,Yerevan,275162,casino_slots,2024-01-01,at_risk,1
P01345,30,M,Lori_region,322293,table_games,2023-10-02,recreational,0
P01346,30,M,Yerevan,241909,crash_aviator,2023-04-02,recreational,0
P01347,47,M,Yerevan,533795,casino_live,2024-04-10,at_risk,1
P01348,44,M,Kapan,157093,sports_football,2023-10-13,recreational,0
P01349,30,M,Yerevan,184769,sports_football,2022-04-01,at_risk,1
P01350,37,M,Yerevan,144968,crash_aviator,2022-07-04,recreational,0
P01351,25,M,Yerevan,99286,sports_basketball,2022-02-18,at_risk,1
P01352,26,M,Yerevan,133993,casino_slots,2022-12-07,recreational,0
P01353,28,M,Yerevan,116314,casino_live,2023-03-23,regular,0
P01354,46,M,Yerevan,118172,sports_other,2024-04-19,regular,0
P01355,43,F,Gyumri,190794,sports_football,2024-06-16,recreational,0
P01356,30,M,Yerevan,235093,sports_basketball,2023-05-09,recreational,0
P01357,32,M,Yerevan,177161,poker,2023-09-28,recreational,0
P01358,28,M,Kapan,140269,sports_basketball,2022-08-17,recreational,0
P01359,29,M,Other,179036,sports_football,2024-11-22,problem,1
P01360,32,M,Yerevan,153601,keno_lottery,2022-04-28,recreational,0
P01361,39,M,Armavir_region,170964,casino_live,2024-06-04,regular,0
P01362,36,M,Vanadzor,174433,casino_slots,2023-10-09,recreational,0
P01363,23,M,Yerevan,84116,crash_aviator,2023-11-19,recreational,0
P01364,28,M,Yerevan,789532,sports_basketball,2022-03-24,problem,1
P01365,43,M,Yerevan,135564,table_games,2022-10-27,recreational,0
P01366,38,M,Yerevan,217258,crash_aviator,2024-10-25,recreational,0
P01367,32,M,Yerevan,280498,sports_football,2022-06-08,recreational,0
P01368,41,M,Yerevan,212065,sports_basketball,2022-12-13,recreational,0
P01369,32,M,Gyumri,268411,sports_football,2024-09-21,recreational,0
P01370,44,M,Yerevan,64048,casino_slots,2022-08-23,recreational,0
P01371,39,F,Yerevan,140686,casino_slots,2024-10-27,recreational,0
P01372,33,F,Ararat_region,542743,casino_slots,2023-09-07,regular,0
P01373,57,F,Other,232194,keno_lottery,2024-06-13,recreational,0
P01374,35,M,Gyumri,453588,sports_other,2024-11-21,recreational,0
P01375,47,M,Yerevan,422060,crash_aviator,2023-04-17,recreational,0
P01376,45,M,Yerevan,209088,casino_slots,2022-12-02,recreational,0
P01377,28,M,Yerevan,240712,casino_slots,2023-07-11,regular,0
P01378,31,M,Yerevan,111468,sports_football,2023-12-04,recreational,0
P01379,51,M,Yerevan,141890,casino_slots,2023-06-05,recreational,0
P01380,33,F,Armavir_region,146765,casino_slots,2024-06-24,recreational,0
P01381,39,M,Yerevan,133798,sports_football,2024-10-10,recreational,0
P01382,31,M,Yerevan,113726,crash_aviator,2024-06-18,recreational,0
P01383,41,M,Yerevan,220026,sports_other,2024-10-06,recreational,0
P01384,31,M,Yerevan,420429,sports_basketball,2022-09-05,recreational,0
P01385,45,M,Yerevan,287030,crash_aviator,2023-02-23,recreational,0
P01386,40,M,Yerevan,153200,sports_basketball,2024-05-17,recreational,0
P01387,42,M,Yerevan,298859,casino_slots,2023-04-06,recreational,0
P01388,47,M,Kapan,214066,casino_slots,2023-07-06,recreational,0
P01389,39,M,Yerevan,176374,sports_football,2024-08-06,recreational,0
P01390,34,M,Yerevan,263200,sports_other,2022-02-03,regular,0
P01391,27,M,Other,162876,sports_football,2022-03-10,recreational,0
P01392,45,M,Yerevan,249258,sports_football,2022-09-16,recreational,0
P01393,48,F,Yerevan,193020,casino_slots,2022-07-25,recreational,0
P01394,54,M,Yerevan,125054,sports_football,2023-04-30,recreational,0
P01395,43,M,Yerevan,122062,keno_lottery,2022-07-30,recreational,0
P01396,28,F,Yerevan,209748,sports_basketball,2023-05-20,recreational,0
P01397,51,M,Yerevan,223025,sports_football,2024-06-09,recreational,0
P01398,33,F,Yerevan,153913,keno_lottery,2024-06-07,recreational,0
P01399,32,M,Yerevan,102202,sports_other,2022-06-07,recreational,0
P01400,41,M,Yerevan,336447,casino_slots,2023-08-15,recreational,0
P01401,31,M,Gyumri,302554,casino_live,2022-10-18,recreational,0
P01402,42,M,Kapan,66638,poker,2024-07-01,recreational,0
P01403,33,M,Yerevan,625493,sports_football,2023-08-14,regular,0
P01404,48,M,Yerevan,302370,sports_football,2024-09-04,at_risk,1
P01405,43,M,Yerevan,197937,table_games,2024-04-11,recreational,0
P01406,28,M,Yerevan,318005,sports_football,2024-08-08,recreational,0
P01407,45,M,Yerevan,411260,casino_live,2024-04-25,recreational,0
P01408,35,M,Vanadzor,511071,casino_slots,2023-02-25,regular,0
P01409,57,M,Yerevan,203054,casino_slots,2024-11-27,recreational,0
P01410,34,F,Yerevan,90481,crash_aviator,2024-05-10,recreational,0
P01411,42,M,Yerevan,83017,table_games,2022-11-28,regular,0
P01412,36,F,Vanadzor,279230,sports_football,2024-06-26,recreational,0
P01413,31,M,Yerevan,352120,casino_slots,2023-04-21,recreational,0
P01414,35,M,Yerevan,119777,casino_live,2022-05-24,recreational,0
P01415,45,M,Other,157286,sports_football,2022-08-25,recreational,0
P01416,34,F,Yerevan,200423,poker,2024-07-26,regular,0
P01417,30,M,Yerevan,134425,sports_other,2024-06-28,recreational,0
P01418,43,F,Yerevan,308104,sports_football,2022-11-12,recreational,0
P01419,32,F,Yerevan,200767,crash_aviator,2023-11-29,recreational,0
P01420,45,M,Yerevan,160512,keno_lottery,2023-09-15,recreational,0
P01421,42,M,Yerevan,1379259,sports_football,2023-07-14,regular,0
P01422,39,M,Yerevan,118408,casino_live,2023-03-27,regular,0
P01423,44,M,Yerevan,513613,sports_football,2023-08-12,at_risk,1
P01424,52,M,Gyumri,149217,sports_football,2024-11-08,regular,0
P01425,40,F,Yerevan,166374,sports_football,2024-08-24,recreational,0
P01426,33,M,Armavir_region,193887,crash_aviator,2024-12-02,recreational,0
P01427,48,M,Other,274583,sports_football,2024-02-24,recreational,0
P01428,43,M,Gyumri,157964,sports_football,2022-07-16,recreational,0
P01429,41,M,Yerevan,149827,casino_live,2022-02-02,recreational,0
P01430,26,F,Yerevan,156556,sports_basketball,2023-07-15,recreational,0
P01431,44,M,Yerevan,104897,sports_football,2024-11-03,recreational,0
P01432,36,F,Yerevan,409188,sports_football,2024-09-18,regular,0
P01433,23,M,Yerevan,207187,crash_aviator,2022-07-19,recreational,0
P01434,22,M,Yerevan,223753,casino_slots,2023-12-03,recreational,0
P01435,32,M,Yerevan,268557,casino_live,2022-05-09,regular,0
P01436,23,M,Yerevan,163452,sports_football,2023-06-12,recreational,0
P01437,38,M,Kapan,324004,sports_other,2022-05-11,recreational,0
P01438,26,F,Yerevan,300020,crash_aviator,2024-07-11,recreational,0
P01439,34,F,Yerevan,654368,sports_football,2022-06-03,regular,0
P01440,33,M,Yerevan,454296,sports_football,2023-05-01,at_risk,1
P01441,29,M,Yerevan,353997,sports_basketball,2023-08-25,recreational,0
P01442,33,F,Yerevan,146191,sports_basketball,2023-05-19,recreational,0
P01443,33,F,Yerevan,162801,sports_football,2023-12-20,recreational,0
P01444,46,M,Yerevan,327179,keno_lottery,2023-03-01,recreational,0
P01445,53,M,Yerevan,464445,sports_other,2022-09-04,regular,0
P01446,48,F,Yerevan,155669,casino_slots,2022-07-24,recreational,0
P01447,28,M,Other,149461,sports_football,2022-01-26,regular,0
P01448,46,M,Gyumri,303432,casino_slots,2023-09-20,at_risk,1
P01449,48,M,Yerevan,127807,casino_slots,2022-09-06,recreational,0
P01450,24,M,Yerevan,1170382,keno_lottery,2022-05-01,at_risk,1
P01451,32,F,Yerevan,263217,sports_basketball,2024-11-14,recreational,0
P01452,44,M,Gyumri,122731,crash_aviator,2023-07-16,recreational,0
P01453,31,M,Yerevan,149575,sports_football,2022-11-17,regular,0
P01454,47,F,Yerevan,121973,casino_slots,2023-08-04,recreational,0
P01455,41,F,Ararat_region,236691,keno_lottery,2024-08-18,at_risk,1
P01456,42,F,Yerevan,165605,casino_slots,2023-01-04,recreational,0
P01457,52,F,Yerevan,314263,casino_live,2023-09-27,recreational,0
P01458,47,M,Yerevan,156786,poker,2023-02-14,regular,0
P01459,27,F,Yerevan,565509,keno_lottery,2024-12-01,recreational,0
P01460,31,F,Yerevan,112315,sports_football,2024-11-20,recreational,0
P01461,40,M,Gyumri,88982,sports_football,2023-03-01,recreational,0
P01462,30,M,Yerevan,418681,casino_slots,2022-01-21,recreational,0
P01463,41,M,Yerevan,348481,table_games,2023-01-21,recreational,0
P01464,40,M,Yerevan,250982,sports_other,2022-03-05,regular,0
P01465,27,M,Lori_region,217810,sports_basketball,2022-06-14,recreational,0
P01466,39,M,Yerevan,357355,casino_slots,2024-02-07,regular,0
P01467,30,M,Yerevan,303936,sports_football,2024-08-15,regular,0
P01468,33,M,Yerevan,94134,sports_football,2023-04-18,recreational,0
P01469,39,M,Yerevan,52038,sports_football,2023-02-11,recreational,0
P01470,47,F,Ararat_region,117989,sports_football,2022-09-04,recreational,0
P01471,28,M,Lori_region,832541,casino_live,2023-05-28,regular,0
P01472,46,M,Kapan,455167,sports_basketball,2022-03-28,recreational,0
P01473,40,M,Kapan,157912,sports_football,2022-06-18,recreational,0
P01474,39,F,Yerevan,178995,casino_slots,2023-03-20,at_risk,1
P01475,34,F,Yerevan,206855,sports_basketball,2023-04-25,recreational,0
P01476,40,M,Yerevan,224180,sports_basketball,2024-11-12,recreational,0
P01477,29,M,Yerevan,721190,sports_football,2022-08-24,problem,1
P01478,33,M,Yerevan,50879,sports_football,2022-12-09,recreational,0
P01479,45,M,Gyumri,872912,casino_live,2022-04-23,recreational,0
P01480,40,M,Yerevan,317093,sports_football,2024-08-25,recreational,0
P01481,42,M,Yerevan,248656,sports_football,2024-06-30,regular,0
P01482,61,M,Yerevan,181945,sports_football,2022-12-19,regular,0
P01483,33,M,Kapan,506322,sports_basketball,2023-06-30,regular,0
P01484,42,M,Gyumri,655967,sports_football,2023-03-18,problem,1
P01485,28,M,Yerevan,188487,sports_basketball,2023-08-28,recreational,0
P01486,52,M,Vanadzor,226359,sports_football,2023-01-20,recreational,0
P01487,35,M,Vanadzor,170136,sports_football,2023-01-01,recreational,0
P01488,37,M,Yerevan,463700,poker,2024-05-15,at_risk,1
P01489,24,M,Vanadzor,581952,sports_football,2022-09-15,at_risk,1
P01490,37,F,Yerevan,213709,sports_football,2023-06-26,recreational,0
P01491,28,M,Yerevan,333400,casino_slots,2023-03-30,regular,0
P01492,55,M,Yerevan,361184,sports_football,2023-02-13,recreational,0
P01493,35,M,Yerevan,80996,crash_aviator,2022-10-02,recreational,0
P01494,29,M,Yerevan,120785,sports_football,2024-01-18,recreational,0
P01495,36,F,Yerevan,356568,sports_other,2024-11-25,at_risk,1
P01496,31,F,Yerevan,124964,keno_lottery,2024-05-23,recreational,0
P01497,22,M,Yerevan,147664,sports_football,2022-02-08,recreational,0
P01498,36,F,Yerevan,862084,sports_football,2024-04-09,at_risk,1
P01499,28,M,Yerevan,167080,casino_slots,2024-03-12,recreational,0
P01500,37,F,Yerevan,72121,table_games,2022-06-03,recreational,0
P01501,50,F,Yerevan,145662,sports_basketball,2024-03-26,recreational,0
P01502,46,M,Kapan,185307,casino_slots,2023-07-27,recreational,0
P01503,48,M,Ararat_region,183608,sports_football,2023-11-04,recreational,0
P01504,38,M,Yerevan,237692,casino_slots,2022-12-29,recreational,0
P01505,36,M,Yerevan,372197,sports_football,2023-03-10,regular,0
P01506,26,F,Yerevan,167929,casino_slots,2023-06-03,recreational,0
P01507,41,M,Other,99130,sports_football,2023-06-17,recreational,0
P01508,49,M,Yerevan,214886,casino_slots,2022-06-28,regular,0
P01509,39,F,Yerevan,131837,sports_football,2023-03-24,recreational,0
P01510,60,M,Yerevan,235975,casino_live,2023-06-10,regular,0
P01511,38,M,Yerevan,423897,casino_live,2022-05-02,regular,0
P01512,48,M,Yerevan,464427,crash_aviator,2024-08-25,at_risk,1
P01513,33,F,Yerevan,271771,table_games,2022-06-29,recreational,0
P01514,33,M,Yerevan,148549,sports_other,2024-05-06,recreational,0
P01515,31,M,Yerevan,692152,casino_slots,2023-12-15,regular,0
P01516,30,M,Yerevan,560551,sports_football,2024-11-18,at_risk,1
P01517,50,F,Yerevan,464641,poker,2023-04-04,problem,1
P01518,26,M,Kapan,243381,casino_slots,2022-07-01,recreational,0
P01519,29,M,Yerevan,128391,sports_other,2023-10-23,recreational,0
P01520,56,F,Lori_region,62714,sports_other,2022-12-27,recreational,0
P01521,47,M,Yerevan,132902,casino_live,2023-10-11,recreational,0
P01522,34,M,Kapan,438458,crash_aviator,2022-09-16,regular,0
P01523,40,M,Armavir_region,293806,crash_aviator,2022-01-04,regular,0
P01524,35,M,Vanadzor,168097,casino_slots,2022-11-02,recreational,0
P01525,46,M,Vanadzor,193339,sports_basketball,2023-12-06,at_risk,1
P01526,31,M,Yerevan,67697,keno_lottery,2022-07-08,recreational,0
P01527,29,M,Yerevan,367007,casino_slots,2024-10-23,recreational,0
P01528,33,M,Yerevan,162229,casino_slots,2022-01-16,recreational,0
P01529,49,M,Yerevan,145211,casino_slots,2022-06-22,recreational,0
P01530,26,M,Other,187130,casino_slots,2023-01-07,regular,0
P01531,46,M,Yerevan,337046,casino_live,2023-02-10,recreational,0
P01532,36,F,Yerevan,279676,casino_slots,2024-03-09,recreational,0
P01533,31,F,Armavir_region,110979,poker,2023-08-31,recreational,0
P01534,50,M,Yerevan,322218,crash_aviator,2024-08-17,recreational,0
P01535,29,F,Yerevan,167406,sports_other,2023-12-08,recreational,0
P01536,45,F,Yerevan,132646,sports_football,2023-03-15,recreational,0
P01537,47,M,Gyumri,155423,casino_slots,2023-11-13,recreational,0
P01538,38,F,Kapan,121669,casino_slots,2022-09-04,recreational,0
P01539,60,F,Yerevan,126756,casino_slots,2022-06-08,regular,0
P01540,28,M,Yerevan,265343,poker,2023-04-14,recreational,0
P01541,30,M,Yerevan,161193,sports_football,2023-12-05,recreational,0
P01542,42,M,Yerevan,245074,sports_football,2024-01-14,recreational,0
P01543,49,M,Yerevan,207797,crash_aviator,2023-04-30,recreational,0
P01544,54,M,Lori_region,236803,keno_lottery,2022-10-28,recreational,0
P01545,51,M,Yerevan,64713,sports_other,2024-07-21,recreational,0
P01546,43,M,Yerevan,166456,sports_football,2023-08-13,regular,0
P01547,50,M,Yerevan,239281,sports_other,2023-08-21,recreational,0
P01548,25,F,Yerevan,95158,sports_other,2024-02-01,recreational,0
P01549,29,M,Yerevan,587581,casino_slots,2024-03-24,problem,1
P01550,26,M,Yerevan,89802,sports_football,2022-06-21,recreational,0
P01551,38,M,Yerevan,181486,sports_football,2023-08-30,recreational,0
P01552,41,M,Armavir_region,402603,casino_slots,2023-03-30,recreational,0
P01553,28,M,Yerevan,265140,casino_slots,2024-10-23,recreational,0
P01554,43,M,Yerevan,71349,casino_slots,2024-02-05,recreational,0
P01555,36,M,Gyumri,465826,sports_basketball,2024-04-08,regular,0
P01556,36,M,Yerevan,447679,sports_basketball,2023-12-19,recreational,0
P01557,40,M,Yerevan,1499668,sports_basketball,2022-06-20,regular,0
P01558,37,M,Yerevan,488083,keno_lottery,2023-04-04,at_risk,1
P01559,36,M,Yerevan,90990,sports_basketball,2022-04-17,recreational,0
P01560,26,M,Yerevan,363434,casino_slots,2023-09-09,regular,0
P01561,27,M,Yerevan,399804,casino_slots,2022-09-04,recreational,0
P01562,25,M,Yerevan,163926,poker,2024-06-15,recreational,0
P01563,30,M,Yerevan,523562,sports_basketball,2022-07-18,regular,0
P01564,46,M,Yerevan,118292,sports_other,2023-02-21,recreational,0
P01565,30,M,Yerevan,587204,crash_aviator,2024-10-22,problem,1
P01566,33,M,Yerevan,51840,sports_football,2022-11-30,recreational,0
P01567,40,F,Lori_region,111921,casino_slots,2023-07-11,recreational,0
P01568,36,M,Yerevan,179450,sports_basketball,2024-12-02,recreational,0
P01569,32,M,Yerevan,150097,table_games,2022-06-14,recreational,0
P01570,41,M,Yerevan,93939,casino_live,2023-05-11,recreational,0
P01571,40,M,Yerevan,140208,sports_football,2023-02-25,recreational,0
P01572,46,M,Yerevan,212254,crash_aviator,2023-03-29,recreational,0
P01573,32,M,Yerevan,172404,casino_live,2024-08-28,recreational,0
P01574,33,M,Yerevan,443678,casino_slots,2023-12-15,problem,1
P01575,36,M,Yerevan,259548,sports_football,2022-11-16,recreational,0
P01576,30,M,Gyumri,151620,sports_football,2023-12-08,recreational,0
P01577,23,F,Yerevan,632890,casino_slots,2022-05-01,regular,0
P01578,40,M,Yerevan,154660,sports_other,2023-12-30,regular,0
P01579,50,M,Yerevan,890329,crash_aviator,2023-08-01,regular,0
P01580,36,M,Yerevan,762849,sports_football,2023-08-16,at_risk,1
P01581,36,M,Yerevan,150650,casino_slots,2024-11-12,recreational,0
P01582,31,M,Yerevan,155757,sports_football,2022-07-22,recreational,0
P01583,49,M,Gyumri,199602,casino_slots,2024-07-11,recreational,0
P01584,24,M,Yerevan,242813,sports_football,2023-07-22,recreational,0
P01585,48,M,Yerevan,539973,sports_basketball,2022-04-11,regular,0
P01586,48,M,Yerevan,92080,sports_football,2022-01-09,recreational,0
P01587,36,M,Yerevan,475394,casino_slots,2024-04-01,at_risk,1
P01588,30,M,Gyumri,78640,sports_football,2023-10-29,regular,0
P01589,43,M,Yerevan,164730,crash_aviator,2023-04-10,recreational,0
P01590,43,M,Yerevan,372379,sports_football,2022-11-19,recreational,0
P01591,39,M,Gyumri,117262,casino_slots,2024-03-11,problem,1
P01592,25,M,Yerevan,107259,casino_slots,2023-04-28,regular,0
P01593,51,F,Yerevan,319663,sports_football,2022-06-28,regular,0
P01594,34,M,Yerevan,643709,sports_football,2022-09-13,regular,0
P01595,42,M,Yerevan,211803,sports_football,2022-07-11,recreational,0
P01596,24,M,Yerevan,69453,casino_slots,2022-05-01,recreational,0
P01597,25,M,Kapan,77586,keno_lottery,2022-05-30,recreational,0
P01598,26,M,Lori_region,296912,sports_football,2023-06-07,regular,0
P01599,43,M,Yerevan,99817,casino_live,2022-01-30,recreational,0
P01600,49,M,Armavir_region,192732,casino_live,2023-06-25,recreational,0
P01601,25,M,Other,501022,casino_slots,2022-11-08,problem,1
P01602,38,F,Yerevan,140904,casino_slots,2022-03-05,recreational,0
P01603,51,M,Gyumri,831842,keno_lottery,2024-10-17,regular,0
P01604,23,M,Yerevan,241819,casino_slots,2022-03-14,recreational,0
P01605,51,M,Yerevan,329888,crash_aviator,2022-07-11,recreational,0
P01606,32,M,Yerevan,285216,sports_football,2022-01-06,recreational,0
P01607,52,F,Yerevan,166988,crash_aviator,2022-09-02,recreational,0
P01608,33,F,Vanadzor,249166,table_games,2024-06-19,regular,0
P01609,39,F,Yerevan,155112,keno_lottery,2024-01-16,recreational,0
P01610,35,M,Vanadzor,253030,sports_football,2024-11-29,recreational,0
P01611,30,M,Yerevan,130031,crash_aviator,2023-02-24,recreational,0
P01612,30,M,Yerevan,426441,sports_football,2023-08-25,recreational,0
P01613,34,M,Yerevan,123968,casino_slots,2023-07-16,recreational,0
P01614,40,F,Yerevan,200376,sports_basketball,2022-10-13,recreational,0
P01615,48,M,Yerevan,244042,casino_slots,2022-07-13,regular,0
P01616,34,M,Yerevan,213645,sports_basketball,2024-09-16,regular,0
P01617,50,M,Yerevan,533325,sports_football,2022-04-01,recreational,0
P01618,51,F,Yerevan,215155,sports_football,2023-11-01,regular,0
P01619,39,M,Yerevan,154562,sports_football,2022-09-24,recreational,0
P01620,36,M,Yerevan,219871,sports_other,2023-03-24,at_risk,1
P01621,42,M,Yerevan,183732,crash_aviator,2023-08-18,recreational,0
P01622,27,F,Yerevan,171109,casino_live,2024-04-20,recreational,0
P01623,28,M,Ararat_region,143056,crash_aviator,2024-05-15,regular,0
P01624,34,M,Yerevan,145587,crash_aviator,2022-10-16,recreational,0
P01625,33,M,Armavir_region,536311,sports_basketball,2023-12-26,at_risk,1
P01626,41,F,Yerevan,718254,casino_slots,2024-04-02,at_risk,1
P01627,34,F,Yerevan,182173,casino_slots,2024-11-26,recreational,0
P01628,54,M,Armavir_region,185389,sports_football,2022-06-21,recreational,0
P01629,27,M,Kapan,150274,casino_slots,2023-10-08,recreational,0
P01630,39,M,Yerevan,140013,casino_live,2023-11-28,recreational,0
P01631,33,M,Yerevan,113655,casino_slots,2023-11-03,recreational,0
P01632,48,M,Yerevan,117716,casino_live,2023-03-06,at_risk,1
P01633,55,M,Yerevan,126689,sports_football,2023-07-08,recreational,0
P01634,28,F,Gyumri,282869,casino_live,2023-05-03,recreational,0
P01635,24,M,Yerevan,145583,sports_football,2024-02-11,recreational,0
P01636,33,M,Yerevan,307612,poker,2024-01-22,problem,1
P01637,38,M,Yerevan,270993,sports_football,2022-05-29,at_risk,1
P01638,29,M,Yerevan,335396,sports_other,2023-08-23,recreational,0
P01639,33,M,Yerevan,113156,sports_other,2022-01-31,recreational,0
P01640,34,M,Yerevan,330637,sports_football,2022-06-16,regular,0
P01641,48,M,Ararat_region,173942,sports_basketball,2022-11-06,recreational,0
P01642,26,M,Yerevan,446477,sports_football,2023-04-29,problem,1
P01643,30,M,Yerevan,415291,casino_slots,2022-06-25,at_risk,1
P01644,33,M,Yerevan,289770,keno_lottery,2024-10-04,regular,0
P01645,38,M,Yerevan,267593,sports_football,2023-06-20,recreational,0
P01646,47,M,Yerevan,275128,casino_slots,2022-11-04,regular,0
P01647,35,M,Yerevan,2018669,crash_aviator,2024-08-09,problem,1
P01648,33,M,Lori_region,184048,sports_other,2024-05-22,recreational,0
P01649,26,M,Other,106219,crash_aviator,2024-09-24,at_risk,1
P01650,37,M,Kapan,247674,sports_other,2023-07-04,recreational,0
P01651,32,F,Vanadzor,597732,sports_other,2023-05-06,problem,1
P01652,29,M,Yerevan,285521,sports_football,2023-07-23,regular,0
P01653,32,M,Yerevan,158091,sports_football,2024-10-05,recreational,0
P01654,29,M,Yerevan,62530,casino_slots,2023-07-03,recreational,0
P01655,29,F,Vanadzor,68002,crash_aviator,2022-05-02,recreational,0
P01656,31,M,Yerevan,410229,sports_football,2024-10-30,recreational,0
P01657,32,F,Yerevan,232312,keno_lottery,2022-08-29,at_risk,1
P01658,31,M,Yerevan,291712,sports_basketball,2024-02-16,recreational,0
P01659,45,F,Yerevan,113956,sports_other,2024-09-14,at_risk,1
P01660,36,M,Yerevan,106647,poker,2024-10-09,recreational,0
P01661,27,M,Yerevan,420723,poker,2024-11-19,regular,0
P01662,28,M,Yerevan,382988,casino_slots,2023-09-18,problem,1
P01663,29,M,Yerevan,386600,sports_football,2023-06-21,regular,0
P01664,66,F,Vanadzor,277719,sports_football,2023-02-10,regular,0
P01665,33,F,Yerevan,348400,sports_football,2024-09-07,problem,1
P01666,36,M,Yerevan,128116,crash_aviator,2023-01-06,recreational,0
P01667,24,M,Yerevan,136782,sports_basketball,2022-10-07,regular,0
P01668,33,M,Yerevan,362965,casino_live,2024-09-25,recreational,0
P01669,51,M,Kapan,394103,sports_football,2022-12-14,recreational,0
P01670,31,M,Yerevan,107083,sports_other,2024-07-29,recreational,0
P01671,49,M,Lori_region,144365,sports_basketball,2023-08-23,regular,0
P01672,29,M,Yerevan,227267,casino_slots,2022-12-29,regular,0
P01673,36,F,Yerevan,213401,casino_slots,2022-05-20,recreational,0
P01674,37,M,Other,308173,table_games,2023-05-17,at_risk,1
P01675,30,M,Yerevan,231069,poker,2023-08-27,recreational,0
P01676,36,M,Vanadzor,338140,casino_live,2022-06-29,at_risk,1
P01677,45,F,Yerevan,169973,sports_football,2024-04-16,recreational,0
P01678,46,M,Yerevan,601542,keno_lottery,2024-04-28,recreational,0
P01679,52,M,Yerevan,138429,poker,2023-07-25,recreational,0
P01680,34,M,Yerevan,408679,poker,2024-07-27,recreational,0
P01681,45,F,Vanadzor,371069,sports_other,2024-11-09,recreational,0
P01682,31,M,Yerevan,378890,sports_football,2023-11-13,regular,0
P01683,53,F,Yerevan,88156,casino_live,2024-06-23,regular,0
P01684,29,M,Yerevan,182817,sports_basketball,2023-01-24,recreational,0
P01685,43,F,Yerevan,139158,sports_basketball,2023-04-28,recreational,0
P01686,33,M,Yerevan,181817,sports_basketball,2023-07-04,recreational,0
P01687,30,F,Lori_region,105792,casino_slots,2023-06-23,recreational,0
P01688,27,M,Yerevan,262719,sports_basketball,2024-08-19,recreational,0
P01689,45,M,Yerevan,294550,casino_live,2023-10-01,recreational,0
P01690,27,M,Yerevan,564988,casino_slots,2024-09-18,regular,0
P01691,46,M,Yerevan,267845,casino_slots,2023-11-21,at_risk,1
P01692,44,M,Yerevan,148285,sports_football,2022-12-12,regular,0
P01693,37,M,Yerevan,214605,keno_lottery,2022-01-17,recreational,0
P01694,53,M,Yerevan,433111,sports_basketball,2024-01-21,recreational,0
P01695,46,F,Vanadzor,186355,sports_other,2024-02-25,recreational,0
P01696,24,M,Yerevan,225677,sports_other,2022-12-21,recreational,0
P01697,39,F,Yerevan,160051,sports_basketball,2022-03-31,recreational,0
P01698,44,M,Ararat_region,246042,casino_slots,2024-01-23,at_risk,1
P01699,33,M,Kapan,250159,sports_football,2022-06-24,recreational,0
P01700,36,F,Armavir_region,170703,poker,2024-01-02,recreational,0
P01701,40,M,Yerevan,220240,sports_football,2023-01-22,recreational,0
P01702,35,M,Other,499290,table_games,2024-04-23,at_risk,1
P01703,31,M,Vanadzor,214158,casino_slots,2024-02-27,recreational,0
P01704,27,M,Vanadzor,391311,sports_football,2022-01-20,regular,0
P01705,54,M,Yerevan,117502,casino_slots,2023-10-15,recreational,0
P01706,34,M,Other,113971,sports_basketball,2024-11-15,recreational,0
P01707,41,F,Yerevan,272930,keno_lottery,2022-09-02,regular,0
P01708,33,M,Gyumri,178337,casino_live,2024-07-20,recreational,0
P01709,45,M,Yerevan,204669,casino_slots,2024-08-07,regular,0
P01710,35,M,Gyumri,203051,sports_other,2022-06-26,recreational,0
P01711,48,M,Gyumri,283458,table_games,2023-11-27,recreational,0
P01712,39,M,Yerevan,325940,casino_slots,2024-07-08,recreational,0
P01713,24,F,Yerevan,653372,casino_slots,2022-01-28,regular,0
P01714,30,M,Yerevan,127219,sports_basketball,2024-02-08,regular,0
P01715,37,M,Gyumri,100631,sports_basketball,2023-01-28,recreational,0
P01716,36,F,Yerevan,155732,casino_live,2024-02-27,recreational,0
P01717,46,M,Kapan,187373,casino_slots,2023-03-25,recreational,0
P01718,46,M,Vanadzor,159772,crash_aviator,2022-11-21,recreational,0
P01719,39,M,Yerevan,136543,casino_slots,2022-09-18,recreational,0
P01720,33,M,Yerevan,154586,casino_slots,2023-09-22,recreational,0
P01721,26,M,Yerevan,648873,sports_other,2023-02-16,problem,1
P01722,30,F,Ararat_region,92587,casino_live,2022-06-21,recreational,0
P01723,31,M,Yerevan,580933,sports_basketball,2022-06-22,recreational,0
P01724,33,M,Ararat_region,355181,crash_aviator,2022-09-28,at_risk,1
P01725,35,M,Other,304412,sports_basketball,2023-10-04,recreational,0
P01726,28,M,Yerevan,197707,casino_live,2023-05-17,regular,0
P01727,38,M,Gyumri,239878,poker,2022-02-06,recreational,0
P01728,25,F,Yerevan,189237,casino_live,2024-03-12,recreational,0
P01729,28,M,Yerevan,276265,sports_basketball,2022-11-26,recreational,0
P01730,35,F,Yerevan,162981,casino_live,2022-08-12,recreational,0
P01731,29,M,Yerevan,710329,sports_football,2023-07-09,regular,0
P01732,26,M,Yerevan,85364,sports_football,2022-05-25,recreational,0
P01733,52,M,Yerevan,289352,crash_aviator,2023-09-03,recreational,0
P01734,40,F,Yerevan,191008,crash_aviator,2022-06-26,recreational,0
P01735,31,M,Yerevan,108180,sports_football,2023-01-16,recreational,0
P01736,43,M,Yerevan,477703,keno_lottery,2024-10-08,recreational,0
P01737,44,M,Yerevan,848957,sports_other,2022-07-10,regular,0
P01738,37,M,Kapan,63817,poker,2022-11-20,recreational,0
P01739,48,F,Yerevan,196635,crash_aviator,2024-04-10,recreational,0
P01740,29,F,Yerevan,256156,poker,2022-11-14,recreational,0
P01741,35,M,Other,224485,crash_aviator,2023-06-07,recreational,0
P01742,46,M,Kapan,384030,table_games,2022-03-04,recreational,0
P01743,32,M,Yerevan,874171,casino_slots,2024-01-13,at_risk,1
P01744,51,M,Gyumri,328292,sports_football,2024-02-26,regular,0
P01745,33,M,Yerevan,1097787,sports_basketball,2024-10-01,regular,0
P01746,34,M,Gyumri,287545,casino_live,2022-08-18,recreational,0
P01747,31,M,Yerevan,150995,sports_football,2022-01-18,recreational,0
P01748,33,M,Yerevan,201015,keno_lottery,2022-11-30,regular,0
P01749,28,M,Yerevan,335167,sports_football,2023-11-05,recreational,0
P01750,40,M,Gyumri,121083,poker,2022-05-12,recreational,0
P01751,43,F,Yerevan,262727,sports_other,2024-03-08,at_risk,1
P01752,32,M,Yerevan,159680,crash_aviator,2022-11-25,recreational,0
P01753,53,M,Yerevan,346604,keno_lottery,2023-03-08,regular,0
P01754,41,M,Gyumri,163404,sports_other,2022-06-09,recreational,0
P01755,23,M,Yerevan,93174,casino_live,2022-02-02,recreational,0
P01756,35,M,Yerevan,321821,sports_football,2023-11-16,recreational,0
P01757,52,M,Yerevan,147048,crash_aviator,2024-08-23,recreational,0
P01758,30,M,Gyumri,494192,crash_aviator,2024-06-18,recreational,0
P01759,25,M,Yerevan,336024,sports_football,2022-10-07,regular,0
P01760,50,F,Lori_region,339190,sports_football,2023-11-12,recreational,0
P01761,37,M,Yerevan,246753,sports_other,2024-07-07,recreational,0
P01762,39,M,Yerevan,347403,sports_football,2022-07-18,recreational,0
P01763,25,M,Yerevan,239398,crash_aviator,2023-01-12,recreational,0
P01764,41,M,Yerevan,202460,sports_football,2024-07-15,recreational,0
P01765,32,F,Yerevan,539547,keno_lottery,2022-11-04,regular,0
P01766,35,M,Yerevan,623871,table_games,2023-01-23,recreational,0
P01767,54,M,Ararat_region,329454,poker,2022-01-19,problem,1
P01768,32,M,Yerevan,267848,casino_slots,2022-01-16,recreational,0
P01769,39,M,Yerevan,179529,sports_football,2022-01-29,recreational,0
P01770,39,F,Yerevan,231826,crash_aviator,2022-04-24,recreational,0
P01771,48,M,Yerevan,183835,casino_live,2022-08-11,recreational,0
P01772,28,M,Yerevan,61196,table_games,2022-12-19,recreational,0
P01773,34,F,Yerevan,162856,sports_basketball,2023-05-02,recreational,0
P01774,25,F,Yerevan,510057,sports_football,2022-08-11,regular,0
P01775,33,F,Yerevan,122775,table_games,2022-02-08,recreational,0
P01776,36,M,Armavir_region,285268,crash_aviator,2024-07-31,recreational,0
P01777,39,M,Yerevan,197307,sports_football,2024-07-10,recreational,0
P01778,34,M,Armavir_region,163565,casino_live,2023-06-20,recreational,0
P01779,36,M,Yerevan,659844,sports_football,2024-01-25,at_risk,1
P01780,46,M,Kapan,253021,casino_slots,2023-05-16,recreational,0
P01781,31,M,Yerevan,222123,sports_basketball,2024-01-06,recreational,0
P01782,26,M,Yerevan,299139,sports_basketball,2022-08-22,recreational,0
P01783,30,M,Vanadzor,199239,sports_football,2022-04-21,recreational,0
P01784,38,M,Yerevan,110683,sports_football,2024-02-06,at_risk,1
P01785,30,M,Yerevan,148993,sports_other,2022-09-02,recreational,0
P01786,36,M,Vanadzor,94836,sports_football,2024-08-11,regular,0
P01787,33,M,Yerevan,250045,sports_other,2022-08-07,recreational,0
P01788,47,M,Yerevan,281760,casino_slots,2022-11-20,recreational,0
P01789,36,M,Yerevan,288244,casino_live,2022-11-07,recreational,0
P01790,42,M,Yerevan,229868,casino_slots,2023-06-27,recreational,0
P01791,50,M,Other,292048,sports_football,2024-08-11,recreational,0
P01792,28,M,Yerevan,81831,sports_football,2022-06-19,recreational,0
P01793,35,M,Yerevan,324614,crash_aviator,2024-08-08,at_risk,1
P01794,38,M,Yerevan,119802,poker,2023-07-09,regular,0
P01795,37,F,Armavir_region,150474,table_games,2024-05-31,recreational,0
P01796,38,M,Gyumri,403866,keno_lottery,2022-06-15,recreational,0
P01797,26,M,Yerevan,539548,casino_slots,2023-04-01,regular,0
P01798,31,M,Lori_region,250661,poker,2023-06-11,recreational,0
P01799,42,M,Yerevan,164374,sports_other,2023-12-31,recreational,0
P01800,28,M,Ararat_region,154259,crash_aviator,2022-08-22,regular,0
P01801,44,M,Yerevan,197645,keno_lottery,2024-04-23,recreational,0
P01802,43,F,Yerevan,313655,crash_aviator,2022-10-27,recreational,0
P01803,33,M,Yerevan,220940,sports_basketball,2022-02-04,recreational,0
P01804,37,M,Other,81460,sports_basketball,2024-02-23,recreational,0
P01805,34,F,Armavir_region,189666,sports_football,2022-12-03,recreational,0
P01806,38,M,Yerevan,88836,sports_basketball,2024-01-08,regular,0
P01807,27,M,Yerevan,866117,crash_aviator,2022-03-18,problem,1
P01808,38,M,Yerevan,127288,casino_live,2022-04-20,recreational,0
P01809,45,M,Yerevan,134413,sports_football,2024-01-03,regular,0
P01810,38,M,Yerevan,620475,casino_live,2024-03-31,at_risk,1
P01811,35,F,Yerevan,238089,sports_basketball,2024-09-06,recreational,0
P01812,37,M,Yerevan,411831,casino_slots,2022-11-21,at_risk,1
P01813,36,M,Yerevan,3019335,sports_basketball,2022-03-29,problem,1
P01814,48,F,Armavir_region,409849,casino_slots,2024-07-01,regular,0
P01815,36,M,Yerevan,235049,casino_live,2022-07-17,problem,1
P01816,36,F,Yerevan,233355,casino_live,2022-09-20,recreational,0
P01817,44,M,Yerevan,156010,casino_live,2023-07-19,recreational,0
P01818,30,M,Yerevan,849514,sports_basketball,2024-04-09,at_risk,1
P01819,33,M,Yerevan,331417,casino_live,2023-01-07,regular,0
P01820,33,M,Gyumri,217657,sports_football,2023-03-11,recreational,0
P01821,50,M,Yerevan,87512,sports_other,2022-07-22,recreational,0
P01822,38,F,Yerevan,185607,casino_slots,2023-04-12,recreational,0
P01823,34,F,Ararat_region,270705,casino_live,2024-10-12,regular,0
P01824,32,F,Yerevan,107862,keno_lottery,2024-04-30,recreational,0
P01825,32,M,Yerevan,161129,sports_football,2023-10-24,recreational,0
P01826,28,M,Gyumri,223818,crash_aviator,2023-06-28,recreational,0
P01827,38,M,Yerevan,179609,sports_football,2023-11-26,recreational,0
P01828,36,M,Yerevan,130251,casino_slots,2022-05-11,at_risk,1
P01829,26,M,Vanadzor,157016,crash_aviator,2024-02-07,recreational,0
P01830,50,M,Armavir_region,142443,casino_live,2022-12-09,recreational,0
P01831,33,M,Yerevan,198287,crash_aviator,2023-11-14,recreational,0
P01832,43,M,Yerevan,294745,crash_aviator,2022-01-10,regular,0
P01833,33,M,Yerevan,146518,sports_football,2022-04-02,recreational,0
P01834,41,M,Yerevan,143685,table_games,2022-08-20,recreational,0
P01835,25,M,Yerevan,186153,keno_lottery,2022-09-10,recreational,0
P01836,42,F,Yerevan,498985,sports_other,2023-01-17,regular,0
P01837,44,M,Yerevan,330952,sports_football,2023-03-18,regular,0
P01838,31,M,Yerevan,657623,sports_football,2023-04-13,regular,0
P01839,29,M,Yerevan,317206,crash_aviator,2024-11-04,recreational,0
P01840,35,M,Yerevan,1615289,keno_lottery,2022-03-10,problem,1
P01841,38,M,Yerevan,636488,crash_aviator,2022-01-22,regular,0
P01842,33,F,Armavir_region,393245,sports_basketball,2023-05-21,recreational,0
P01843,24,M,Yerevan,148774,sports_football,2022-05-20,problem,1
P01844,32,M,Yerevan,550668,casino_slots,2023-10-01,at_risk,1
P01845,34,M,Armavir_region,581599,sports_basketball,2024-08-05,regular,0
P01846,36,M,Yerevan,648204,sports_football,2022-06-28,regular,0
P01847,39,F,Yerevan,122437,sports_football,2023-06-09,recreational,0
P01848,43,F,Yerevan,250047,sports_football,2022-03-07,recreational,0
P01849,54,M,Gyumri,186897,sports_football,2024-04-19,recreational,0
P01850,37,F,Yerevan,453270,casino_live,2023-07-11,recreational,0
P01851,44,M,Vanadzor,89955,sports_basketball,2022-12-23,recreational,0
P01852,29,M,Yerevan,122525,sports_other,2024-07-09,recreational,0
P01853,27,F,Yerevan,98543,casino_slots,2022-01-06,at_risk,1
P01854,48,M,Yerevan,193498,keno_lottery,2023-02-24,recreational,0
P01855,30,F,Lori_region,1089086,casino_live,2024-06-02,regular,0
P01856,42,M,Yerevan,176053,casino_slots,2022-10-05,recreational,0
P01857,23,M,Yerevan,189327,casino_live,2022-05-12,recreational,0
P01858,48,M,Yerevan,237004,casino_live,2023-11-01,recreational,0
P01859,25,F,Yerevan,169832,casino_live,2023-02-22,recreational,0
P01860,46,M,Yerevan,216149,sports_other,2022-09-28,recreational,0
P01861,36,F,Yerevan,218998,casino_slots,2024-07-01,recreational,0
P01862,43,M,Yerevan,117940,sports_other,2023-05-17,recreational,0
P01863,37,M,Other,171732,sports_basketball,2023-04-17,recreational,0
P01864,39,M,Yerevan,260844,sports_football,2024-01-17,recreational,0
P01865,32,M,Other,286359,sports_basketball,2024-01-18,recreational,0
P01866,42,M,Yerevan,344539,sports_other,2023-02-01,recreational,0
P01867,53,M,Yerevan,212869,casino_slots,2022-09-24,recreational,0
P01868,43,M,Armavir_region,215046,sports_other,2023-10-15,recreational,0
P01869,31,M,Ararat_region,439176,sports_football,2024-06-29,regular,0
P01870,43,M,Yerevan,133696,sports_basketball,2022-08-18,recreational,0
P01871,29,F,Yerevan,191200,sports_basketball,2024-06-01,regular,0
P01872,29,M,Ararat_region,259800,casino_live,2024-11-29,regular,0
P01873,35,F,Gyumri,95149,sports_basketball,2023-12-25,recreational,0
P01874,35,M,Yerevan,220612,sports_football,2022-07-15,recreational,0
P01875,37,F,Yerevan,304143,sports_football,2022-09-19,recreational,0
P01876,38,M,Yerevan,126208,sports_other,2024-01-11,recreational,0
P01877,45,M,Yerevan,223750,sports_football,2023-05-29,recreational,0
P01878,37,M,Yerevan,131419,sports_other,2022-02-14,recreational,0
P01879,45,M,Yerevan,168231,casino_slots,2022-10-29,problem,1
P01880,53,M,Yerevan,503074,keno_lottery,2022-09-16,recreational,0
P01881,45,M,Yerevan,109054,casino_slots,2024-08-31,recreational,0
P01882,40,F,Yerevan,142938,sports_football,2024-03-21,at_risk,1
P01883,36,M,Yerevan,200400,sports_basketball,2024-08-14,recreational,0
P01884,50,M,Yerevan,205864,crash_aviator,2022-01-25,recreational,0
P01885,36,F,Yerevan,251281,sports_football,2023-12-04,recreational,0
P01886,41,M,Ararat_region,489591,keno_lottery,2023-06-19,recreational,0
P01887,46,M,Yerevan,208687,casino_slots,2023-04-25,problem,1
P01888,33,F,Yerevan,134793,sports_football,2023-05-26,recreational,0
P01889,25,M,Yerevan,402365,sports_football,2024-10-08,recreational,0
P01890,37,F,Yerevan,287873,poker,2022-04-09,recreational,0
P01891,41,F,Yerevan,268539,table_games,2023-10-24,recreational,0
P01892,36,M,Yerevan,134024,crash_aviator,2022-03-30,recreational,0
P01893,57,M,Yerevan,316050,sports_basketball,2022-09-10,recreational,0
P01894,38,M,Yerevan,268956,casino_live,2022-11-21,recreational,0
P01895,44,F,Yerevan,197893,sports_football,2022-11-15,recreational,0
P01896,41,F,Yerevan,197124,sports_basketball,2022-01-25,regular,0
P01897,26,M,Yerevan,377141,casino_live,2024-01-14,at_risk,1
P01898,26,M,Yerevan,752862,keno_lottery,2023-12-18,regular,0
P01899,51,M,Yerevan,104165,sports_other,2022-12-19,recreational,0
P01900,39,M,Gyumri,173280,sports_other,2024-03-30,regular,0
P01901,36,F,Yerevan,192118,sports_football,2022-07-30,regular,0
P01902,36,M,Yerevan,146576,sports_basketball,2024-11-01,recreational,0
P01903,33,M,Yerevan,178589,sports_football,2022-04-22,recreational,0
P01904,49,F,Yerevan,290686,crash_aviator,2023-11-30,recreational,0
P01905,47,M,Yerevan,636209,sports_football,2024-11-28,problem,1
P01906,33,M,Yerevan,365228,casino_live,2023-03-02,at_risk,1
P01907,40,M,Yerevan,330625,sports_football,2024-02-13,regular,0
P01908,49,M,Yerevan,245907,sports_other,2024-01-12,recreational,0
P01909,38,M,Yerevan,107850,sports_football,2023-07-09,at_risk,1
P01910,28,M,Yerevan,307584,sports_basketball,2023-03-26,recreational,0
P01911,39,M,Lori_region,119075,casino_slots,2024-07-10,recreational,0
P01912,32,M,Other,144200,casino_slots,2024-10-12,recreational,0
P01913,50,M,Vanadzor,343453,keno_lottery,2023-07-30,regular,0
P01914,50,M,Yerevan,267614,sports_basketball,2023-11-21,regular,0
P01915,45,F,Yerevan,229619,casino_slots,2023-03-24,recreational,0
P01916,39,M,Yerevan,193228,poker,2022-09-28,recreational,0
P01917,35,M,Ararat_region,155756,sports_football,2023-02-17,recreational,0
P01918,55,F,Yerevan,386579,crash_aviator,2024-08-13,recreational,0
P01919,25,M,Yerevan,574545,keno_lottery,2022-01-06,at_risk,1
P01920,32,M,Yerevan,209352,crash_aviator,2022-11-02,recreational,0
P01921,37,F,Vanadzor,254479,casino_slots,2024-10-11,recreational,0
P01922,42,M,Ararat_region,126506,casino_live,2022-09-12,recreational,0
P01923,36,M,Yerevan,1032412,sports_other,2022-05-10,regular,0
P01924,40,M,Yerevan,145796,casino_slots,2023-04-07,regular,0
P01925,26,M,Gyumri,190479,table_games,2022-06-30,recreational,0
P01926,37,M,Vanadzor,155982,sports_football,2022-05-04,recreational,0
P01927,55,M,Gyumri,278897,crash_aviator,2022-02-10,at_risk,1
P01928,54,M,Yerevan,143427,casino_slots,2022-02-20,recreational,0
P01929,40,F,Yerevan,122376,sports_football,2024-05-10,recreational,0
P01930,29,M,Kapan,326075,casino_slots,2024-10-27,recreational,0
P01931,33,M,Yerevan,142028,crash_aviator,2023-01-08,problem,1
P01932,30,M,Yerevan,505187,casino_slots,2022-12-10,regular,0
P01933,38,F,Yerevan,248943,crash_aviator,2023-04-07,recreational,0
P01934,32,M,Yerevan,148786,sports_basketball,2024-03-25,recreational,0
P01935,27,M,Gyumri,234924,keno_lottery,2022-02-26,recreational,0
P01936,38,M,Yerevan,166336,casino_slots,2023-09-25,recreational,0
P01937,53,M,Yerevan,103799,crash_aviator,2022-10-05,recreational,0
P01938,28,M,Yerevan,104349,sports_football,2023-02-08,recreational,0
P01939,46,F,Ararat_region,249804,sports_other,2022-04-24,recreational,0
P01940,39,M,Vanadzor,243409,poker,2022-11-05,recreational,0
P01941,52,M,Yerevan,203154,sports_football,2023-01-27,recreational,0
P01942,27,M,Yerevan,147998,sports_basketball,2022-06-22,recreational,0
P01943,36,M,Yerevan,249768,crash_aviator,2024-10-06,regular,0
P01944,48,M,Kapan,152961,casino_live,2022-11-12,recreational,0
P01945,44,F,Yerevan,98162,crash_aviator,2023-03-19,regular,0
P01946,40,M,Yerevan,365333,casino_live,2022-08-28,at_risk,1
P01947,33,M,Other,672138,keno_lottery,2024-04-08,problem,1
P01948,54,M,Yerevan,186189,sports_other,2023-03-05,recreational,0
P01949,41,M,Yerevan,435952,casino_slots,2024-02-04,recreational,0
P01950,46,M,Yerevan,108927,crash_aviator,2024-07-31,recreational,0
P01951,49,M,Yerevan,129335,casino_live,2023-03-31,recreational,0
P01952,41,M,Yerevan,192379,sports_football,2024-11-10,recreational,0
P01953,49,F,Yerevan,203332,sports_basketball,2024-08-25,recreational,0
P01954,37,F,Yerevan,69571,casino_slots,2023-05-18,recreational,0
P01955,49,F,Other,401982,casino_live,2022-04-21,regular,0
P01956,25,F,Yerevan,203795,casino_slots,2022-11-01,recreational,0
P01957,53,M,Yerevan,79389,crash_aviator,2024-11-16,at_risk,1
P01958,27,M,Yerevan,261064,crash_aviator,2024-08-09,regular,0
P01959,36,M,Kapan,120143,sports_football,2023-08-31,recreational,0
P01960,58,F,Yerevan,143494,casino_slots,2023-09-02,recreational,0
P01961,30,M,Yerevan,92195,casino_slots,2024-10-21,recreational,0
P01962,52,M,Lori_region,468373,sports_football,2024-03-05,at_risk,1
P01963,34,M,Yerevan,805816,sports_other,2024-07-20,regular,0
P01964,30,M,Yerevan,328259,casino_slots,2023-04-09,regular,0
P01965,38,M,Ararat_region,61146,crash_aviator,2023-01-01,recreational,0
P01966,39,M,Yerevan,207629,sports_other,2023-10-14,recreational,0
P01967,38,M,Yerevan,305419,sports_football,2023-04-04,at_risk,1
P01968,31,F,Yerevan,161940,sports_other,2024-05-02,at_risk,1
P01969,45,M,Vanadzor,346182,crash_aviator,2022-06-10,regular,0
P01970,35,M,Armavir_region,279454,casino_slots,2024-11-28,recreational,0
P01971,33,M,Yerevan,128858,sports_football,2023-06-14,recreational,0
P01972,47,M,Yerevan,79130,keno_lottery,2023-12-26,recreational,0
P01973,52,M,Yerevan,65833,sports_football,2023-08-10,recreational,0
P01974,46,M,Yerevan,129039,sports_basketball,2023-06-02,recreational,0
P01975,32,M,Yerevan,255057,sports_other,2023-01-15,regular,0
P01976,46,M,Yerevan,243893,casino_live,2022-03-19,at_risk,1
P01977,30,M,Yerevan,127909,crash_aviator,2023-04-15,recreational,0
P01978,26,F,Yerevan,239106,sports_football,2024-04-04,recreational,0
P01979,27,M,Yerevan,226868,crash_aviator,2023-05-24,recreational,0
P01980,29,M,Yerevan,502647,casino_live,2023-06-06,problem,1
P01981,39,M,Yerevan,456999,poker,2022-05-27,regular,0
P01982,48,M,Yerevan,129645,poker,2023-04-09,recreational,0
P01983,31,F,Yerevan,104134,crash_aviator,2022-05-23,recreational,0
P01984,47,M,Yerevan,138627,sports_football,2023-01-11,recreational,0
P01985,24,M,Yerevan,133928,sports_football,2023-04-03,recreational,0
P01986,45,M,Yerevan,64542,keno_lottery,2023-12-19,recreational,0
P01987,32,F,Gyumri,137026,casino_slots,2024-03-05,recreational,0
P01988,33,M,Kapan,312743,casino_slots,2024-08-19,recreational,0
P01989,36,M,Gyumri,268643,keno_lottery,2023-04-29,recreational,0
P01990,39,M,Yerevan,234053,poker,2022-03-27,recreational,0
P01991,39,M,Armavir_region,303008,casino_live,2024-11-19,regular,0
P01992,29,M,Yerevan,371447,poker,2022-02-22,recreational,0
P01993,38,M,Yerevan,105940,sports_football,2022-06-01,recreational,0
P01994,30,M,Yerevan,176251,casino_live,2023-08-24,problem,1
P01995,26,M,Yerevan,315799,keno_lottery,2024-01-03,recreational,0
P01996,38,M,Yerevan,182502,sports_football,2023-03-25,recreational,0
P01997,37,M,Yerevan,128685,sports_football,2022-06-05,recreational,0
P01998,25,M,Vanadzor,389921,crash_aviator,2024-11-02,regular,0
P01999,30,M,Yerevan,144564,casino_slots,2023-08-12,recreational,0
P02000,25,M,Yerevan,118415,sports_football,2024-10-13,recreational,0
